shoulder_cm,arm_cm,height_cm,weight_kg,size_label,shoulder_cm_raw,chest_cm_raw,arm_cm_raw,height_cm_raw,weight_kg_raw
-0.7955911329846006,-0.30885444402883316,0.3420142535647217,-0.25601048529891,L,40.1,107.4,88.3,177.6,81.5
-1.190844920650539,-0.7129592203902617,-0.8108361922273742,-0.9378192790629092,M,39.4,102.1,86.8,170.2,72.6
0.6724943640603082,0.41853415342173905,-0.2967272096444112,0.6173176325561,XL,42.7,112.0,91.0,173.5,92.9
-0.7955911329846006,-1.2517655888721666,-1.5430520159061356,-0.4168867175353587,L,40.1,111.4,84.8,165.5,79.4
1.1242129785356627,2.7084612194698345,2.491924544366198,0.7475507729379864,L,43.5,104.8,99.5,191.4,94.6
-0.6261966525563436,-0.03945125978788078,-0.5304131108184845,-0.35560053382623547,L,40.4,106.6,89.3,172.0,80.2
2.1405798611052127,1.765550074626501,0.8717022962259554,2.402277733084321,XXL,45.3,120.8,96.0,181.0,116.2
0.5595647104414675,0.9034598850554526,1.4948646993568178,0.8088369566471109,L,42.5,108.7,92.8,185.0,95.4
-0.005083557652727914,0.5262954271181215,0.35759331364299235,1.1229286481563683,XL,41.5,118.1,91.4,177.7,99.5
-0.5132669989375029,0.4454744718458328,0.8872813563042261,-1.121677830190279,M,40.6,96.4,91.1,181.1,70.2
-0.17447803808098492,0.5532357455422152,0.4043304938778088,0.2572613032649993,L,41.2,111.7,91.5,178.0,88.2
-0.40033734531866627,-0.9284817677830229,-0.32788532980095253,-1.12933860315392,M,40.8,96.1,86.0,173.3,70.1
2.1405798611052127,1.5500275272337398,0.9340185365390425,1.4446811126292667,XL,45.3,115.1,95.2,181.4,103.7
-0.061548384462148255,-0.5243769914215943,-0.7017827716794708,0.36451212475596473,L,41.4,106.0,87.5,170.9,89.6
-0.1180132112715686,1.6308484825060248,-0.2188319092530534,0.5790137677378978,L,41.3,109.2,95.5,174.0,92.4
-0.9649856134128616,-0.41661571772521183,-0.9354686728535441,-0.5317983119899652,L,39.8,108.5,87.9,169.4,77.9
-1.699028361935314,-0.17415285190835697,0.18622365278200614,0.9237485511017173,L,38.5,111.8,88.8,176.6,96.9
-1.190844920650539,-1.0362430414794055,-0.0941994286268792,-0.677352998299134,M,39.4,99.9,85.6,174.8,76.0
-0.9085207866034413,0.41853415342173905,0.6224373349736114,0.4564414003196502,XL,39.9,112.7,91.0,179.4,90.8
0.2772405763943698,0.6340567008145002,0.4043304938778088,-1.0297485546265934,M,42.0,100.0,91.8,178.0,71.4
-1.1343800938411186,-2.3563186442600697,-1.1535755139493467,-0.7846038197901004,M,39.5,97.7,80.7,168.0,74.6
-0.9649856134128616,-1.655870365233595,-1.574210136062677,-0.4322082634626398,L,39.8,107.9,83.3,165.3,79.2
-0.2874076916998256,0.20301160602897791,0.014853991921019917,0.8931054592471551,L,41.0,109.8,90.2,175.5,96.5
-2.2636766300295093,-2.3563186442600697,-1.9325285178629246,-1.3285187002085708,S,37.5,95.7,80.7,163.0,67.5
1.5194667662016013,1.2267437061445963,1.1053881974000288,1.7204689393203219,XL,44.2,115.8,94.0,182.5,107.3
-1.1343800938411186,-0.5243769914215943,0.6380163950518821,-0.4245474904989998,M,39.5,96.4,87.5,179.5,79.3
-0.6826614793657639,-0.7129592203902617,-0.14093660886169565,-0.5088159930990441,M,40.3,97.1,86.8,174.5,78.2
-0.8520559597940209,-1.1440043151757842,0.9963347768521297,0.2572613032649993,L,40.0,105.7,85.2,181.8,88.2
-0.061548384462148255,0.7148776560867851,1.977815561783235,-1.0220877816629534,S,41.4,95.7,92.1,188.1,71.5
-0.8520559597940209,0.39159383499764533,0.09274929231237769,0.7552115459016275,L,40.0,110.8,90.9,176.0,94.7
-0.9649856134128616,-1.521168773113119,-1.2314708143407045,-1.4051264298449753,S,39.8,94.7,83.8,167.5,66.5
0.7289591908697245,2.3851773983806908,1.5260228195133634,0.2342789843740782,L,42.8,104.3,98.3,185.20000000000002,87.9
0.6724943640603082,-0.9284817677830229,0.48222579426916656,-1.3285187002085708,M,42.7,96.5,86.0,178.5,67.5
-0.2874076916998256,0.2838325613012629,0.575700154738795,0.2725828491922804,XL,41.0,117.4,90.5,179.1,88.4
1.8582557270581153,1.765550074626501,1.4948646993568178,2.831281019048185,XL,44.8,118.2,96.0,185.0,121.8
-1.1343800938411186,-0.6321382651179768,-0.26556908948786545,-0.9914446898083913,M,39.5,98.1,87.1,173.70000000000002,71.9
0.39017023001321044,-0.3357947624529269,-0.17209472901823697,0.2496005303013582,L,42.2,108.6,88.2,174.3,88.1
-1.6425635351258936,-1.6828106836576888,-0.1565156689399663,-2.094595996572614,XS,38.6,86.5,83.2,174.4,57.5
0.2772405763943698,-0.6051979466938793,-1.1691545740276175,0.21129666548315604,XXL,42.0,120.5,87.2,167.9,87.6
-0.1180132112715686,-0.6321382651179768,1.276757858261015,0.012116568428505179,M,41.3,101.3,87.1,183.6,85.0
0.7289591908697245,-0.4435560361493094,-0.37462251003576896,0.1270281628831117,XL,42.8,115.2,87.8,173.0,86.5
-0.2874076916998256,-0.766839857238453,0.12390741246891904,0.8394800485016719,L,41.0,109.6,86.6,176.2,95.8
-0.6261966525563436,-1.73669132050588,-1.324945174810333,-1.3898048839176942,S,40.4,95.7,83.0,166.9,66.7
-1.529633881507057,-0.41661571772521183,-0.2188319092530534,-1.0910347383357177,M,38.8,98.5,87.9,174.0,70.6
-0.4568021721280826,-1.3595268625685453,-0.7017827716794708,-0.010865750462415908,L,40.7,106.3,84.4,170.9,84.7
-1.360239401078796,0.20301160602897791,1.9466574416266937,1.2608225615018958,XL,39.1,113.7,90.2,187.9,101.3
-1.2473097474599593,-1.8713929126263562,-1.247049874418975,0.05808120621034735,L,39.3,110.6,82.5,167.4,85.6
0.05138126915669242,-0.17415285190835697,0.3887514337995337,1.8890059445204117,XL,41.6,116.6,88.8,177.89999999999998,109.5
0.22077574958494942,1.0651017956000264,1.4013903388871893,-0.11045579898974134,L,41.9,108.1,93.4,184.4,83.4
-2.037817322791832,-2.248557370563691,-1.8234750973150253,-0.9301585060992681,M,37.9,100.6,81.1,163.7,72.7
-0.9085207866034413,0.09525033233259542,-0.0007250681572507532,1.0539816914836038,XL,39.9,115.3,89.8,175.4,98.6
-0.5132669989375029,-1.224825270448069,-0.7796780720708285,-0.5777629497718085,M,40.6,103.7,84.9,170.4,77.3
-1.190844920650539,0.7956986113590739,0.45106767411262083,-1.336179473172211,S,39.4,90.1,92.4,178.29999999999998,67.4
-0.6826614793657639,-0.2010931703324507,-0.0941994286268792,0.2725828491922804,L,40.3,107.1,88.7,174.8,88.4
1.4065371125827604,0.5532357455422152,-0.7952571321490992,1.0693032374108848,XXL,44.0,126.3,91.5,170.3,98.8
1.9147205538675356,2.1157742141397384,1.5260228195133634,0.7935154107198297,XL,44.9,114.6,97.3,185.20000000000002,95.2
-1.9813524959824116,-1.6019897283854039,-2.2596887795066265,-2.1635429532453783,XS,38.0,85.8,83.5,160.9,56.6
-0.2874076916998256,-0.7129592203902617,-0.7017827716794708,-1.0067662357356724,L,41.0,104.4,86.8,170.9,71.7
-1.021450440222278,0.7418179745108827,1.2611787981827443,-1.0067662357356724,S,39.7,90.4,92.2,183.5,71.7
-0.8520559597940209,-0.7129592203902617,-1.1691545740276175,-0.35560053382623547,M,40.0,103.3,86.8,167.9,80.2
-0.40033734531866627,-0.06639157821197449,-0.18767378909651208,1.0693032374108848,XL,40.8,116.0,89.2,174.2,98.8
-2.37660628364835,-2.383258962684167,-0.8731524325404614,-1.4281087487358963,M,37.3,97.1,80.6,169.79999999999998,66.2
-1.9248876691729913,-0.2010931703324507,-1.2937870546537915,-0.31729666900803327,L,38.1,105.0,88.7,167.1,80.7
1.801790900248699,1.2267437061445963,1.4948646993568178,1.567253480047513,XXL,44.7,121.3,94.0,185.0,105.3
0.22077574958494942,-0.3896753993011181,-0.0007250681572507532,-1.2672325164994476,S,41.9,94.4,88.0,175.4,68.3
-1.1343800938411186,-2.383258962684167,-2.103898178723911,-0.7616215008991782,M,39.5,98.9,80.6,161.9,74.9
-0.005083557652727914,-0.2010931703324507,0.27969801325163457,-0.8458900034992237,M,41.5,97.5,88.7,177.2,73.8
-2.4330711104577665,-0.25497380718064194,-0.7640990119925578,-1.8724335806270418,S,37.2,93.9,88.5,170.5,60.4
-1.0779152670316983,-1.3864671809926428,-2.103898178723911,-0.5701021768081674,L,39.6,109.1,84.3,161.9,77.4
0.3337054032037901,-0.36273508087702444,-0.4369387503488561,-0.6160668145900107,M,42.1,98.3,88.1,172.6,76.8
-0.23094286489040525,0.6340567008145002,1.339074098574102,1.32976951817466,XL,41.1,112.9,91.8,184.0,102.2
1.0677481517262424,-0.6051979466938793,-0.17209472901823697,0.877783913319874,XXL,43.4,120.5,87.2,174.3,96.3
-0.8520559597940209,-0.551317309845688,-1.247049874418975,0.5713529947742567,XL,40.0,112.3,87.4,167.4,92.3
1.35007228577334,-0.06639157821197449,-0.06304130847033786,1.0693032374108848,XL,43.9,112.9,89.2,175.0,98.8
1.801790900248699,1.172863069296405,1.0119138369304004,0.2955651680832015,L,44.7,104.8,93.8,181.9,88.7
0.8983536712979855,0.7956986113590739,0.7003326353649693,1.0616424644472449,L,43.1,106.3,92.4,179.9,98.7
-0.5697318257469233,0.09525033233259542,-0.06304130847033786,0.027438114355786265,L,40.5,109.8,89.8,175.0,85.2
0.4466350568226268,0.06831001390850171,-0.4836759305836681,-0.7692822738628193,M,42.3,97.2,89.7,172.3,74.8
-1.1343800938411186,-0.2819141256047356,0.8561232361476848,0.5483706758833355,XL,39.5,112.7,88.4,180.9,92.0
-0.5697318257469233,-0.9554220862071167,0.575700154738795,-0.7999253657173805,M,40.5,96.3,85.9,179.1,74.4
0.5595647104414675,-0.14721253348425944,-0.4836759305836681,-0.19472430158978676,L,42.5,109.8,88.9,172.3,82.3
-0.6261966525563436,0.14913096918078667,-0.5615712309750258,-0.5394590849536063,M,40.4,102.4,90.0,171.8,77.8
-0.4568021721280826,-0.2819141256047356,0.7003326353649693,0.2572613032649993,L,40.7,104.3,88.4,179.9,88.2
0.22077574958494942,-0.9284817677830229,-0.2188319092530534,-1.9796844021180078,S,41.9,90.2,86.0,174.0,59.0
-0.8520559597940209,-2.0060945047468324,-0.8108361922273742,-0.9071761872083469,M,40.0,100.8,82.0,170.2,73.0
0.7854240176791448,-0.5782576282697856,-0.26556908948786545,0.1193673899194717,M,42.9,102.7,87.3,173.70000000000002,86.4
-0.7391263061751803,-0.6590785835420705,-0.37462251003576896,0.1346889358467517,L,40.2,104.4,87.0,173.0,86.6
-1.1343800938411186,-0.7398995388143554,0.48222579426916656,-0.8535507764628637,S,39.5,91.7,86.7,178.5,73.7
-0.005083557652727914,0.4724147902699303,0.9807557167738545,-1.4893949324450195,S,41.5,91.7,91.2,181.7,65.4
1.1242129785356627,0.9034598850554526,1.3858112788089185,-1.1676424679721222,S,43.5,92.4,92.8,184.3,69.6
0.7289591908697245,0.2299519244530716,0.575700154738795,-0.5624414038445275,M,42.8,99.4,90.3,179.1,77.5
-0.6826614793657639,-1.1978849520239754,-1.5118938957495942,-0.9301585060992681,M,40.3,100.1,85.0,165.7,72.7
-2.715395244504864,-0.6860189019661642,-0.8264152523056449,-0.39390439864443766,L,36.7,106.9,86.9,170.1,79.7
1.35007228577334,-0.3357947624529269,0.49780485434743726,-0.7999253657173805,M,43.9,99.5,88.2,178.6,74.4
0.3337054032037901,-0.5243769914215943,0.014853991921019917,0.9160877781380763,L,42.1,110.4,87.5,175.5,96.8
-0.34387251850924594,0.6071163823904066,0.575700154738795,0.1346889358467517,L,40.9,104.5,91.7,179.1,86.6
-0.5697318257469233,0.014429377060310465,0.07717023223410259,-0.8152469116446616,M,40.5,101.5,89.5,175.89999999999998,74.2
0.10784609596611276,0.6879373376626915,0.5601210946605244,0.5483706758833355,L,41.7,110.9,92.0,179.0,92.0
-0.7391263061751803,-1.4672881362649277,0.43548861403435013,-0.26367125826255006,M,40.2,99.1,84.0,178.2,81.4
-0.4568021721280826,1.3883856166891662,1.9622365017049643,0.8088369566471109,XL,40.7,117.6,94.6,188.0,95.4
-0.17447803808098492,0.41853415342173905,-0.24999002940959475,0.035098887319426265,L,41.2,108.5,91.0,173.8,85.3
0.7289591908697245,0.41853415342173905,-0.3123062697226819,0.3951552166105269,L,42.8,108.5,91.0,173.4,90.0
0.8983536712979855,1.4153259351132637,1.0119138369304004,-0.10279502602610134,M,43.1,102.1,94.7,181.9,83.5
-0.7391263061751803,-1.73669132050588,-1.1068383337145302,0.019777341392145178,L,40.2,109.6,83.0,168.3,85.1
-0.9085207866034413,0.06831001390850171,0.9495975966173132,0.3721728977196058,L,39.9,106.3,89.7,181.5,89.7
-0.1180132112715686,-0.8746011309348317,0.9495975966173132,0.18065357362859497,M,41.3,103.0,86.2,181.5,87.2
-0.17447803808098492,-0.3896753993011181,-1.262628934497246,-0.20238507455342677,L,41.2,110.6,88.0,167.3,82.2
1.0677481517262424,1.09204211402412,1.1988625578696572,2.019239084902299,XL,43.4,116.3,93.5,183.1,111.2
-0.17447803808098492,-0.847660812510738,0.6380163950518821,1.0616424644472449,L,41.2,108.9,86.3,179.5,98.7
0.5595647104414675,0.41853415342173905,1.41696939896546,1.965613674156816,XL,42.5,114.9,91.0,184.5,110.5
-2.037817322791832,-0.7398995388143554,-1.0445220934014432,-0.5088159930990441,L,37.9,104.1,86.7,168.70000000000002,78.2
-1.699028361935314,-0.4435560361493094,0.030433051999290587,0.15767125473767388,L,38.5,105.6,87.8,175.6,86.9
0.05138126915669242,-0.9284817677830229,-1.5118938957495942,-0.4551905823535609,M,41.6,102.5,86.0,165.7,78.9
-1.1343800938411186,-1.73669132050588,-1.9013703977063832,-1.2136071057539644,M,39.5,100.0,83.0,163.2,69.0
0.2772405763943698,0.09525033233259542,-0.2967272096444112,-0.4322082634626398,M,42.0,102.6,89.8,173.5,79.2
-1.4731690546976366,-0.4974366729975006,-0.4369387503488561,-1.1446601490812,M,38.9,98.9,87.6,172.6,69.9
1.2936074589639197,1.4961468903855486,1.915499321470148,2.785316381266343,XXL,43.8,125.1,95.0,187.7,121.2
0.6724943640603082,0.9842808403277375,2.0712899222528636,0.22661821141043711,M,42.7,103.0,93.1,188.7,87.8
-1.699028361935314,-0.17415285190835697,0.17064459270373547,-1.0910347383357177,M,38.5,97.0,88.8,176.5,70.6
0.6160295372508878,1.3614452982650724,0.6068582748953364,-0.20238507455342677,M,42.6,103.5,94.5,179.29999999999998,82.2
1.1242129785356627,0.9842808403277375,1.479285639278547,1.099946329265447,L,43.5,107.6,93.1,184.9,99.2
-0.005083557652727914,0.6879373376626915,0.8872813563042261,-0.677352998299134,M,41.5,103.8,92.0,181.1,76.0
0.10784609596611276,-0.6860189019661642,-0.23441096933132408,1.0693032374108848,L,41.7,111.3,86.9,173.9,98.8
-2.0942821496012525,-1.2517655888721666,-1.3405242348886082,-0.685013771262774,M,37.8,101.1,84.8,166.79999999999998,75.9
-0.1180132112715686,0.6609970192385978,0.528962974503983,0.3798336706832458,M,41.3,102.4,91.9,178.8,89.8
0.7289591908697245,0.6879373376626915,-0.12535754878342498,-0.5088159930990441,M,42.8,99.7,92.0,174.6,78.2
-0.6261966525563436,-1.0901236783275927,-0.06304130847033786,-0.1334381178806635,L,40.4,105.7,85.4,175.0,83.1
1.4065371125827604,0.9304002034795501,0.8717022962259554,1.1305894211200083,L,44.0,108.2,92.9,181.0,99.6
-2.6024655908860272,-2.1677364152914023,-0.6862037116012001,-0.8152469116446616,M,36.9,100.2,81.4,171.0,74.2
1.2936074589639197,1.09204211402412,1.4481275191220013,0.9160877781380763,XL,43.8,113.2,93.5,184.7,96.8
-0.5697318257469233,0.041369695484404174,0.8872813563042261,0.5177275840287734,XL,40.5,112.3,89.6,181.1,91.6
1.971185380676956,1.4422662535373574,0.4043304938778088,1.774094350065805,XL,45.0,117.5,94.8,178.0,108.0
0.7289591908697245,-1.1978849520239754,-0.2188319092530534,-0.462851355317202,M,42.8,102.1,85.0,174.0,78.8
0.2772405763943698,-0.012510941363783242,0.6691745152084235,0.7705330918289086,L,42.0,111.5,89.4,179.7,94.9
1.1242129785356627,0.36465351657354783,0.014853991921019917,0.44111985439236906,L,43.5,111.2,90.8,175.5,90.6
0.6724943640603082,1.9541323035951685,1.370232218730648,1.6898258474657608,XL,42.7,116.5,96.7,184.20000000000002,106.9
-0.7955911329846006,-1.0093027230553078,-1.527472955827865,0.19597511955587604,L,40.1,105.6,85.7,165.6,87.4
0.10784609596611276,0.014429377060310465,0.3420142535647217,0.2342789843740782,L,41.7,104.8,89.5,177.6,87.9
0.39017023001321044,0.5262954271181215,1.6350762400612626,2.3409915493751976,XL,42.2,113.7,91.4,185.9,115.4
0.16431092277552908,-1.0362430414794055,-1.075680213557989,-0.4475298093899209,L,41.8,104.1,85.6,168.5,79.0
1.35007228577334,-0.25497380718064194,0.326435193486451,0.2955651680832015,M,43.9,102.7,88.5,177.5,88.7
-0.061548384462148255,1.4422662535373574,1.1053881974000288,0.1346889358467517,M,41.4,102.1,94.8,182.5,86.6
1.971185380676956,1.9002516667469773,2.7567685656968126,-0.32495744197167437,M,45.0,100.1,96.5,193.1,80.6
2.5922984755805714,-0.012510941363783242,0.5445420345822537,0.9007662322107951,XL,46.1,112.6,89.4,178.9,96.6
1.6888612466298583,0.9842808403277375,1.0119138369304004,1.9196490363749739,XXL,44.5,122.5,93.1,181.9,109.9
1.6888612466298583,-0.17415285190835697,0.43548861403435013,-0.5930844956990896,L,44.5,107.0,88.8,178.2,77.1
0.05138126915669242,-1.0631833599034992,-0.5148340507402094,0.7858546377561886,L,41.6,110.2,85.5,172.10000000000002,95.1
2.1405798611052127,2.573759627349358,2.429608304053111,2.0652037226841413,XL,45.3,119.4,99.0,191.0,111.8
-0.005083557652727914,0.7148776560867851,0.778227935756327,0.35685135179232474,L,41.5,109.7,92.1,180.4,89.5
0.503099883632047,0.5532357455422152,0.43548861403435013,1.6208788907929965,XXL,42.4,120.8,91.5,178.2,106.0
1.4065371125827604,0.5801760639663089,0.35759331364299235,0.7858546377561886,L,44.0,111.6,91.6,177.7,95.1
-1.5860987083164733,-0.8746011309348317,-1.3872614151234202,-0.9761231438811113,M,38.7,99.5,86.2,166.5,72.1
-0.1180132112715686,0.6071163823904066,0.762648875678052,0.18065357362859497,L,41.3,109.2,91.7,180.29999999999998,87.2
2.2535095147240534,2.492938672077073,1.9466574416266937,0.9926955077744806,L,45.5,107.9,98.7,187.9,97.8
-0.40033734531866627,0.14913096918078667,-0.32788532980095253,0.9620524159199195,XL,40.8,117.9,90.0,173.3,97.4
0.5595647104414675,1.09204211402412,1.2611787981827443,0.8394800485016719,L,42.5,108.4,93.5,183.5,95.8
1.6888612466298583,-0.30885444402883316,0.5912792148170701,2.1035075875023437,XL,44.5,115.0,88.3,179.20000000000002,112.3
-0.17447803808098492,-1.1170639967516904,-0.5148340507402094,0.3951552166105269,L,41.2,109.8,85.3,172.10000000000002,90.0
0.2772405763943698,0.09525033233259542,-0.6706246515229294,0.7628723188652675,XL,42.0,114.2,89.8,171.1,94.8
0.503099883632047,0.014429377060310465,0.8561232361476848,0.7781938647925486,L,42.4,107.1,89.5,180.9,95.0
-1.0779152670316983,-1.3325865441444515,-1.4028404752016908,-0.8382292305355826,M,39.6,102.1,84.5,166.4,73.9
0.6724943640603082,0.6609970192385978,0.824965115991139,1.4370203396656256,XXL,42.7,124.1,91.9,180.7,103.6
-0.005083557652727914,-0.4974366729975006,-0.7640990119925578,-0.5471198579172464,M,41.5,102.7,87.6,170.5,77.7
0.8983536712979855,-0.3896753993011181,-0.37462251003576896,-0.06449116120789916,L,43.1,108.2,88.0,173.0,84.0
0.16431092277552908,-0.7937801756625467,0.31085613340818036,0.8854446862835151,XL,41.8,113.9,86.5,177.4,96.4
-0.8520559597940209,-1.4672881362649277,-0.4680968705053974,-1.0833739653720766,S,40.0,94.7,84.0,172.4,70.7
-0.7955911329846006,-0.9554220862071167,-0.7640990119925578,-1.098695511299358,S,40.1,94.8,85.9,170.5,70.5
-0.23094286489040525,0.9573405219036438,1.3079159784175607,0.019777341392145178,L,41.1,105.8,93.0,183.8,85.1
-0.8520559597940209,-1.224825270448069,-0.7485199519142872,0.1270281628831117,L,40.0,110.2,84.9,170.6,86.5
1.1242129785356627,1.3614452982650724,0.8561232361476848,0.9467308699926384,XL,43.5,117.9,94.5,180.9,97.2
-0.17447803808098492,-0.09333189663607203,0.29527707332990527,-0.20238507455342677,M,41.2,102.8,89.1,177.29999999999998,82.2
-0.40033734531866627,-1.3595268625685453,-0.3123062697226819,-0.04916961528061808,L,40.8,104.8,84.4,173.4,84.2
0.05138126915669242,-0.3357947624529269,-0.0941994286268792,-0.9608015979538302,M,41.6,96.9,88.2,174.8,72.3
-0.17447803808098492,-1.0901236783275927,-1.6053682562192226,0.36451212475596473,XL,41.2,112.5,85.4,165.1,89.6
-1.529633881507057,0.17607128760488036,-0.4680968705053974,-0.7156568631173361,L,38.8,104.9,90.1,172.4,75.5
0.8418888444885652,0.499355108694024,1.6506553001395332,-0.8918546412810658,S,43.0,95.7,91.3,186.0,73.2
-0.6261966525563436,-2.0060945047468324,-0.6083084112098422,-1.12933860315392,S,40.4,91.3,82.0,171.5,70.1
-0.40033734531866627,-0.06639157821197449,0.04601211207756126,-0.5011552201354041,M,40.8,99.5,89.2,175.7,78.3
1.0677481517262424,2.2774161246843123,2.5230826645227395,2.417599279011602,XXL,43.4,123.7,97.9,191.6,116.4
1.011283324916822,0.09525033233259542,1.4481275191220013,-0.3785828527171565,M,43.3,101.8,89.8,184.7,79.9
2.0841150342957966,1.1459227508723113,1.5727599997481754,0.4564414003196502,L,45.2,105.9,93.7,185.5,90.8
-0.7955911329846006,-1.0093027230553078,-0.5615712309750258,-1.3131971542812897,S,40.1,90.7,85.7,171.8,67.7
0.39017023001321044,-1.2787059072962603,-1.7611588570019383,0.07340275213762844,L,42.2,106.3,84.7,164.1,85.8
0.4466350568226268,0.6340567008145002,1.2300206780261986,0.027438114355786265,M,42.3,101.7,91.8,183.29999999999998,85.2
0.16431092277552908,0.499355108694024,0.4666467341908959,1.4140380207747045,XL,41.8,113.0,91.3,178.4,103.3
1.2936074589639197,0.6071163823904066,0.24853989309509325,1.4216987937383456,XL,43.8,115.6,91.7,177.0,103.4
-0.7391263061751803,-0.9823624046312142,-0.8108361922273742,-0.9454800520265492,M,40.2,97.8,85.8,170.2,72.5
0.6160295372508878,0.3377131981494541,0.71591169544324,-1.0527308735175156,M,42.6,96.3,90.7,180.0,71.1
-1.9248876691729913,-0.8207204940866404,-0.6083084112098422,-1.3055363813176497,M,38.1,96.5,86.4,171.5,67.8
1.2371426321545034,-0.551317309845688,1.370232218730648,-0.5088159930990441,S,43.7,95.6,87.4,184.20000000000002,78.2
0.3337054032037901,-0.5243769914215943,-0.6862037116012001,0.46410217328329123,L,42.1,108.0,87.5,171.0,90.9
1.0677481517262424,0.2299519244530716,-0.01630412823552585,-0.06449116120789916,L,43.4,107.8,90.3,175.29999999999998,84.0
1.5759315930110176,1.2267437061445963,2.8190848060099,1.8200589878476472,XL,44.3,115.8,94.0,193.5,108.6
-0.6826614793657639,-0.9554220862071167,-0.24999002940959475,-0.6926745442264151,M,40.3,101.3,85.9,173.8,75.8
0.503099883632047,0.014429377060310465,0.24853989309509325,-0.11811657195338243,M,42.4,103.7,89.5,177.0,83.3
1.2371426321545034,0.20301160602897791,-0.5304131108184845,0.16533202770131386,M,43.7,103.9,90.2,172.0,87.0
-1.2473097474599593,-1.2787059072962603,-1.262628934497246,-0.9224977331356281,M,39.3,98.5,84.7,167.3,72.8
2.4793688219617307,-1.224825270448069,-0.6083084112098422,1.9962567660113781,XXL,45.9,128.5,84.9,171.5,110.9
-0.5697318257469233,0.014429377060310465,1.0586510171652168,0.7398899999743465,L,40.5,108.2,89.5,182.20000000000002,94.5
1.35007228577334,1.0651017956000264,2.4763454842879273,2.2414015008478714,XL,43.9,115.7,93.4,191.3,114.1
-0.061548384462148255,-0.7398995388143554,0.030433051999290587,0.44878062735601015,L,41.4,104.9,86.7,175.6,90.7
0.8418888444885652,0.20301160602897791,-0.2967272096444112,-0.018526523426056995,L,43.0,106.3,90.2,173.5,84.6
1.632396419820438,0.8765195666313589,-0.4369387503488561,-0.23302816640798896,L,44.4,106.1,92.7,172.6,81.8
0.7854240176791448,-0.6860189019661642,-0.5927293511315717,0.15767125473767388,XL,42.9,112.0,86.9,171.6,86.9
-0.6826614793657639,-1.1978849520239754,-0.5771502910532965,-1.2748932894630876,S,40.3,91.3,85.0,171.70000000000002,68.2
-0.9085207866034413,-1.6019897283854039,-0.5615712309750258,-1.2902148353903686,S,39.9,94.1,83.5,171.8,68.0
1.9147205538675356,0.499355108694024,-0.10977848870514988,0.7552115459016275,XL,44.9,115.1,91.3,174.70000000000002,94.7
-0.2874076916998256,-0.012510941363783242,2.1803433428007626,2.371634641229759,XL,41.0,116.3,89.4,189.39999999999998,115.8
0.7289591908697245,-0.47049635457340305,-0.24999002940959475,-0.914836960171987,M,42.8,97.2,87.7,173.8,72.9
0.6724943640603082,1.9541323035951685,1.681813420296079,1.758772804138524,L,42.7,109.1,96.7,186.20000000000002,107.8
-1.699028361935314,-2.491020236380546,-1.5586310759844106,-2.3627230503000294,XS,38.5,84.6,80.2,165.39999999999998,54.0
-1.9248876691729913,-1.73669132050588,-1.8234750973150253,0.04275966028306735,L,38.1,109.2,83.0,163.7,85.4
0.6724943640603082,0.5262954271181215,-0.24999002940959475,0.17299280066495387,L,42.7,107.1,91.4,173.8,87.1
0.8418888444885652,1.6308484825060248,0.9184394764607675,1.7051473933930408,XL,43.0,117.2,95.5,181.29999999999998,107.1
-0.23094286489040525,0.4454744718458328,-0.24999002940959475,-0.4398690364262809,M,41.1,103.5,91.1,173.8,79.1
2.366439168342894,2.1696548509879294,0.9495975966173132,1.8966667174840517,XXL,45.7,120.3,97.5,181.5,109.6
-0.2874076916998256,-0.551317309845688,-0.28114814956614054,2.3103484575206354,XXL,41.0,121.2,87.4,173.6,115.0
-0.1180132112715686,-1.8713929126263562,-1.0133639732449018,0.1346889358467517,L,41.3,104.7,82.5,168.9,86.6
-0.40033734531866627,-1.4134074994167365,-0.2188319092530534,-0.7079960901536961,M,40.8,97.7,84.2,174.0,75.6
-0.7391263061751803,0.5262954271181215,0.43548861403435013,-0.11045579898974134,M,40.2,101.4,91.4,178.2,83.4
-0.5132669989375029,-0.36273508087702444,0.4666467341908959,-0.27899280418983113,L,40.6,104.1,88.1,178.4,81.2
-0.17447803808098492,-1.0631833599034992,-1.6676844965323099,-0.026187296389696996,L,41.2,108.2,85.5,164.7,84.5
0.7854240176791448,0.14913096918078667,-0.2188319092530534,0.7092469081197843,XL,42.9,116.6,90.0,174.0,94.1
-0.7391263061751803,-1.0631833599034992,-1.4028404752016908,-1.5660026620814238,M,40.2,96.7,85.5,166.4,64.4
-1.360239401078796,1.5769678456578335,0.7938069958345977,2.1111683604659848,XL,39.1,117.1,95.3,180.5,112.4
0.8983536712979855,0.041369695484404174,-0.14093660886169565,0.44878062735601015,L,43.1,107.8,89.6,174.5,90.7
-1.2473097474599593,-2.0060945047468324,-2.3220050198197133,-0.9991054627720324,M,39.3,96.3,82.0,160.5,71.8
1.801790900248699,0.8765195666313589,1.1832834977913866,0.9390700970289974,L,44.7,110.1,92.7,183.0,97.1
0.4466350568226268,0.36465351657354783,0.8717022962259554,-0.2713320312261911,L,42.3,105.3,90.8,181.0,81.3
-0.5697318257469233,-1.1978849520239754,-0.3590434499574939,-0.7156568631173361,M,40.5,102.7,85.0,173.10000000000002,75.5
0.22077574958494942,-0.47049635457340305,1.41696939896546,-0.39390439864443766,M,41.9,97.2,87.7,184.5,79.7
-0.5697318257469233,0.8226389297831677,0.326435193486451,-1.5353595702268628,S,40.5,91.5,92.5,177.5,64.8
1.2371426321545034,1.2267437061445963,0.6380163950518821,1.766433577102165,XL,43.7,114.2,94.0,179.5,107.9
-0.9085207866034413,-0.9015414493589292,-1.4028404752016908,0.19597511955587604,L,39.9,108.1,86.1,166.4,87.4
-0.17447803808098492,0.041369695484404174,-0.03188318831379652,1.0233385996290427,L,41.2,110.8,89.6,175.2,98.2
0.10784609596611276,0.7148776560867851,0.9340185365390425,0.34152980586504367,L,41.7,106.9,92.1,181.4,89.3
2.4793688219617307,1.5769678456578335,1.276757858261015,1.8277197608112883,XL,45.9,114.0,95.3,183.6,108.7
-1.7554931887447343,-2.1677364152914023,-1.9636866380194702,-0.5624414038445275,M,38.4,101.8,81.4,162.79999999999998,77.5
0.10784609596611276,-1.0631833599034992,-1.776737917080209,-0.36326130678987656,L,41.7,109.6,85.5,164.0,80.1
1.1242129785356627,-0.12027221506016574,-0.4057806301923103,0.19597511955587604,XL,43.5,112.7,89.0,172.8,87.4
-2.1507469764106686,-2.059975141595024,-2.3064259597414383,-2.1482214073180974,S,37.7,90.7,81.8,160.60000000000002,56.8
1.8582557270581153,0.6879373376626915,1.6662343602178038,2.4942070086480066,XXL,44.8,124.1,92.0,186.1,117.4
0.2772405763943698,0.6879373376626915,0.10832835239064836,0.1117066169558306,L,42.0,109.2,92.0,176.1,86.3
1.7453260734392786,0.8226389297831677,-0.0007250681572507532,0.9314093240653574,XL,44.6,117.8,92.5,175.4,97.0
-0.7391263061751803,-0.5243769914215943,-0.20325284917477832,-0.5317983119899652,M,40.2,103.1,87.5,174.10000000000002,77.9
-2.2636766300295093,-2.0060945047468324,-1.5118938957495942,-2.2401506828817825,XS,37.5,87.2,82.0,165.7,55.6
-0.17447803808098492,-1.1170639967516904,-1.4651567155147778,-2.4163484610455126,S,41.2,88.4,85.3,166.0,53.3
-0.9649856134128616,-1.9522138678986412,-1.1847336341058925,0.647960724410661,XL,39.8,112.1,82.2,167.79999999999998,93.3
-1.4167042278882163,-0.3896753993011181,-0.2967272096444112,0.1346889358467517,L,39.0,106.3,88.0,173.5,86.6
2.2535095147240534,0.8226389297831677,-0.06304130847033786,1.8966667174840517,XXL,45.5,124.2,92.5,175.0,109.6
-0.17447803808098492,-1.3325865441444515,-0.8264152523056449,-1.3208579272449308,S,41.2,94.9,84.5,170.1,67.6
-0.061548384462148255,-0.03945125978788078,-0.18767378909651208,-0.9991054627720324,S,41.4,95.3,89.3,174.2,71.8
1.4065371125827604,0.6879373376626915,0.9963347768521297,0.5177275840287734,L,44.0,110.6,92.0,181.8,91.6
0.7289591908697245,1.1189824324482138,0.48222579426916656,0.17299280066495387,L,42.8,109.4,93.6,178.5,87.1
-0.5132669989375029,-1.6019897283854039,-1.3716823550451493,-1.12933860315392,S,40.6,95.4,83.5,166.6,70.1
1.632396419820438,1.172863069296405,0.4199095539560795,2.0422214037932203,XXL,44.4,124.2,93.8,178.1,111.5
-0.005083557652727914,1.0112211587518352,0.7470698155997857,1.8047374419203672,XL,41.5,116.6,93.2,180.20000000000002,108.4
-1.2473097474599593,-0.6590785835420705,-1.324945174810333,-1.6196280728269072,S,39.3,90.4,87.0,166.9,63.7
0.16431092277552908,1.1459227508723113,1.2923369183392857,0.8854446862835151,L,41.8,107.1,93.7,183.7,96.4
1.6888612466298583,2.816222493166217,1.977815561783235,1.5749142530111542,XL,44.5,118.2,99.9,188.1,105.4
1.0677481517262424,-0.012510941363783242,0.43548861403435013,0.2955651680832015,L,43.4,105.2,89.4,178.2,88.7
1.180677805345083,2.519878990501167,2.2738177032703955,2.2720445927024335,XL,43.6,116.2,98.8,190.0,114.5
0.05138126915669242,-0.7937801756625467,0.014853991921019917,0.31854748697412255,L,41.6,106.9,86.5,175.5,89.0
-1.7554931887447343,-1.2787059072962603,-0.37462251003576896,-1.2289286516812454,S,38.4,95.7,84.7,173.0,68.8
-1.1343800938411186,-1.2787059072962603,-2.026002878332553,-1.0603916464811556,M,39.5,102.0,84.7,162.4,71.0
1.971185380676956,1.09204211402412,0.014853991921019917,1.322108745211019,XL,45.0,119.8,93.5,175.5,102.1
-1.1343800938411186,-1.4672881362649277,-0.7952571321490992,-0.49349444717176305,L,39.5,107.9,84.0,170.3,78.4
0.4466350568226268,0.14913096918078667,0.12390741246891904,1.965613674156816,XL,42.3,117.2,90.0,176.2,110.5
-0.8520559597940209,-0.7937801756625467,-0.5304131108184845,-0.22536739344434786,M,40.0,100.8,86.5,172.0,81.9
-0.5697318257469233,-0.8207204940866404,-0.6706246515229294,0.17299280066495387,XL,40.5,116.8,86.4,171.1,87.1
-1.1343800938411186,1.5769678456578335,2.6944523253837303,0.15767125473767388,M,39.5,102.7,95.3,192.70000000000002,86.9
-0.34387251850924594,-0.17415285190835697,0.4666467341908959,-0.5624414038445275,L,40.9,106.8,88.8,178.4,77.5
1.6888612466298583,0.9034598850554526,1.2611787981827443,1.9119882634113328,XL,44.5,113.9,92.8,183.5,109.8
0.6160295372508878,1.6308484825060248,1.074230077243483,0.8931054592471551,L,42.6,107.6,95.5,182.29999999999998,96.5
-0.6826614793657639,-1.1170639967516904,-1.776737917080209,-1.336179473172211,L,40.3,104.5,85.3,164.0,67.4
0.5595647104414675,0.4724147902699303,-0.7796780720708285,1.3604126100292213,XXL,42.5,123.1,91.2,170.4,102.6
-0.061548384462148255,0.06831001390850171,-0.37462251003576896,-1.8954158995179629,S,41.4,91.3,89.7,173.0,60.1
-0.4568021721280826,-1.440347817840834,-1.527472955827865,-1.3208579272449308,M,40.7,96.0,84.1,165.6,67.6
0.6160295372508878,-1.1170639967516904,-1.3405242348886082,0.14234970881039277,L,42.6,104.3,85.3,166.79999999999998,86.7
-0.5697318257469233,-0.7129592203902617,-1.8546332174715667,-0.17174198269886568,L,40.5,108.9,86.8,163.5,82.6
1.2371426321545034,1.3614452982650724,1.6662343602178038,0.1040458439921906,M,43.7,101.9,94.5,186.1,86.2
-0.5132669989375029,-0.9284817677830229,-1.3561032949668743,-0.21004584751706787,L,40.6,109.7,86.0,166.70000000000002,82.1
-0.005083557652727914,-1.0093027230553078,0.09274929231237769,-1.3285187002085708,M,41.5,96.3,85.7,176.0,67.5
1.632396419820438,0.41853415342173905,-0.03188318831379652,0.08872429806490953,L,44.4,107.4,91.0,175.2,86.0
2.4793688219617307,2.1696548509879294,2.055710862174593,0.8088369566471109,L,45.9,106.9,97.5,188.6,95.4
-0.2874076916998256,-0.12027221506016574,-0.39020157011403966,0.9314093240653574,XL,41.0,116.8,89.0,172.9,97.0
0.4466350568226268,-0.3896753993011181,0.5601210946605244,0.35685135179232474,L,42.3,108.7,88.0,179.0,89.5
1.011283324916822,-0.30885444402883316,-0.14093660886169565,1.2838048803928168,XL,43.3,117.3,88.3,174.5,101.6
-0.5132669989375029,-1.440347817840834,-1.2003126941841586,-0.6926745442264151,M,40.6,100.2,84.1,167.70000000000002,75.8
-0.40033734531866627,-0.012510941363783242,-0.45251781042712674,-1.0220877816629534,M,40.8,102.2,89.4,172.5,71.5
0.503099883632047,0.20301160602897791,-0.0941994286268792,0.2725828491922804,L,42.4,107.6,90.2,174.8,88.4
-0.8520559597940209,-1.521168773113119,-0.7640990119925578,-0.7079960901536961,M,40.0,103.0,83.8,170.5,75.6
0.7289591908697245,1.3075646614168812,1.2300206780261986,1.1229286481563683,XL,42.8,113.1,94.3,183.29999999999998,99.5
1.2371426321545034,1.0112211587518352,1.027492897008671,2.2184191819569503,XL,43.7,118.3,93.2,182.0,113.8
0.6724943640603082,-0.3896753993011181,0.3420142535647217,-0.06449116120789916,M,42.7,99.9,88.0,177.6,84.0
2.4793688219617307,1.2267437061445963,0.575700154738795,2.0345606308295805,L,45.9,111.5,94.0,179.1,111.4
1.011283324916822,1.3345049798409787,0.9340185365390425,0.5790137677378978,L,43.3,106.3,94.4,181.4,92.4
0.6160295372508878,0.9573405219036438,0.43548861403435013,0.08872429806490953,L,42.6,109.9,93.0,178.2,86.0
-0.17447803808098492,-0.7398995388143554,-0.5771502910532965,-0.04916961528061808,L,41.2,104.3,86.7,171.70000000000002,84.2
1.7453260734392786,1.6308484825060248,1.6506553001395332,0.6939253621925043,L,44.6,111.3,95.5,186.0,93.9
0.6160295372508878,0.4724147902699303,0.1394864725471897,0.5560314488469756,XL,42.6,112.1,91.2,176.29999999999998,92.1
-1.360239401078796,-1.9252735494745474,-2.026002878332553,-0.9531408249901892,M,39.1,101.5,82.3,162.4,72.4
0.10784609596611276,-0.551317309845688,-0.4836759305836681,0.2879043951195604,M,41.7,101.1,87.4,172.3,88.6
0.05138126915669242,-0.9284817677830229,-1.247049874418975,-0.7309784090446172,L,41.6,105.8,86.0,167.4,75.3
-0.1180132112715686,-0.6590785835420705,-0.1565156689399663,0.06574197917398844,M,41.3,103.4,87.0,174.4,85.7
1.6888612466298583,1.3614452982650724,-0.0941994286268792,1.0080170537017616,XL,44.5,113.8,94.5,174.8,98.0
-1.699028361935314,-0.30885444402883316,0.7938069958345977,-0.7999253657173805,S,38.5,93.7,88.3,180.5,74.4
-0.5697318257469233,0.14913096918078667,0.326435193486451,-1.2902148353903686,S,40.5,95.3,90.0,177.5,68.0
-0.17447803808098492,-0.7937801756625467,-0.37462251003576896,-1.3131971542812897,M,41.2,97.6,86.5,173.0,67.7
-0.8520559597940209,-0.4974366729975006,-0.2188319092530534,-0.8688723223901448,M,40.0,100.8,87.6,174.0,73.5
-0.6826614793657639,0.3377131981494541,-0.03188318831379652,-1.5276987972632217,S,40.3,89.3,90.7,175.2,64.9
-1.699028361935314,-1.5481090915372127,-1.262628934497246,-0.6313883605172917,M,38.5,102.4,83.7,167.3,76.6
0.3337054032037901,0.14913096918078667,1.4948646993568178,0.08872429806490953,M,42.1,102.9,90.0,185.0,86.0
0.16431092277552908,0.9573405219036438,0.7470698155997857,-0.3019751230807522,L,41.8,106.6,93.0,180.20000000000002,80.9
-0.23094286489040525,-0.9284817677830229,-0.42135969027058096,-0.36326130678987656,M,41.1,101.1,86.0,172.70000000000002,80.1
-1.190844920650539,-0.766839857238453,-0.5771502910532965,-0.5777629497718085,M,39.4,98.8,86.6,171.70000000000002,77.3
1.35007228577334,-0.41661571772521183,-1.278207994575521,0.24193975733771822,L,43.9,106.8,87.9,167.2,88.0
0.503099883632047,0.7956986113590739,1.4948646993568178,0.4334590814287291,L,42.4,106.5,92.4,185.0,90.5
0.4466350568226268,-0.30885444402883316,-0.7173618317577458,-0.026187296389696996,L,42.3,109.4,88.3,170.79999999999998,84.5
-0.8520559597940209,-0.766839857238453,-1.0912592736362596,-0.6084060416263696,M,40.0,97.9,86.6,168.4,76.9
0.5595647104414675,0.9304002034795501,0.12390741246891904,1.1229286481563683,L,42.5,109.4,92.9,176.2,99.5
0.3337054032037901,0.2299519244530716,1.790866840843978,1.5749142530111542,XXL,42.1,120.1,90.3,186.9,105.4
0.39017023001321044,0.8226389297831677,0.2173817729385519,0.18065357362859497,L,42.2,105.4,92.5,176.8,87.2
-1.3037745742693756,-0.766839857238453,-1.3405242348886082,-0.7539607279355383,L,39.2,108.0,86.6,166.79999999999998,75.0
0.503099883632047,-0.6590785835420705,-1.4963148356713236,0.1270281628831117,XL,42.4,112.3,87.0,165.79999999999998,86.5
-0.34387251850924594,0.9304002034795501,1.074230077243483,0.8701231403562341,L,40.9,110.6,92.9,182.29999999999998,96.2
-1.3037745742693756,-0.41661571772521183,1.5883390598264506,-0.9301585060992681,S,39.2,93.7,87.9,185.60000000000002,72.7
-1.0779152670316983,0.5262954271181215,0.5912792148170701,-0.48583367420812307,M,39.6,96.2,91.4,179.20000000000002,78.5
0.5595647104414675,-0.5243769914215943,-0.7017827716794708,-0.7386391820082572,M,42.5,99.2,87.5,170.9,75.2
0.2772405763943698,1.684729119354216,0.326435193486451,-0.7999253657173805,M,42.0,99.8,95.7,177.5,74.4
-0.4568021721280826,-0.9823624046312142,-0.6550455914446587,-0.23302816640798896,L,40.7,105.6,85.8,171.2,81.8
0.5595647104414675,0.25689224287716916,0.23296083301681814,0.18831434659223495,XL,42.5,113.1,90.4,176.89999999999998,87.3
-0.6826614793657639,-0.30885444402883316,-1.6053682562192226,-1.1599816950084811,M,40.3,96.9,88.3,165.1,69.7
-0.5132669989375029,-0.47049635457340305,0.24853989309509325,-0.1870635286261457,M,40.6,100.0,87.7,177.0,82.4
0.503099883632047,2.0080129404433595,2.7100313854619964,1.1535717400109304,XL,42.4,114.5,96.9,192.79999999999998,99.9
1.6888612466298583,1.09204211402412,-0.04746224839206719,0.14234970881039277,L,44.5,111.8,93.5,175.1,86.7
-0.7391263061751803,-1.1709446335998817,-2.446637500445888,-0.9454800520265492,M,40.2,102.0,85.1,159.7,72.5
1.011283324916822,0.17607128760488036,1.027492897008671,-0.9224977331356281,S,43.3,95.3,90.1,182.0,72.8
-0.23094286489040525,0.7418179745108827,1.0430719570869418,-1.0220877816629534,S,41.1,94.6,92.2,182.1,71.5
1.2936074589639197,1.6308484825060248,1.1209672574782994,0.862462367392593,L,43.8,108.8,95.5,182.6,96.1
0.5595647104414675,-0.25497380718064194,-1.2314708143407045,1.299126426320098,XXL,42.5,120.0,88.5,167.5,101.8
1.5194667662016013,0.20301160602897791,-0.4992549906619432,0.15767125473767388,XL,44.2,112.4,90.2,172.2,86.9
0.10784609596611276,-1.1170639967516904,-0.5615712309750258,-0.06449116120789916,L,41.7,106.7,85.3,171.8,84.0
0.2772405763943698,0.4724147902699303,-0.4369387503488561,-0.11045579898974134,L,42.0,105.3,91.2,172.6,83.4
-0.6261966525563436,-0.7937801756625467,0.20180271286027682,-0.8841938683174259,M,40.4,99.9,86.5,176.7,73.3
0.7854240176791448,-0.41661571772521183,-0.8264152523056449,-0.8688723223901448,M,42.9,98.7,87.9,170.1,73.5
0.05138126915669242,-0.36273508087702444,-0.1565156689399663,-0.6313883605172917,M,41.6,99.8,88.1,174.4,76.6
-0.17447803808098492,-1.1978849520239754,-1.1535755139493467,0.07340275213762844,M,41.2,102.7,85.0,168.0,85.8
-2.32014145683893,-2.5987815100769285,-2.6959024616982314,-2.209507591027221,S,37.4,91.5,79.8,158.1,56.0
-0.5132669989375029,-1.6019897283854039,-0.3590434499574939,-0.7233176360809761,L,40.6,104.3,83.5,173.10000000000002,75.4
0.4466350568226268,-0.6860189019661642,1.1053881974000288,0.7092469081197843,L,42.3,110.5,86.9,182.5,94.1
-0.061548384462148255,-1.6019897283854039,-1.8546332174715667,0.5483706758833355,XXL,41.4,120.9,83.5,163.5,92.0
-0.2874076916998256,-1.3325865441444515,-0.28114814956614054,0.4334590814287291,L,41.0,109.8,84.5,173.6,90.5
0.10784609596611276,-0.3896753993011181,-0.9666267930100898,1.322108745211019,XL,41.7,115.6,88.0,169.2,102.1
0.8418888444885652,0.8226389297831677,1.5883390598264506,0.9850347348108406,L,43.0,110.9,92.5,185.60000000000002,97.7
1.011283324916822,1.3075646614168812,1.868762141235336,2.157132998247827,XXL,43.3,120.2,94.3,187.4,113.0
0.16431092277552908,-0.30885444402883316,-1.278207994575521,0.34919057882868476,XL,41.8,112.1,88.3,167.2,89.4
0.3337054032037901,-0.47049635457340305,0.824965115991139,-0.6543706794082128,M,42.1,99.0,87.7,180.7,76.3
-0.005083557652727914,0.5801760639663089,0.6380163950518821,0.21129666548315604,L,41.5,104.2,91.6,179.5,87.6
0.7854240176791448,1.5230872088096423,0.6847535752866986,-1.2212678787176043,S,42.9,92.5,95.1,179.8,68.9
-1.021450440222278,-1.2787059072962603,-0.5148340507402094,-0.8612115494265048,S,39.7,92.9,84.7,172.10000000000002,73.6
0.3337054032037901,-1.4942284546890214,-1.0445220934014432,-0.685013771262774,M,42.1,102.6,83.9,168.70000000000002,75.9
-0.7391263061751803,-0.9284817677830229,-0.14093660886169565,-1.121677830190279,M,40.2,99.6,86.0,174.5,70.2
0.503099883632047,1.09204211402412,1.276757858261015,1.299126426320098,XL,42.4,114.6,93.5,183.6,101.8
-0.005083557652727914,0.5262954271181215,-0.04746224839206719,0.2955651680832015,L,41.5,107.1,91.4,175.1,88.7
-0.6261966525563436,-1.3325865441444515,-0.8108361922273742,-0.04916961528061808,L,40.4,109.9,84.5,170.2,84.2
-0.40033734531866627,-1.6289300468094976,-0.5771502910532965,-1.1446601490812,M,40.8,99.8,83.4,171.70000000000002,69.9
0.2772405763943698,0.12219065075669296,0.07717023223410259,-1.0374093275902345,S,42.0,95.7,89.9,175.89999999999998,71.3
0.8418888444885652,1.0651017956000264,0.5445420345822537,1.9196490363749739,XXL,43.0,120.2,93.4,178.9,109.9
1.5194667662016013,1.4692065719614549,1.3079159784175607,1.4829849774474688,XL,44.2,116.4,94.9,183.8,104.2
-1.4167042278882163,-2.4640799179564525,-1.7923169771584797,-1.6502711646814694,S,39.0,92.2,80.3,163.9,63.3
-0.9085207866034413,-0.6860189019661642,-1.247049874418975,0.5560314488469756,L,39.9,109.6,86.9,167.4,92.1
0.7854240176791448,-0.3896753993011181,-0.14093660886169565,0.8164977296107508,XL,42.9,113.7,88.0,174.5,95.5
0.7854240176791448,-0.9554220862071167,-1.4339985953582366,-1.0680524194447956,M,42.9,99.4,85.9,166.2,70.9
-1.529633881507057,-1.224825270448069,-1.247049874418975,-0.5777629497718085,M,38.8,101.6,84.9,167.4,77.3
-0.6261966525563436,-1.2517655888721666,-1.028943033323177,-0.5164767660626852,M,40.4,100.5,84.8,168.79999999999998,78.1
-0.061548384462148255,-0.12027221506016574,-0.1565156689399663,1.291465653356458,XL,41.4,115.0,89.0,174.4,101.7
0.503099883632047,-1.3595268625685453,0.29527707332990527,1.3757341559565024,XL,42.4,112.4,84.4,177.29999999999998,102.8
0.6160295372508878,1.1459227508723113,1.2611787981827443,0.47176294624693127,L,42.6,109.3,93.7,183.5,91.0
0.16431092277552908,-0.2819141256047356,-0.28114814956614054,-0.470512128280842,M,41.8,101.8,88.4,173.6,78.7
-1.190844920650539,-1.3325865441444515,-1.3405242348886082,-0.5164767660626852,M,39.4,102.0,84.5,166.79999999999998,78.1
0.9548184981074058,0.4454744718458328,0.575700154738795,0.6326391784833799,XL,43.2,113.8,91.1,179.1,93.1
-0.005083557652727914,0.6340567008145002,0.965176656695584,-0.4245474904989998,M,41.5,101.2,91.8,181.6,79.3
-1.3037745742693756,-0.6860189019661642,0.4199095539560795,-0.27899280418983113,M,39.2,102.3,86.9,178.1,81.2
-0.23094286489040525,-1.1170639967516904,0.07717023223410259,-1.7422004402451543,S,41.1,91.1,85.3,175.89999999999998,62.1
-1.8119580155541546,-1.7905719573540713,-1.262628934497246,-0.6926745442264151,M,38.3,103.7,82.8,167.3,75.8
-0.40033734531866627,0.20301160602897791,-0.3123062697226819,-0.7922645927537405,M,40.8,100.6,90.2,173.4,74.5
-1.1343800938411186,-1.224825270448069,-1.776737917080209,-0.22536739344434786,L,39.5,109.2,84.9,164.0,81.9
-0.2874076916998256,-1.521168773113119,-1.4184195352799613,-1.0297485546265934,M,41.0,97.2,83.8,166.3,71.4
0.503099883632047,-1.1978849520239754,-1.6832635566105805,0.1270281628831117,L,42.4,109.5,85.0,164.6,86.5
1.2371426321545034,1.6308484825060248,0.8717022962259554,1.8583628526658496,XXL,43.7,123.3,95.5,181.0,109.1
-0.9085207866034413,-1.2517655888721666,-0.8264152523056449,-0.5241375390263252,M,39.9,103.3,84.8,170.1,78.0
1.180677805345083,1.2806243429927875,1.4948646993568178,0.7169076810834254,L,43.6,107.8,94.2,185.0,94.2
0.05138126915669242,0.06831001390850171,0.1550655326254648,-0.12577734491702242,L,41.6,107.1,89.7,176.4,83.2
1.6888612466298583,2.1965951694120234,1.6973924803743496,-0.07981270713518025,M,44.5,102.9,97.6,186.3,83.8
0.8418888444885652,1.2267437061445963,0.1550655326254648,1.0616424644472449,XL,43.0,114.5,94.0,176.4,98.7
0.5595647104414675,1.25368402456869,0.8872813563042261,0.8394800485016719,XL,42.5,113.2,94.1,181.1,95.8
-0.5697318257469233,0.6071163823904066,0.6380163950518821,0.8701231403562341,M,40.5,103.5,91.7,179.5,96.2
-1.868422842363571,-2.4640799179564525,-2.6647443415416903,-2.3244191854818275,XS,38.2,87.2,80.3,158.29999999999998,54.5
-0.34387251850924594,-0.03945125978788078,0.2173817729385519,-0.5471198579172464,M,40.9,100.3,89.3,176.8,77.7
1.180677805345083,1.5500275272337398,2.055710862174593,-0.22536739344434786,L,43.6,107.7,95.2,188.6,81.9
-0.9085207866034413,-1.6019897283854039,-1.137996453871076,0.2802436221559204,L,39.9,111.0,83.5,168.1,88.5
-0.23094286489040525,-1.6289300468094976,-0.8731524325404614,-0.4398690364262809,M,41.1,103.1,83.4,169.79999999999998,79.1
-0.6826614793657639,-0.551317309845688,-0.7173618317577458,0.15001048177403278,L,40.3,111.7,87.4,170.79999999999998,86.8
-0.34387251850924594,-0.9284817677830229,-1.7455797969236677,0.04275966028306735,XL,40.9,115.3,86.0,164.2,85.4
1.5194667662016013,1.0381614771759289,0.5445420345822537,1.2225186966836936,L,44.2,109.7,93.3,178.9,100.8
-0.2874076916998256,-1.817512275778165,-1.4028404752016908,-0.31729666900803327,L,41.0,107.8,82.7,166.4,80.7
2.1405798611052127,1.4961468903855486,1.9622365017049643,1.322108745211019,XL,45.3,114.2,95.0,188.0,102.1
0.22077574958494942,-0.47049635457340305,-0.2188319092530534,0.5636922218106167,XL,41.9,114.3,87.7,174.0,92.2
0.503099883632047,-0.25497380718064194,-0.6862037116012001,-1.4740733865177396,S,42.4,94.6,88.5,171.0,65.6
-0.005083557652727914,-0.2010931703324507,-0.24999002940959475,0.1193673899194717,L,41.5,104.6,88.7,173.8,86.4
-0.6826614793657639,-0.766839857238453,0.35759331364299235,-0.27899280418983113,M,40.3,102.7,86.6,177.7,81.2
-0.34387251850924594,-1.817512275778165,-2.1973725391935393,-1.0680524194447956,M,40.9,100.6,82.7,161.3,70.9
-0.061548384462148255,-0.7398995388143554,-1.636526376375764,0.16533202770131386,XL,41.4,113.9,86.7,164.9,87.0
0.7854240176791448,-0.25497380718064194,0.49780485434743726,-0.5241375390263252,M,42.9,97.6,88.5,178.6,78.0
-0.7391263061751803,0.36465351657354783,-0.37462251003576896,-0.8765330953537848,M,40.2,100.4,90.8,173.0,73.4
1.180677805345083,0.5801760639663089,0.1394864725471897,-0.22536739344434786,M,43.6,103.3,91.6,176.29999999999998,81.9
-0.1180132112715686,-0.3357947624529269,0.2173817729385519,-1.7651827591360758,S,41.3,90.2,88.2,176.8,61.8
0.2772405763943698,0.5801760639663089,1.2455997381044737,-0.8918546412810658,M,42.0,96.7,91.6,183.4,73.2
-0.17447803808098492,0.09525033233259542,0.20180271286027682,-1.2748932894630876,M,41.2,96.8,89.8,176.7,68.2
1.1242129785356627,0.6879373376626915,1.4013903388871893,0.47176294624693127,M,43.5,102.1,92.0,184.4,91.0
1.2936074589639197,-0.12027221506016574,1.6350762400612626,-0.40922594457171874,M,43.8,99.0,89.0,185.9,79.5
0.22077574958494942,-0.2819141256047356,-0.2188319092530534,0.08106352510126952,L,41.9,106.1,88.4,174.0,85.9
-1.9813524959824116,-0.9284817677830229,-0.7796780720708285,-1.1829640138994022,S,38.0,94.1,86.0,170.4,69.4
0.7289591908697245,1.5769678456578335,0.824965115991139,1.735790485247603,XXL,42.8,124.0,95.3,180.7,107.5
-0.9085207866034413,-0.8746011309348317,-0.5615712309750258,-1.4664126135540985,S,39.9,94.2,86.2,171.8,65.7
-0.005083557652727914,-0.6590785835420705,-0.06304130847033786,-1.2136071057539644,S,41.5,95.8,87.0,175.0,69.0
-0.40033734531866627,-1.0093027230553078,-0.5927293511315717,-1.13699937611756,M,40.8,99.8,85.7,171.6,70.0
0.3337054032037901,0.25689224287716916,0.24853989309509325,-0.04916961528061808,L,42.1,109.3,90.4,177.0,84.2
1.0677481517262424,2.304356443108406,1.728550600530891,0.7705330918289086,L,43.4,107.3,98.0,186.5,94.9
-1.021450440222278,-0.06639157821197449,0.07717023223410259,-1.0220877816629534,S,39.7,91.5,89.2,175.89999999999998,71.5
-0.7391263061751803,-0.25497380718064194,-0.7640990119925578,-1.13699937611756,S,40.2,93.4,88.5,170.5,70.0
1.2371426321545034,0.12219065075669296,0.4199095539560795,-0.1794027556625057,M,43.7,101.6,89.9,178.1,82.5
0.05138126915669242,-0.25497380718064194,0.18622365278200614,-0.2943143501171122,M,41.6,101.8,88.5,176.6,81.0
0.05138126915669242,1.1459227508723113,0.9340185365390425,-0.31729666900803327,M,41.6,102.9,93.7,181.4,80.7
0.22077574958494942,0.014429377060310465,1.1832834977913866,-0.22536739344434786,M,41.9,98.6,89.5,183.0,81.9
0.2772405763943698,-0.551317309845688,-0.24999002940959475,-1.2595717435358065,S,42.0,93.3,87.4,173.8,68.4
1.0677481517262424,0.9573405219036438,1.7752877807657075,0.4257983084650891,M,43.4,101.0,93.0,186.8,90.4
-0.5697318257469233,-1.3595268625685453,-1.3405242348886082,0.44111985439236906,L,40.5,108.6,84.4,166.79999999999998,90.6
2.1405798611052127,1.8463710298987859,1.5416018795916342,1.8813451715567717,XL,45.3,114.4,96.3,185.3,109.4
0.7289591908697245,-0.25497380718064194,-0.4836759305836681,0.4257983084650891,L,42.8,109.8,88.5,172.3,90.4
2.0841150342957966,1.3614452982650724,1.1677044377131158,1.099946329265447,XL,45.2,116.3,94.5,182.9,99.2
-0.6826614793657639,-0.22803348875654822,-0.9043105526970028,-0.5471198579172464,L,40.3,105.7,88.6,169.6,77.7
-0.17447803808098492,0.014429377060310465,-0.42135969027058096,-1.6885750294996715,S,41.2,91.7,89.5,172.70000000000002,62.8
1.7453260734392786,0.9034598850554526,0.48222579426916656,-0.4398690364262809,M,44.6,99.6,92.8,178.5,79.1
-1.4167042278882163,-0.6321382651179768,-0.8731524325404614,-1.4281087487358963,S,39.0,94.2,87.1,169.79999999999998,66.2
2.366439168342894,1.9002516667469773,1.41696939896546,0.15001048177403278,M,45.7,103.4,96.5,184.5,86.8
0.503099883632047,0.6340567008145002,0.27969801325163457,-0.6160668145900107,M,42.4,102.1,91.8,177.2,76.8
0.8418888444885652,-0.12027221506016574,-0.623887471288113,0.05808120621034735,L,43.0,109.3,89.0,171.4,85.6
0.16431092277552908,1.25368402456869,0.27969801325163457,0.7169076810834254,XL,41.8,119.1,94.1,177.2,94.2
0.2772405763943698,-0.6321382651179768,-0.10977848870514988,-0.3785828527171565,M,42.0,100.7,87.1,174.70000000000002,79.9
-0.40033734531866627,0.14913096918078667,-0.17209472901823697,0.05808120621034735,M,40.8,103.4,90.0,174.3,85.6
-0.23094286489040525,0.14913096918078667,0.18622365278200614,0.3874944436468869,L,41.1,106.8,90.0,176.6,89.9
0.05138126915669242,0.31077287972535655,0.4666467341908959,-0.7999253657173805,M,41.6,100.0,90.6,178.4,74.4
-0.5697318257469233,-0.8207204940866404,0.29527707332990527,-0.3019751230807522,L,40.5,111.9,86.4,177.29999999999998,80.9
-0.23094286489040525,-0.847660812510738,-0.42135969027058096,-0.8918546412810658,M,41.1,100.2,86.3,172.70000000000002,73.2
-0.5697318257469233,-1.2517655888721666,-0.5459921708967552,-0.5394590849536063,M,40.5,99.2,84.8,171.9,77.8
-1.2473097474599593,-1.0631833599034992,0.7314907555215105,-1.8800943535906824,XS,39.3,87.5,85.5,180.1,60.3
-0.4568021721280826,-0.09333189663607203,0.4199095539560795,-0.9531408249901892,M,40.7,99.3,89.1,178.1,72.4
-0.17447803808098492,-0.5782576282697856,-0.6394665313663837,-0.14109889084430352,L,41.2,105.1,87.3,171.3,83.0
-0.40033734531866627,-0.766839857238453,-0.07862036854860853,-0.49349444717176305,M,40.8,98.7,86.6,174.9,78.4
-0.9085207866034413,-2.113855778443215,-2.103898178723911,-1.4204479757722563,M,39.9,101.8,81.6,161.9,66.3
-0.7391263061751803,-1.2787059072962603,-1.4963148356713236,-0.677352998299134,L,40.2,107.0,84.7,165.79999999999998,76.0
0.05138126915669242,2.0349532588674535,1.0586510171652168,0.6786038162652231,L,41.6,104.4,97.0,182.20000000000002,93.7
-1.6425635351258936,-1.7905719573540713,-0.37462251003576896,0.6326391784833799,L,38.6,105.2,82.8,173.0,93.1
-1.1343800938411186,-1.6828106836576888,-1.4495776554365072,-0.7079960901536961,L,39.5,106.7,83.2,166.1,75.6
0.5595647104414675,0.41853415342173905,1.6194971799829918,-0.11811657195338243,L,42.5,104.8,91.0,185.8,83.3
0.3337054032037901,-0.2819141256047356,0.17064459270373547,-0.700335317190055,M,42.1,100.7,88.4,176.5,75.7
1.801790900248699,0.6879373376626915,0.71591169544324,1.4829849774474688,XXL,44.7,121.3,92.0,180.0,104.2
-1.021450440222278,-1.4134074994167365,-0.7173618317577458,-1.1982855598266833,S,39.7,94.6,84.2,170.79999999999998,69.2
0.5595647104414675,0.3377131981494541,-0.07862036854860853,0.47176294624693127,XL,42.5,114.4,90.7,174.9,91.0
-0.5697318257469233,-1.1170639967516904,-1.636526376375764,0.09638507102854953,L,40.5,111.3,85.3,164.9,86.1
-0.061548384462148255,0.041369695484404174,-0.7640990119925578,-0.10279502602610134,L,41.4,109.7,89.6,170.5,83.5
1.011283324916822,1.4961468903855486,1.276757858261015,1.1152678751927283,L,43.3,111.4,95.0,183.6,99.4
-0.40033734531866627,-0.06639157821197449,1.1053881974000288,-1.5583418891177838,S,40.8,94.2,89.2,182.5,64.5
-1.2473097474599593,-2.1407960968673088,-1.574210136062677,-1.803486623954278,M,39.3,96.4,81.5,165.3,61.3
0.10784609596611276,-0.6860189019661642,-0.5304131108184845,-1.0757131924084367,M,41.7,98.3,86.9,172.0,70.8
-0.005083557652727914,-0.14721253348425944,-0.7173618317577458,0.31088671401048257,XL,41.5,112.4,88.9,170.79999999999998,88.9
0.503099883632047,-0.14721253348425944,-0.45251781042712674,-0.09513425306246134,L,42.4,105.7,88.9,172.5,83.6
-0.40033734531866627,-0.3896753993011181,-0.4057806301923103,0.08106352510126952,M,40.8,103.4,88.0,172.8,85.9
-0.40033734531866627,1.5500275272337398,-0.0941994286268792,0.33386903290140363,L,40.8,110.0,95.2,174.8,89.2
-0.061548384462148255,-0.12027221506016574,0.7938069958345977,-0.7462999549718983,M,41.4,97.8,89.0,180.5,75.1
-0.061548384462148255,-1.5481090915372127,-0.2967272096444112,-0.5394590849536063,L,41.4,107.1,83.7,173.5,77.8
-0.5132669989375029,-0.6860189019661642,-1.0445220934014432,-0.1334381178806635,L,40.6,106.4,86.9,168.70000000000002,83.1
-0.1180132112715686,-1.521168773113119,-0.6862037116012001,-0.7616215008991782,M,41.3,100.5,83.8,171.0,74.9
-0.34387251850924594,0.09525033233259542,0.49780485434743726,-1.6732534835723905,S,40.9,89.4,89.8,178.6,63.0
0.39017023001321044,-0.06639157821197449,-0.04746224839206719,0.24193975733771822,L,42.2,105.8,89.2,175.1,88.0
-1.021450440222278,-0.6051979466938793,-0.06304130847033786,-0.9684623709174702,M,39.7,99.8,87.2,175.0,72.2
-0.4568021721280826,-0.2819141256047356,0.06159117215583636,-1.7422004402451543,S,40.7,89.3,88.4,175.8,62.1
-0.6261966525563436,0.31077287972535655,0.48222579426916656,-0.7539607279355383,M,40.4,101.2,90.6,178.5,75.0
0.6160295372508878,0.41853415342173905,0.1394864725471897,0.9237485511017173,L,42.6,109.9,91.0,176.29999999999998,96.9
0.10784609596611276,-0.25497380718064194,-0.7173618317577458,0.04275966028306735,XL,41.7,112.5,88.5,170.79999999999998,85.4
0.8983536712979855,-0.7129592203902617,0.1394864725471897,0.44878062735601015,L,43.1,108.0,86.8,176.29999999999998,90.7
0.16431092277552908,0.7687582929349764,-0.06304130847033786,0.07340275213762844,XL,41.8,112.2,92.3,175.0,85.8
-0.34387251850924594,-1.224825270448069,-0.6862037116012001,0.1346889358467517,L,40.9,107.9,84.9,171.0,86.6
1.6888612466298583,0.8495792482072614,0.762648875678052,0.6019960866288189,L,44.5,111.5,92.6,180.29999999999998,92.7
0.8418888444885652,1.1189824324482138,-0.45251781042712674,0.47176294624693127,XL,43.0,113.7,93.6,172.5,91.0
2.5358336487711512,1.6308484825060248,0.9807557167738545,0.7169076810834254,XL,46.0,114.4,95.5,181.7,94.2
-1.4167042278882163,-1.1709446335998817,-0.4836759305836681,-0.8612115494265048,M,39.0,100.8,85.1,172.3,73.6
-0.4568021721280826,-1.9522138678986412,-2.4310584403676123,-1.3974656568813353,M,40.7,100.2,82.2,159.8,66.6
0.16431092277552908,-0.17415285190835697,-0.5771502910532965,-0.49349444717176305,M,41.8,98.6,88.8,171.70000000000002,78.4
2.2535095147240534,0.7956986113590739,-0.26556908948786545,2.7546732894117807,XXL,45.5,127.2,92.4,173.70000000000002,120.8
-0.23094286489040525,-0.09333189663607203,0.9340185365390425,1.1535717400109304,XL,41.1,112.8,89.1,181.4,99.9
0.39017023001321044,-0.766839857238453,-0.5148340507402094,-0.3402789878989544,L,42.2,109.7,86.6,172.10000000000002,80.4
1.011283324916822,1.6308484825060248,0.9963347768521297,0.7858546377561886,L,43.3,108.7,95.5,181.8,95.1
0.8418888444885652,-0.25497380718064194,-0.2967272096444112,0.24193975733771822,L,43.0,108.1,88.5,173.5,88.0
1.2371426321545034,0.17607128760488036,0.09274929231237769,-0.700335317190055,M,43.7,103.6,90.1,176.0,75.7
0.9548184981074058,0.41853415342173905,0.6068582748953364,-0.22536739344434786,L,43.2,107.4,91.0,179.29999999999998,81.9
0.8418888444885652,0.7148776560867851,-0.4992549906619432,0.9467308699926384,XL,43.0,117.4,92.1,172.2,97.2
1.2936074589639197,0.499355108694024,1.4948646993568178,0.7398899999743465,XL,43.8,115.3,91.3,185.0,94.5
1.2936074589639197,0.2838325613012629,-0.5459921708967552,0.48708449217421235,XL,43.8,113.3,90.5,171.9,91.2
0.2772405763943698,-0.5243769914215943,-0.2188319092530534,-0.6696922253354939,M,42.0,100.3,87.5,174.0,76.1
0.16431092277552908,-0.2819141256047356,-0.3590434499574939,0.410476762537808,L,41.8,111.4,88.4,173.10000000000002,90.2
0.7854240176791448,0.7148776560867851,1.370232218730648,-0.2713320312261911,L,42.9,104.4,92.1,184.20000000000002,81.3
1.1242129785356627,0.7687582929349764,0.71591169544324,1.6668435285748386,L,43.5,110.6,92.3,180.0,106.6
-0.6261966525563436,-1.2517655888721666,-0.6862037116012001,-0.5088159930990441,M,40.4,101.1,84.8,171.0,78.2
0.3337054032037901,-0.41661571772521183,0.762648875678052,1.299126426320098,L,42.1,111.6,87.9,180.29999999999998,101.8
0.8983536712979855,0.014429377060310465,0.71591169544324,-0.23302816640798896,M,43.1,100.3,89.5,180.0,81.8
1.4065371125827604,0.39159383499764533,-0.1565156689399663,-0.010865750462415908,L,44.0,111.6,90.9,174.4,84.7
0.503099883632047,-0.06639157821197449,-0.2967272096444112,1.1995363777927726,XXL,42.4,120.0,89.2,173.5,100.5
-0.6261966525563436,-0.766839857238453,-0.7485199519142872,0.5866745407015378,L,40.4,109.0,86.6,170.6,92.5
0.3337054032037901,-1.0901236783275927,-1.0445220934014432,-1.5123772513359417,S,42.1,93.4,85.4,168.70000000000002,65.1
0.6724943640603082,0.39159383499764533,0.762648875678052,0.14234970881039277,L,42.7,108.3,90.9,180.29999999999998,86.7
0.7854240176791448,1.4961468903855486,2.227080523035579,0.14234970881039277,L,42.9,105.4,95.0,189.7,86.7
1.011283324916822,-0.3896753993011181,0.2173817729385519,0.5024060381014934,L,43.3,106.8,88.0,176.8,91.4
-0.5697318257469233,-1.3864671809926428,-1.589789196140952,-0.5930844956990896,M,40.5,100.3,84.3,165.2,77.1
0.39017023001321044,-0.4435560361493094,-0.07862036854860853,-1.6349496187541883,S,42.2,93.2,87.8,174.9,63.5
-0.23094286489040525,-0.7129592203902617,0.27969801325163457,0.18065357362859497,L,41.1,107.1,86.8,177.2,87.2
-0.005083557652727914,0.8765195666313589,0.528962974503983,0.34919057882868476,L,41.5,110.7,92.7,178.8,89.4
0.8418888444885652,0.9304002034795501,1.2300206780261986,0.1346889358467517,M,43.0,102.8,92.9,183.29999999999998,86.6
0.7289591908697245,-0.06639157821197449,0.09274929231237769,-0.1487596638079435,M,42.8,102.4,89.2,176.0,82.9
-1.8119580155541546,-2.3563186442600697,-1.4339985953582366,-1.8494512617361203,M,38.3,96.8,80.7,166.2,60.7
0.8418888444885652,1.9541323035951685,2.258238643192125,1.3833949289201435,XL,43.0,116.1,96.7,189.9,102.9
0.22077574958494942,-0.847660812510738,-0.8419943123839156,-1.2825540624267286,M,41.9,99.9,86.3,170.0,68.1
2.027650207486376,1.9810726220192623,2.632136085070643,0.31088671401048257,M,45.1,102.8,96.8,192.3,88.9
0.8418888444885652,0.31077287972535655,0.43548861403435013,-1.0144270086993135,M,43.0,98.6,90.6,178.2,71.6
-0.061548384462148255,-0.06639157821197449,0.29527707332990527,-0.24834971233527003,L,41.4,105.9,89.2,177.29999999999998,81.6
-1.021450440222278,-0.09333189663607203,0.3887514337995337,0.2802436221559204,XL,39.7,112.1,89.1,177.89999999999998,88.5
0.2772405763943698,-0.3896753993011181,-0.5615712309750258,0.1117066169558306,L,42.0,110.5,88.0,171.8,86.3
0.7289591908697245,-0.3357947624529269,-0.1565156689399663,0.7169076810834254,L,42.8,107.3,88.2,174.4,94.2
0.6160295372508878,0.14913096918078667,0.10832835239064836,0.8394800485016719,XL,42.6,115.4,90.0,176.1,95.8
0.7854240176791448,-1.0093027230553078,-0.4992549906619432,-1.7115573483905926,S,42.9,94.1,85.7,172.2,62.5
-0.4568021721280826,-0.47049635457340305,0.9340185365390425,-0.5854237227354485,S,40.7,91.4,87.7,181.4,77.2
-0.34387251850924594,-0.5243769914215943,0.49780485434743726,-0.9684623709174702,S,40.9,94.7,87.5,178.6,72.2
0.5595647104414675,-1.4134074994167365,-1.4807357755930486,0.9697131888835595,XL,42.5,118.0,84.2,165.9,97.5
0.8983536712979855,-1.0901236783275927,-0.6706246515229294,0.2342789843740782,L,43.1,104.3,85.4,171.1,87.9
-0.005083557652727914,-0.47049635457340305,-1.6676844965323099,1.7051473933930408,XL,41.5,119.9,87.7,164.7,107.1
-1.0779152670316983,-1.2787059072962603,-0.6862037116012001,0.18065357362859497,M,39.6,99.6,84.7,171.0,87.2
0.7854240176791448,0.31077287972535655,0.7938069958345977,-0.8152469116446616,M,42.9,101.0,90.6,180.5,74.2
-1.4731690546976366,-0.8746011309348317,-1.2937870546537915,-1.5276987972632217,S,38.9,91.4,86.2,167.1,64.9
-0.005083557652727914,-0.8746011309348317,-0.2967272096444112,-1.4893949324450195,M,41.5,98.1,86.2,173.5,65.4
0.5595647104414675,0.5801760639663089,0.06159117215583636,0.17299280066495387,L,42.5,105.7,91.6,175.8,87.1
0.9548184981074058,0.6071163823904066,0.778227935756327,0.7169076810834254,L,43.2,110.6,91.7,180.4,94.2
0.22077574958494942,-0.2819141256047356,-0.3590434499574939,-0.08747348009882025,L,41.9,105.5,88.4,173.10000000000002,83.7
0.503099883632047,-0.09333189663607203,0.3887514337995337,-0.7922645927537405,M,42.4,99.3,89.1,177.89999999999998,74.5
-0.1180132112715686,0.9034598850554526,1.5260228195133634,1.8277197608112883,XL,41.3,114.0,92.8,185.20000000000002,108.7
0.6724943640603082,-1.1709446335998817,-0.45251781042712674,1.306787199283739,XL,42.7,117.2,85.1,172.5,101.9
-1.2473097474599593,-0.6321382651179768,0.2173817729385519,0.44111985439236906,XL,39.3,115.8,87.1,176.8,90.6
-0.1180132112715686,-0.5782576282697856,-0.7017827716794708,-0.1334381178806635,L,41.3,108.4,87.3,170.9,83.1
-0.17447803808098492,-0.47049635457340305,-0.2188319092530534,0.1040458439921906,L,41.2,109.4,87.7,174.0,86.2
2.1405798611052127,1.9810726220192623,1.276757858261015,1.2684833344655368,XL,45.3,115.0,96.8,183.6,101.4
1.6888612466298583,1.09204211402412,-0.10977848870514988,0.5943353136651778,XL,44.5,112.2,93.5,174.70000000000002,92.6
0.10784609596611276,0.41853415342173905,-0.45251781042712674,-0.3096358960443933,M,41.7,103.8,91.0,172.5,80.8
0.7289591908697245,0.2838325613012629,-0.14093660886169565,0.9467308699926384,XL,42.8,115.3,90.5,174.5,97.2
0.7289591908697245,-0.551317309845688,-0.28114814956614054,-0.19472430158978676,L,42.8,106.7,87.4,173.6,82.3
-1.2473097474599593,-1.0631833599034992,1.1053881974000288,-1.4510910676268174,S,39.3,94.7,85.5,182.5,65.9
0.05138126915669242,-0.3357947624529269,-0.18767378909651208,0.22661821141043711,L,41.6,104.9,88.2,174.2,87.8
1.1242129785356627,0.2299519244530716,0.6068582748953364,0.5330491299560545,L,43.5,104.3,90.3,179.29999999999998,91.8
1.971185380676956,1.0112211587518352,-0.10977848870514988,2.0345606308295805,XXL,45.0,123.2,93.2,174.70000000000002,111.4
-0.17447803808098492,-0.09333189663607203,-0.17209472901823697,-0.8305684575719426,S,41.2,95.6,89.1,174.3,74.0
1.8582557270581153,1.4961468903855486,1.2144416179479323,0.7705330918289086,L,44.8,107.6,95.0,183.20000000000002,94.9
-0.40033734531866627,-1.3325865441444515,-0.7173618317577458,-1.1523209220448412,S,40.8,94.7,84.5,170.79999999999998,69.8
2.0841150342957966,0.5532357455422152,0.7470698155997857,0.9160877781380763,L,45.2,109.6,91.5,180.20000000000002,96.8
0.6724943640603082,-0.14721253348425944,0.04601211207756126,0.2649220762286393,L,42.7,108.9,88.9,175.7,88.3
1.801790900248699,1.5500275272337398,1.6662343602178038,1.0233385996290427,L,44.7,108.3,95.2,186.1,98.2
-0.2874076916998256,-0.2010931703324507,0.71591169544324,-0.4245474904989998,M,41.0,101.0,88.7,180.0,79.3
-0.34387251850924594,-1.1170639967516904,-0.7173618317577458,0.5330491299560545,XL,40.9,113.9,85.3,170.79999999999998,91.8
-1.2473097474599593,-0.3357947624529269,0.31085613340818036,0.3951552166105269,L,39.3,107.9,88.2,177.4,90.0
1.632396419820438,0.6340567008145002,-0.4836759305836681,1.2301794696473347,XL,44.4,117.4,91.8,172.3,100.9
-0.1180132112715686,-0.12027221506016574,1.1521253776348452,-1.7115573483905926,S,41.3,89.9,89.0,182.8,62.5
1.8582557270581153,0.6879373376626915,0.8405441760694141,2.39461696012068,XXL,44.8,120.3,92.0,180.8,116.1
0.9548184981074058,0.20301160602897791,-1.1068383337145302,-1.2672325164994476,M,43.2,100.9,90.2,168.3,68.3
0.05138126915669242,0.5532357455422152,-0.28114814956614054,-1.5047164783723006,M,41.6,96.1,91.5,173.6,65.2
-0.5697318257469233,-0.5782576282697856,-0.4992549906619432,-0.3096358960443933,L,40.5,107.7,87.3,172.2,80.8
0.8983536712979855,-0.5243769914215943,0.10832835239064836,1.4216987937383456,XL,43.1,116.3,87.5,176.1,103.4
0.3337054032037901,0.41853415342173905,0.9340185365390425,1.751112031174884,XL,42.1,117.9,91.0,181.4,107.7
0.39017023001321044,0.3377131981494541,0.9495975966173132,-0.8535507764628637,M,42.2,101.6,90.7,181.5,73.7
1.011283324916822,0.3377131981494541,0.71591169544324,0.847140821465313,XL,43.3,116.3,90.7,180.0,95.9
0.3337054032037901,1.0381614771759289,1.0586510171652168,0.14234970881039277,L,42.1,105.3,93.3,182.20000000000002,86.7
-1.529633881507057,-1.224825270448069,-1.5586310759844106,-0.5547806308808874,L,38.8,105.0,84.9,165.39999999999998,77.6
0.3337054032037901,-1.1170639967516904,-2.072740058567369,0.6019960866288189,L,42.1,110.5,85.3,162.1,92.7
-0.23094286489040525,-0.4974366729975006,-0.5927293511315717,-0.5011552201354041,M,41.1,99.7,87.6,171.6,78.3
-0.061548384462148255,-0.6590785835420705,-1.7144216767671263,0.1040458439921906,L,41.4,110.3,87.0,164.39999999999998,86.2
0.4466350568226268,-0.36273508087702444,-1.1224173937928055,0.854801594428953,L,42.3,109.8,88.1,168.2,96.0
-1.190844920650539,-1.3595268625685453,-1.6053682562192226,-1.8341297158088397,S,39.4,91.2,84.4,165.1,60.9
-0.5132669989375029,-0.17415285190835697,-0.7796780720708285,0.4257983084650891,XL,40.6,118.1,88.8,170.4,90.4
0.16431092277552908,-0.8207204940866404,0.4666467341908959,-0.3479397608625955,M,41.8,103.1,86.4,178.4,80.3
-0.061548384462148255,-1.3864671809926428,-1.776737917080209,-0.7539607279355383,L,41.4,106.7,84.3,164.0,75.0
0.5595647104414675,-0.5243769914215943,-1.028943033323177,-1.0757131924084367,M,42.5,96.8,87.5,168.79999999999998,70.8
-0.17447803808098492,0.499355108694024,0.6380163950518821,-0.3479397608625955,M,41.2,103.3,91.3,179.5,80.3
1.463001939392181,0.7418179745108827,1.3234950384958315,-1.2825540624267286,S,44.1,90.9,92.2,183.9,68.1
0.10784609596611276,-0.3896753993011181,-0.6862037116012001,-0.06449116120789916,L,41.7,111.1,88.0,171.0,84.0
-0.4568021721280826,-0.6321382651179768,-0.37462251003576896,0.6173176325561,L,40.7,110.6,87.1,173.0,92.9
0.22077574958494942,-0.7129592203902617,-1.324945174810333,0.9697131888835595,XL,41.9,118.3,86.8,166.9,97.5
2.2535095147240534,1.0651017956000264,0.43548861403435013,1.988595993047737,XXL,45.5,120.8,93.4,178.2,110.8
-0.7391263061751803,0.2838325613012629,-0.14093660886169565,-0.36326130678987656,M,40.2,101.0,90.5,174.5,80.1
-0.23094286489040525,-1.2787059072962603,-1.5430520159061356,0.1346889358467517,XL,41.1,114.7,84.7,165.5,86.6
0.503099883632047,0.2838325613012629,0.762648875678052,1.0003562807381217,XL,42.4,113.5,90.5,180.29999999999998,97.9
0.4466350568226268,0.41853415342173905,-0.39020157011403966,0.9850347348108406,XL,42.3,117.7,91.0,172.9,97.7
1.5194667662016013,0.31077287972535655,-0.24999002940959475,-0.4245474904989998,M,44.2,98.1,90.6,173.8,79.3
-0.5132669989375029,0.6879373376626915,0.4043304938778088,0.05042043324670735,L,40.6,109.7,92.0,178.0,85.5
-0.005083557652727914,1.09204211402412,1.276757858261015,-0.23302816640798896,M,41.5,101.6,93.5,183.6,81.8
-1.868422842363571,-1.1978849520239754,-0.4992549906619432,0.5560314488469756,L,38.2,110.0,85.0,172.2,92.1
0.5595647104414675,1.5500275272337398,2.3828711238182945,2.233740727884231,XXL,42.5,122.7,95.2,190.7,114.0
-0.7955911329846006,-0.7129592203902617,-1.7923169771584797,0.2572613032649993,XL,40.1,115.6,86.8,163.9,88.2
-0.4568021721280826,-0.12027221506016574,0.4666467341908959,0.22661821141043711,M,40.7,101.9,89.0,178.4,87.8
0.10784609596611276,-0.5782576282697856,-1.5118938957495942,0.19597511955587604,XL,41.7,113.1,87.3,165.7,87.4
-1.190844920650539,-0.6321382651179768,-0.17209472901823697,-0.8765330953537848,S,39.4,95.7,87.1,174.3,73.4
0.3337054032037901,0.2299519244530716,0.1394864725471897,1.1535717400109304,XL,42.1,117.4,90.3,176.29999999999998,99.9
0.6724943640603082,-0.4974366729975006,-1.028943033323177,0.410476762537808,XL,42.7,112.1,87.6,168.79999999999998,90.2
0.05138126915669242,-0.6590785835420705,-0.04746224839206719,0.2572613032649993,L,41.6,106.0,87.0,175.1,88.2
0.3337054032037901,1.3883856166891662,0.8405441760694141,0.06574197917398844,L,42.1,110.2,94.6,180.8,85.7
-0.9649856134128616,-0.4435560361493094,0.9963347768521297,0.1040458439921906,M,39.8,103.3,87.8,181.8,86.2
-1.0779152670316983,-2.0869154600191173,-1.3093661147320623,-0.05683038824425917,L,39.6,107.5,81.7,167.0,84.1
1.1242129785356627,0.7687582929349764,0.7470698155997857,-0.24834971233527003,L,43.5,106.8,92.3,180.20000000000002,81.6
-0.4568021721280826,-0.7398995388143554,-0.8887314926187276,0.5024060381014934,XL,40.7,114.8,86.7,169.70000000000002,91.4
0.2772405763943698,-0.41661571772521183,-0.4992549906619432,0.6249784055197399,L,42.0,109.9,87.9,172.2,93.0
-0.5697318257469233,0.12219065075669296,-0.14093660886169565,0.3721728977196058,L,40.5,110.7,89.9,174.5,89.7
0.8983536712979855,-0.25497380718064194,-0.39020157011403966,1.0233385996290427,XL,43.1,117.6,88.5,172.9,98.2
0.5595647104414675,-0.4435560361493094,-0.2188319092530534,-0.1487596638079435,L,42.5,106.2,87.8,174.0,82.9
-0.7391263061751803,-1.1978849520239754,-1.247049874418975,-0.5930844956990896,M,40.2,103.6,85.0,167.4,77.1
-0.17447803808098492,0.6609970192385978,-0.18767378909651208,0.418137535501448,L,41.2,110.0,91.9,174.2,90.3
0.2772405763943698,1.172863069296405,0.35759331364299235,0.24193975733771822,L,42.0,109.2,93.8,177.7,88.0
1.463001939392181,-0.03945125978788078,0.4043304938778088,1.4906457504111088,XL,44.1,115.8,89.3,178.0,104.3
-0.5132669989375029,-0.9823624046312142,-2.399900320211071,-1.6502711646814694,S,40.6,93.9,85.8,160.0,63.3
-0.2874076916998256,-0.03945125978788078,-0.7329408918360121,0.9543916429562784,XL,41.0,114.2,89.3,170.70000000000002,97.3
0.10784609596611276,-0.8746011309348317,0.4199095539560795,-0.39390439864443766,L,41.7,105.0,86.2,178.1,79.7
1.2371426321545034,0.14913096918078667,0.17064459270373547,-0.9837839168447513,M,43.7,97.3,90.0,176.5,72.0
0.7289591908697245,0.499355108694024,0.4666467341908959,-1.4510910676268174,S,42.8,92.7,91.3,178.4,65.9
-1.1343800938411186,-0.9284817677830229,-0.8108361922273742,-0.21004584751706787,L,39.5,107.5,86.0,170.2,82.1
0.22077574958494942,1.0651017956000264,0.35759331364299235,-0.685013771262774,M,41.9,101.0,93.4,177.7,75.9
-1.3037745742693756,-1.0901236783275927,-0.4057806301923103,-0.5701021768081674,M,39.2,102.9,85.4,172.8,77.4
-0.4568021721280826,-1.3325865441444515,-0.12535754878342498,-0.5624414038445275,L,40.7,106.3,84.5,174.6,77.5
0.7289591908697245,-1.3056462257203578,-0.5771502910532965,-0.48583367420812307,S,42.8,95.3,84.6,171.70000000000002,78.5
0.3337054032037901,0.9304002034795501,0.8561232361476848,-0.7309784090446172,M,42.1,100.8,92.9,180.9,75.3
1.180677805345083,1.0112211587518352,-0.18767378909651208,0.18065357362859497,M,43.6,103.6,93.2,174.2,87.2
0.05138126915669242,-0.4435560361493094,0.513383914425708,0.3951552166105269,L,41.6,104.7,87.8,178.7,90.0
-0.17447803808098492,0.7148776560867851,1.1053881974000288,-0.1794027556625057,L,41.2,104.8,92.1,182.5,82.5
1.8582557270581153,1.684729119354216,2.507503604444469,0.21895743844679713,M,44.8,103.4,95.7,191.5,87.7
1.463001939392181,0.7956986113590739,1.1988625578696572,0.08872429806490953,M,44.1,101.1,92.4,183.1,86.0
0.8418888444885652,0.9034598850554526,0.6847535752866986,0.640299951447021,L,43.0,110.6,92.8,179.8,93.2
-0.8520559597940209,0.041369695484404174,0.24853989309509325,-1.1446601490812,S,40.0,95.1,89.6,177.0,69.9
-1.868422842363571,-1.0631833599034992,-0.32788532980095253,-0.9608015979538302,M,38.2,96.4,85.5,173.3,72.3
0.4466350568226268,0.25689224287716916,-0.7485199519142872,-1.106356284262998,M,42.3,101.1,90.4,170.6,70.4
1.6888612466298583,0.14913096918078667,0.7470698155997857,-0.08747348009882025,M,44.5,96.7,90.0,180.20000000000002,83.7
1.463001939392181,-0.9823624046312142,-0.7329408918360121,-0.40922594457171874,M,44.1,98.8,85.8,170.70000000000002,79.5
1.180677805345083,0.8765195666313589,-0.28114814956614054,2.861924110902747,XXL,43.6,127.7,92.7,173.6,122.2
0.3337054032037901,-0.2819141256047356,0.513383914425708,0.9620524159199195,XL,42.1,112.0,88.4,178.7,97.4
-0.1180132112715686,-2.0330348231709263,-2.1973725391935393,-1.2595717435358065,M,41.3,99.7,81.9,161.3,68.4
-0.5697318257469233,-2.1946767337154998,-1.8078960372367547,-2.0256490398998506,XS,40.5,87.2,81.3,163.79999999999998,58.4
0.4466350568226268,0.5801760639663089,0.3887514337995337,0.862462367392593,L,42.3,110.8,91.6,177.89999999999998,96.1
0.7854240176791448,0.36465351657354783,0.24853989309509325,-1.3974656568813353,S,42.9,95.3,90.8,177.0,66.6
0.503099883632047,0.09525033233259542,-0.3123062697226819,0.6862645892288632,L,42.4,108.6,89.8,173.4,93.8
-0.4568021721280826,-0.7129592203902617,-0.6550455914446587,-0.5547806308808874,L,40.7,109.0,86.8,171.2,77.6
0.6160295372508878,0.9842808403277375,0.9807557167738545,0.418137535501448,M,42.6,103.8,93.1,181.7,90.3
-1.190844920650539,-1.3056462257203578,-2.1194772388021814,-1.8954158995179629,S,39.4,94.2,84.6,161.8,60.1
1.2936074589639197,-1.2787059072962603,-1.262628934497246,-0.8918546412810658,M,43.8,102.2,84.7,167.3,73.2
1.35007228577334,0.499355108694024,-0.14093660886169565,1.3604126100292213,XXL,43.9,121.3,91.3,174.5,102.6
0.05138126915669242,0.8226389297831677,1.276757858261015,-1.3285187002085708,S,41.6,92.2,92.5,183.6,67.5
-0.1180132112715686,-0.2010931703324507,-0.4992549906619432,-0.8458900034992237,M,41.3,97.7,88.7,172.2,73.8
0.6724943640603082,-0.47049635457340305,-0.5615712309750258,0.7092469081197843,XL,42.7,116.8,87.7,171.8,94.1
-0.1180132112715686,-0.06639157821197449,1.0898091373217582,-0.685013771262774,S,41.3,94.8,89.2,182.4,75.9
1.5194667662016013,1.8194307114746924,2.0089736819397808,-1.5200380242995817,M,44.2,97.7,96.2,188.3,65.0
1.011283324916822,0.9573405219036438,1.3079159784175607,-0.8152469116446616,M,43.3,99.0,93.0,183.8,74.2
-0.8520559597940209,0.20301160602897791,0.27969801325163457,-0.7079960901536961,M,40.0,97.5,90.2,177.2,75.6
1.6888612466298583,2.3851773983806908,0.6691745152084235,1.8890059445204117,XL,44.5,116.1,98.3,179.7,109.5
-1.4731690546976366,-1.8713929126263562,-0.8575733724621863,-1.3744833379904131,S,38.9,93.0,82.5,169.9,66.9
2.4793688219617307,0.17607128760488036,-0.8419943123839156,1.5059672963383899,XXL,45.9,121.3,90.1,170.0,104.5
-0.40033734531866627,-0.766839857238453,-0.7329408918360121,-0.24068893937162894,L,40.8,106.1,86.6,170.70000000000002,81.7
0.8418888444885652,1.5230872088096423,0.9963347768521297,0.19597511955587604,M,43.0,100.8,95.1,181.8,87.4
-0.5132669989375029,-0.25497380718064194,-0.7173618317577458,-1.2059463327903244,M,40.6,101.5,88.5,170.79999999999998,69.1
-0.6261966525563436,0.41853415342173905,0.513383914425708,-0.09513425306246134,M,40.4,100.4,91.0,178.7,83.6
-1.7554931887447343,-1.2787059072962603,-0.06304130847033786,-1.3055363813176497,S,38.4,94.4,84.7,175.0,67.8
1.011283324916822,0.6340567008145002,-0.18767378909651208,0.7781938647925486,L,43.3,108.3,91.8,174.2,95.0
0.6160295372508878,-1.4134074994167365,-2.0415819384108236,0.5100668110651334,XXL,42.6,120.1,84.2,162.3,91.5
0.05138126915669242,-0.7937801756625467,0.2641189531733639,-0.1870635286261457,L,41.6,106.4,86.5,177.1,82.4
-1.1343800938411186,-0.5782576282697856,-0.4680968705053974,-0.24834971233527003,M,39.5,101.1,87.3,172.4,81.6
0.16431092277552908,0.2299519244530716,-0.39020157011403966,-1.098695511299358,M,41.8,96.4,90.3,172.9,70.5
-0.23094286489040525,-1.440347817840834,-0.5459921708967552,-1.933719764336165,S,41.1,95.3,84.1,171.9,59.6
0.5595647104414675,-0.12027221506016574,-0.4836759305836681,0.3874944436468869,L,42.5,105.2,89.0,172.3,89.9
0.7854240176791448,-0.47049635457340305,-0.9354686728535441,-0.20238507455342677,L,42.9,107.0,87.7,169.4,82.2
-2.207211803220089,-2.0060945047468324,-0.9822058530883605,-0.3785828527171565,L,37.6,104.1,82.0,169.1,79.9
-0.061548384462148255,0.17607128760488036,-0.32788532980095253,-0.4781729012444831,M,41.4,101.3,90.1,173.3,78.6
0.7289591908697245,-1.440347817840834,-1.2003126941841586,-0.6313883605172917,L,42.8,108.8,84.1,167.70000000000002,76.6
-0.6826614793657639,-0.25497380718064194,0.06159117215583636,-1.3898048839176942,M,40.3,96.8,88.5,175.8,66.7
0.10784609596611276,-0.25497380718064194,0.10832835239064836,-0.5394590849536063,M,41.7,100.9,88.5,176.1,77.8
-1.360239401078796,0.2299519244530716,-0.5927293511315717,-0.7999253657173805,M,39.1,102.3,90.3,171.6,74.4
-0.40033734531866627,-1.0093027230553078,-0.20325284917477832,0.6326391784833799,XL,40.8,113.6,85.7,174.10000000000002,93.1
1.0677481517262424,0.7148776560867851,0.31085613340818036,0.2572613032649993,XL,43.4,114.7,92.1,177.4,88.2
-0.8520559597940209,-0.14721253348425944,-0.623887471288113,-0.018526523426056995,M,40.0,103.7,88.9,171.4,84.6
-0.2874076916998256,0.09525033233259542,-0.14093660886169565,0.862462367392593,XL,41.0,113.1,89.8,174.5,96.1
1.5759315930110176,0.8495792482072614,-0.0007250681572507532,1.2684833344655368,XL,44.3,119.2,92.6,175.4,101.4
0.05138126915669242,-0.3896753993011181,-0.42135969027058096,0.04275966028306735,L,41.6,111.1,88.0,172.70000000000002,85.4
-0.9085207866034413,-0.03945125978788078,0.31085613340818036,0.4334590814287291,L,39.9,111.7,89.3,177.4,90.5
0.7854240176791448,-0.7398995388143554,0.030433051999290587,1.084624783338166,XL,42.9,115.3,86.7,175.6,99.0
-0.2874076916998256,0.014429377060310465,0.030433051999290587,-0.20238507455342677,L,41.0,109.3,89.5,175.6,82.2
0.3337054032037901,0.2838325613012629,0.31085613340818036,0.21129666548315604,L,42.1,106.3,90.5,177.4,87.6
-0.7955911329846006,-1.0093027230553078,-1.137996453871076,0.08872429806490953,L,40.1,111.2,85.7,168.1,86.0
-0.6261966525563436,-0.2819141256047356,-0.8108361922273742,0.07340275213762844,XL,40.4,115.0,88.4,170.2,85.8
-0.005083557652727914,-0.25497380718064194,-0.2967272096444112,0.46410217328329123,XL,41.5,115.8,88.5,173.5,90.9
-0.23094286489040525,0.17607128760488036,-0.1565156689399663,1.1459109670472893,XL,41.1,115.8,90.1,174.4,99.8
-1.2473097474599593,-0.3357947624529269,-0.3434643898792276,0.5253883569924145,L,39.3,107.3,88.2,173.2,91.7
0.7289591908697245,0.09525033233259542,-0.6706246515229294,-0.462851355317202,L,42.8,108.4,89.8,171.1,78.8
0.16431092277552908,-1.1440043151757842,-1.8546332174715667,-1.1599816950084811,M,41.8,101.0,85.2,163.5,69.7
0.05138126915669242,-0.47049635457340305,-0.7485199519142872,-0.32495744197167437,L,41.6,106.9,87.7,170.6,80.6
-0.5132669989375029,0.39159383499764533,0.2641189531733639,0.09638507102854953,L,40.6,105.6,90.9,177.1,86.1
0.5595647104414675,-0.06639157821197449,0.5912792148170701,1.7894158959930861,XXL,42.5,121.7,89.2,179.20000000000002,108.2
0.8983536712979855,0.7148776560867851,1.1988625578696572,0.7705330918289086,XL,43.1,113.3,92.1,183.1,94.9
-0.23094286489040525,1.2267437061445963,1.5260228195133634,1.1076071022290872,XL,41.1,113.5,94.0,185.20000000000002,99.3
-0.061548384462148255,0.6879373376626915,1.0430719570869418,1.1229286481563683,XL,41.4,118.4,92.0,182.1,99.5
0.5595647104414675,0.5801760639663089,-0.0007250681572507532,1.299126426320098,XL,42.5,118.6,91.6,175.4,101.8
-0.5132669989375029,-0.25497380718064194,-1.0912592736362596,-0.8382292305355826,L,40.6,106.7,88.5,168.4,73.9
-0.34387251850924594,-1.1978849520239754,-0.7017827716794708,0.4028159895741669,XL,40.9,112.1,85.0,170.9,90.1
1.5759315930110176,2.654580582621643,1.1209672574782994,0.9390700970289974,L,44.3,111.4,99.3,182.6,97.1
-0.17447803808098492,0.7418179745108827,0.6380163950518821,0.3721728977196058,L,41.2,110.5,92.2,179.5,89.7
-0.7391263061751803,0.20301160602897791,0.43548861403435013,-0.5241375390263252,M,40.2,102.8,90.2,178.2,78.0
-0.7391263061751803,1.0651017956000264,0.23296083301681814,1.0922855563018061,XL,40.2,115.8,93.4,176.89999999999998,99.1
-0.2874076916998256,-0.847660812510738,-0.14093660886169565,0.18065357362859497,L,41.0,109.7,86.3,174.5,87.2
-0.6261966525563436,0.14913096918078667,0.762648875678052,0.7475507729379864,L,40.4,111.5,90.0,180.29999999999998,94.6
-1.3037745742693756,-0.9015414493589292,-0.2967272096444112,0.46410217328329123,XL,39.2,112.0,86.1,173.5,90.9
-2.037817322791832,-0.2819141256047356,0.48222579426916656,-1.0067662357356724,M,37.9,99.0,88.4,178.5,71.7
-0.6826614793657639,-0.8207204940866404,-1.4495776554365072,-0.8918546412810658,M,40.3,102.5,86.4,166.1,73.2
2.1970446879146333,1.9541323035951685,0.4666467341908959,1.735790485247603,XL,45.4,119.1,96.7,178.4,107.5
-0.061548384462148255,0.014429377060310465,0.29527707332990527,-0.2713320312261911,L,41.4,105.4,89.5,177.29999999999998,81.3
0.39017023001321044,0.2299519244530716,0.5601210946605244,0.7705330918289086,XL,42.2,116.5,90.3,179.0,94.9
-0.2874076916998256,-1.1170639967516904,-0.45251781042712674,-0.018526523426056995,L,41.0,108.0,85.3,172.5,84.6
0.8983536712979855,0.2838325613012629,1.1832834977913866,-0.40922594457171874,M,43.1,101.0,90.5,183.0,79.5
0.6160295372508878,-0.03945125978788078,-0.8575733724621863,-0.03384806935333699,L,42.6,108.9,89.3,169.9,84.4
-0.6826614793657639,-0.766839857238453,0.29527707332990527,-0.7769430468264593,M,40.3,98.3,86.6,177.29999999999998,74.7
-1.021450440222278,-0.7937801756625467,-0.9977849131666312,-0.8612115494265048,L,39.7,106.8,86.5,169.0,73.6
-1.4167042278882163,0.014429377060310465,0.31085613340818036,0.1040458439921906,L,39.0,106.7,89.5,177.4,86.2
0.4466350568226268,0.5262954271181215,-0.3123062697226819,-0.49349444717176305,L,42.3,109.2,91.4,173.4,78.4
0.4466350568226268,0.06831001390850171,0.778227935756327,1.2684833344655368,L,42.3,109.9,89.7,180.4,101.4
-1.9248876691729913,-1.3325865441444515,-1.5430520159061356,-1.0144270086993135,M,38.1,100.3,84.5,165.5,71.6
-0.005083557652727914,-0.6590785835420705,0.17064459270373547,-0.4015651716080787,M,41.5,99.1,87.0,176.5,79.6
-0.17447803808098492,0.014429377060310465,0.4199095539560795,0.7398899999743465,XL,41.2,113.7,89.5,178.1,94.5
0.16431092277552908,0.6609970192385978,1.8220249610005195,0.07340275213762844,L,41.8,105.8,91.9,187.1,85.8
-0.7391263061751803,-0.30885444402883316,0.43548861403435013,0.17299280066495387,L,40.2,106.7,88.3,178.2,87.1
0.4466350568226268,0.9034598850554526,-0.26556908948786545,0.7935154107198297,XL,42.3,118.1,92.8,173.70000000000002,95.2
-1.1343800938411186,-0.6321382651179768,-0.06304130847033786,-0.37092207975351654,M,39.5,98.8,87.1,175.0,80.0
1.5194667662016013,1.4692065719614549,2.3361339435834783,1.5749142530111542,L,44.2,111.3,94.9,190.39999999999998,105.4
1.5194667662016013,0.8226389297831677,0.48222579426916656,-0.003204977498775909,L,44.2,110.3,92.5,178.5,84.8
0.22077574958494942,0.41853415342173905,0.1394864725471897,0.35685135179232474,XL,41.9,116.0,91.0,176.29999999999998,89.5
-0.9085207866034413,-0.14721253348425944,-0.2967272096444112,-0.24068893937162894,L,39.9,106.9,88.9,173.5,81.7
0.503099883632047,0.14913096918078667,-0.42135969027058096,0.418137535501448,XL,42.4,112.2,90.0,172.70000000000002,90.3
2.4793688219617307,1.8733113483228836,2.320554883505212,2.869584883866387,XXL,45.9,122.4,96.4,190.3,122.3
0.6160295372508878,0.41853415342173905,0.528962974503983,0.5866745407015378,L,42.6,108.6,91.0,178.8,92.5
0.16431092277552908,0.9842808403277375,1.0430719570869418,1.5902357989384344,XXL,41.8,121.7,93.1,182.1,105.6
0.7289591908697245,0.09525033233259542,-1.6676844965323099,0.5024060381014934,XXL,42.8,123.3,89.8,164.7,91.4
-0.5697318257469233,0.8495792482072614,1.8531830811570653,0.877783913319874,XL,40.5,112.1,92.6,187.3,96.3
-1.9248876691729913,-0.3896753993011181,0.030433051999290587,-0.4398690364262809,L,38.1,105.0,88.0,175.6,79.1
1.7453260734392786,0.2838325613012629,0.6224373349736114,1.7970766689567261,XL,44.6,115.7,90.5,179.4,108.3
-0.6261966525563436,-0.3357947624529269,-0.3434643898792276,0.9620524159199195,XL,40.4,115.1,88.2,173.2,97.4
-0.34387251850924594,-1.0362430414794055,-1.1847336341058925,-0.018526523426056995,L,40.9,109.7,85.6,167.79999999999998,84.6
0.6724943640603082,0.7687582929349764,0.8093860559128684,1.728129712283963,XL,42.7,113.7,92.3,180.6,107.4
-2.6024655908860272,-1.3864671809926428,-2.228530659350085,-0.685013771262774,L,36.9,109.0,84.3,161.1,75.9
1.1242129785356627,1.3614452982650724,2.11802710248768,2.1494722252841867,XL,43.5,118.4,94.5,189.0,112.9
0.22077574958494942,-0.5243769914215943,0.45106767411262083,0.647960724410661,L,41.9,104.8,87.5,178.29999999999998,93.3
0.2772405763943698,0.9573405219036438,1.6039181199047168,1.4676634315201877,XL,42.0,114.3,93.0,185.7,104.0
-1.2473097474599593,0.06831001390850171,0.31085613340818036,0.5024060381014934,L,39.3,106.1,89.7,177.4,91.4
0.7854240176791448,0.8226389297831677,1.3858112788089185,1.980935220084097,XL,42.9,116.1,92.5,184.3,110.7
1.2371426321545034,0.2299519244530716,-0.39020157011403966,0.847140821465313,XL,43.7,115.3,90.3,172.9,95.9
-1.2473097474599593,-1.521168773113119,-0.5148340507402094,-0.462851355317202,M,39.3,102.0,83.8,172.10000000000002,78.8
-0.23094286489040525,0.14913096918078667,1.1521253776348452,0.3951552166105269,M,41.1,103.7,90.0,182.8,90.0
-0.6261966525563436,0.6340567008145002,0.12390741246891904,0.418137535501448,L,40.4,111.3,91.8,176.2,90.3
0.16431092277552908,-0.30885444402883316,-0.6083084112098422,-0.3019751230807522,L,41.8,106.4,88.3,171.5,80.9
0.10784609596611276,-0.03945125978788078,0.45106767411262083,0.18065357362859497,L,41.7,109.3,89.3,178.29999999999998,87.2
-0.5697318257469233,-0.6051979466938793,-0.7329408918360121,0.34152980586504367,L,40.5,110.2,87.2,170.70000000000002,89.3
-1.3037745742693756,0.5262954271181215,0.9028604163825013,0.6556214973743021,L,39.2,110.9,91.4,181.20000000000002,93.4
1.1242129785356627,1.0381614771759289,1.6506553001395332,0.3032259410468415,L,43.5,110.6,93.3,186.0,88.8
-1.4731690546976366,0.4724147902699303,0.2173817729385519,0.32620825993776253,L,38.9,108.6,91.2,176.8,89.1
0.05138126915669242,-0.09333189663607203,0.10832835239064836,0.8088369566471109,L,41.6,106.3,89.1,176.1,95.4
0.6724943640603082,0.6340567008145002,-0.4992549906619432,0.8394800485016719,XL,42.7,112.9,91.8,172.2,95.8
1.5759315930110176,0.5801760639663089,0.5445420345822537,-0.27899280418983113,M,44.3,103.7,91.6,178.9,81.2
1.971185380676956,1.684729119354216,0.4043304938778088,1.3450910641019411,XXL,45.0,120.7,95.7,178.0,102.4
0.3337054032037901,-0.3896753993011181,0.2173817729385519,-0.018526523426056995,L,42.1,107.3,88.0,176.8,84.6
-0.9649856134128616,0.7148776560867851,-1.4807357755930486,0.34152980586504367,XL,39.8,113.6,92.1,165.9,89.3
-1.190844920650539,-1.1709446335998817,-0.32788532980095253,-0.49349444717176305,L,39.4,104.2,85.1,173.3,78.4
2.1405798611052127,1.9002516667469773,2.6477151451489136,1.2684833344655368,XL,45.3,112.5,96.5,192.4,101.4
-1.868422842363571,-1.7905719573540713,-0.8731524325404614,-0.36326130678987656,L,38.2,104.7,82.8,169.79999999999998,80.1
0.6724943640603082,-0.09333189663607203,0.575700154738795,1.1842148318654915,XL,42.7,115.0,89.1,179.1,100.3
-0.8520559597940209,0.39159383499764533,0.71591169544324,0.17299280066495387,L,40.0,104.8,90.9,180.0,87.1
1.8582557270581153,1.7116694377783097,1.4637065792002764,0.6096568595924589,XL,44.8,114.6,95.8,184.8,92.8
0.4466350568226268,0.4454744718458328,-0.10977848870514988,-0.3019751230807522,L,42.3,109.0,91.1,174.70000000000002,80.9
1.5759315930110176,1.6308484825060248,2.3517130036617533,2.471224689757084,XL,44.3,119.6,95.5,190.5,117.1
0.6160295372508878,0.8226389297831677,-1.2937870546537915,0.2572613032649993,L,42.6,107.8,92.5,167.1,88.2
-0.9085207866034413,-0.9823624046312142,-1.324945174810333,-0.7616215008991782,M,39.9,101.2,85.8,166.9,74.9
-0.17447803808098492,1.1998033877205025,0.8717022962259554,0.8318192755380319,XL,41.2,112.7,93.9,181.0,95.7
1.0677481517262424,-0.14721253348425944,1.728550600530891,0.2496005303013582,M,43.4,99.0,88.9,186.5,88.1
-0.7955911329846006,0.12219065075669296,0.7314907555215105,-1.0603916464811556,S,40.1,95.6,89.9,180.1,71.0
-1.0779152670316983,-1.655870365233595,-0.7329408918360121,-0.462851355317202,L,39.6,105.3,83.3,170.70000000000002,78.8
-0.23094286489040525,-0.09333189663607203,-0.7329408918360121,-0.03384806935333699,L,41.1,105.9,89.1,170.70000000000002,84.4
-1.3037745742693756,-0.3896753993011181,-0.6083084112098422,0.35685135179232474,L,39.2,110.3,88.0,171.5,89.5
-0.40033734531866627,0.6071163823904066,0.762648875678052,0.6326391784833799,L,40.8,107.7,91.7,180.29999999999998,93.1
0.5595647104414675,-0.7937801756625467,-0.5771502910532965,0.4257983084650891,L,42.5,111.7,86.5,171.70000000000002,90.4
0.8418888444885652,0.41853415342173905,1.074230077243483,1.6285396637566365,XL,43.0,118.3,91.0,182.29999999999998,106.1
-1.190844920650539,-0.8746011309348317,0.2173817729385519,0.07340275213762844,L,39.4,104.9,86.2,176.8,85.8
-0.061548384462148255,-2.113855778443215,-2.057160998489094,0.07340275213762844,XL,41.4,114.7,81.6,162.20000000000002,85.8
0.6160295372508878,-0.4435560361493094,0.4043304938778088,0.46410217328329123,L,42.6,105.9,87.8,178.0,90.9
1.011283324916822,-0.09333189663607203,-0.5927293511315717,0.6939253621925043,XL,43.3,113.0,89.1,171.6,93.9
2.0841150342957966,1.5769678456578335,0.37317237372126744,1.9043274904476928,XL,45.2,119.3,95.3,177.8,109.7
-0.6826614793657639,0.2838325613012629,-0.7796780720708285,-1.3744833379904131,M,40.3,97.7,90.5,170.4,66.9
0.6724943640603082,-0.012510941363783242,0.45106767411262083,0.05808120621034735,L,42.7,107.2,89.4,178.29999999999998,85.6
-0.5132669989375029,0.17607128760488036,0.326435193486451,0.8854446862835151,L,40.6,109.8,90.1,177.5,96.4
-0.17447803808098492,-0.12027221506016574,-0.07862036854860853,-0.685013771262774,S,41.2,95.1,89.0,174.9,75.9
-0.5132669989375029,-0.6860189019661642,0.6224373349736114,-0.23302816640798896,M,40.6,102.7,86.9,179.4,81.8
-0.6261966525563436,-0.9554220862071167,-0.4680968705053974,0.2802436221559204,L,40.4,109.0,85.9,172.4,88.5
0.7289591908697245,1.3883856166891662,1.1988625578696572,1.5136280693020299,XL,42.8,116.3,94.6,183.1,104.6
-0.005083557652727914,1.7924903930505947,1.7597087206874324,0.4334590814287291,L,41.5,104.5,96.1,186.7,90.5
-0.23094286489040525,0.014429377060310465,0.6224373349736114,0.05808120621034735,L,41.1,105.6,89.5,179.4,85.6
-0.9649856134128616,-0.25497380718064194,0.35759331364299235,0.34152980586504367,L,39.8,107.8,88.5,177.7,89.3
-1.5860987083164733,-0.9823624046312142,0.2641189531733639,-0.1640812097352246,M,38.7,102.2,85.8,177.1,82.7
-0.17447803808098492,-0.4974366729975006,0.7938069958345977,1.2531617885382558,XL,41.2,116.5,87.6,180.5,101.2
-1.3037745742693756,-0.5782576282697856,-0.23441096933132408,-0.12577734491702242,L,39.2,104.0,87.3,173.9,83.2
0.22077574958494942,-0.2819141256047356,-0.32788532980095253,0.7169076810834254,XL,41.9,114.2,88.4,173.3,94.2
0.8983536712979855,1.8463710298987859,-0.9354686728535441,0.9007662322107951,XXL,43.1,122.6,96.3,169.4,96.6
0.8418888444885652,1.0381614771759289,1.0430719570869418,1.4370203396656256,XL,43.0,112.6,93.3,182.1,103.6
1.1242129785356627,-0.6590785835420705,0.17064459270373547,-0.462851355317202,L,43.5,104.4,87.0,176.5,78.8
-0.23094286489040525,0.7687582929349764,0.3887514337995337,0.18831434659223495,L,41.1,109.4,92.3,177.89999999999998,87.3
1.5759315930110176,1.0651017956000264,0.7470698155997857,0.5943353136651778,L,44.3,111.8,93.4,180.20000000000002,92.6
0.16431092277552908,-0.17415285190835697,0.45106767411262083,-0.018526523426056995,M,41.8,102.6,88.8,178.29999999999998,84.6
-0.40033734531866627,1.2267437061445963,1.5416018795916342,0.22661821141043711,L,40.8,106.0,94.0,185.3,87.8
-0.5697318257469233,-1.7905719573540713,-0.1565156689399663,-0.3096358960443933,L,40.5,108.4,82.8,174.4,80.8
-0.23094286489040525,-0.47049635457340305,-0.7017827716794708,-0.24834971233527003,L,41.1,109.9,87.7,170.9,81.6
-0.23094286489040525,0.3377131981494541,1.5727599997481754,0.35685135179232474,L,41.1,105.4,90.7,185.5,89.5
0.16431092277552908,0.041369695484404174,0.17064459270373547,0.2572613032649993,L,41.8,107.0,89.6,176.5,88.2
-0.2874076916998256,-0.06639157821197449,0.1550655326254648,0.31854748697412255,L,41.0,110.1,89.2,176.4,89.0
2.1405798611052127,0.8226389297831677,0.824965115991139,1.2761441074291768,L,45.3,110.3,92.5,180.7,101.5
0.5595647104414675,-1.1709446335998817,0.326435193486451,0.35685135179232474,M,42.5,100.9,85.1,177.5,89.5
-0.1180132112715686,-0.551317309845688,0.09274929231237769,-0.40922594457171874,M,41.3,101.5,87.4,176.0,79.5
-0.40033734531866627,1.4153259351132637,1.5104437594350884,0.5100668110651334,L,40.8,111.7,94.7,185.1,91.5
-0.4568021721280826,-0.3896753993011181,-0.3123062697226819,-0.8765330953537848,M,40.7,103.3,88.0,173.4,73.4
1.011283324916822,1.0112211587518352,0.4199095539560795,1.8277197608112883,XXL,43.3,120.6,93.2,178.1,108.7
0.7854240176791448,-0.25497380718064194,0.06159117215583636,0.847140821465313,L,42.9,111.3,88.5,175.8,95.9
-1.6425635351258936,-1.817512275778165,-1.8546332174715667,-0.8075861386810216,L,38.6,106.9,82.7,163.5,74.3
0.503099883632047,-0.7937801756625467,-0.14093660886169565,-0.08747348009882025,L,42.4,104.8,86.5,174.5,83.7
-0.6261966525563436,-0.6590785835420705,-0.2188319092530534,-0.4398690364262809,M,40.4,103.8,87.0,174.0,79.1
0.9548184981074058,-0.3357947624529269,-0.23441096933132408,0.019777341392145178,XL,43.2,112.5,88.2,173.9,85.1
-0.9649856134128616,-0.17415285190835697,0.31085613340818036,-0.35560053382623547,M,39.8,102.8,88.8,177.4,80.2
0.10784609596611276,0.7148776560867851,0.7470698155997857,0.8394800485016719,XL,41.7,114.0,92.1,180.20000000000002,95.8
-0.9649856134128616,0.8226389297831677,-0.4057806301923103,-0.1564204367715846,L,39.8,104.3,92.5,172.8,82.8
-0.005083557652727914,-0.4435560361493094,-0.6862037116012001,-0.5317983119899652,M,41.5,102.2,87.8,171.0,77.9
-0.34387251850924594,-0.9554220862071167,-0.2967272096444112,-0.11811657195338243,L,40.9,107.7,85.9,173.5,83.3
-0.6261966525563436,-1.1709446335998817,-1.2937870546537915,-2.071613677681693,XS,40.4,87.9,85.1,167.1,57.8
1.463001939392181,0.2838325613012629,0.575700154738795,1.5825750259747942,XL,44.1,117.8,90.5,179.1,105.5
0.3337054032037901,0.09525033233259542,0.6224373349736114,0.3798336706832458,L,42.1,107.6,89.8,179.4,89.8
0.5595647104414675,0.9842808403277375,1.5416018795916342,0.6786038162652231,L,42.5,111.4,93.1,185.3,93.7
1.463001939392181,-0.2010931703324507,-0.6550455914446587,0.2955651680832015,XL,44.1,114.3,88.7,171.2,88.7
0.6160295372508878,0.2299519244530716,0.35759331364299235,-0.39390439864443766,L,42.6,105.7,90.3,177.7,79.7
2.027650207486376,1.3883856166891662,0.9495975966173132,1.1688932859382104,XL,45.1,114.9,94.6,181.5,100.1
0.3337054032037901,0.8226389297831677,1.6350762400612626,-0.1640812097352246,M,42.1,97.8,92.5,185.9,82.7
-0.40033734531866627,-2.0060945047468324,-2.2596887795066265,-0.5930844956990896,L,40.8,107.6,82.0,160.9,77.1
-0.9649856134128616,-0.6321382651179768,-1.4651567155147778,-0.03384806935333699,L,39.8,108.9,87.1,166.0,84.4
0.05138126915669242,0.7418179745108827,1.6973924803743496,0.8011761836834698,XL,41.6,116.0,92.2,186.3,95.3
0.39017023001321044,0.4454744718458328,1.0119138369304004,-0.5317983119899652,M,42.2,101.2,91.1,181.9,77.9
0.05138126915669242,-1.0093027230553078,-0.4369387503488561,-1.0374093275902345,M,41.6,96.1,85.7,172.6,71.3
1.5194667662016013,0.39159383499764533,-0.5771502910532965,1.6515219826475587,XL,44.2,118.6,90.9,171.70000000000002,106.4
-0.9085207866034413,1.3883856166891662,0.12390741246891904,0.7322292270107065,XL,39.9,113.7,94.6,176.2,94.4
-1.190844920650539,-0.36273508087702444,0.43548861403435013,-0.2943143501171122,M,39.4,99.9,88.1,178.2,81.0
-0.6261966525563436,1.172863069296405,0.43548861403435013,-0.3096358960443933,M,40.4,102.7,93.8,178.2,80.8
-1.190844920650539,-0.847660812510738,-0.3123062697226819,-0.17174198269886568,L,39.4,107.6,86.3,173.4,82.6
-0.7955911329846006,-0.17415285190835697,-0.06304130847033786,-0.9454800520265492,M,40.1,100.7,88.8,175.0,72.5
0.2772405763943698,0.41853415342173905,0.6068582748953364,-0.6313883605172917,M,42.0,100.3,91.0,179.29999999999998,76.6
-0.8520559597940209,-0.766839857238453,-0.7485199519142872,-0.6313883605172917,M,40.0,102.7,86.6,170.6,76.6
1.5194667662016013,2.492938672077073,0.6224373349736114,1.521288842265671,XL,44.2,114.3,98.7,179.4,104.7
0.7289591908697245,0.4724147902699303,0.37317237372126744,-0.9301585060992681,M,42.8,100.9,91.2,177.8,72.7
-0.1180132112715686,0.014429377060310465,-0.8419943123839156,-0.39390439864443766,L,41.3,105.2,89.5,170.0,79.7
0.7854240176791448,-0.4974366729975006,-1.0133639732449018,0.7781938647925486,XXL,42.9,127.2,87.6,168.9,95.0
0.10784609596611276,-1.4942284546890214,-1.4807357755930486,0.19597511955587604,L,41.7,109.4,83.9,165.9,87.4
-0.5132669989375029,-0.47049635457340305,-1.574210136062677,0.5024060381014934,XL,40.6,113.4,87.7,165.3,91.4
-0.2874076916998256,-0.03945125978788078,-1.6676844965323099,0.027438114355786265,XL,41.0,113.5,89.3,164.7,85.2
0.6724943640603082,0.12219065075669296,0.6224373349736114,-0.5088159930990441,M,42.7,98.3,89.9,179.4,78.2
-0.6826614793657639,-1.0093027230553078,-1.137996453871076,-0.6620314523718528,L,40.3,107.3,85.7,168.1,76.2
-0.061548384462148255,-0.766839857238453,-0.8419943123839156,0.4564414003196502,XL,41.4,112.5,86.6,170.0,90.8
0.05138126915669242,0.12219065075669296,0.014853991921019917,-0.6237275875536507,M,41.6,102.1,89.9,175.5,76.7
-1.2473097474599593,-0.9284817677830229,-0.6862037116012001,0.08106352510126952,L,39.3,104.2,86.0,171.0,85.9
0.22077574958494942,0.20301160602897791,1.41696939896546,1.6745043015384797,XL,41.9,114.8,90.2,184.5,106.7
-1.2473097474599593,-0.5243769914215943,-0.9043105526970028,0.004455795464865179,L,39.3,109.2,87.5,169.6,84.9
0.22077574958494942,0.5532357455422152,0.5912792148170701,-1.13699937611756,S,41.9,92.2,91.5,179.20000000000002,70.0
-0.7391263061751803,-0.9823624046312142,-0.2967272096444112,-1.4664126135540985,S,40.2,89.9,85.8,173.5,65.7
-0.061548384462148255,0.41853415342173905,-1.2003126941841586,-0.026187296389696996,L,41.4,108.7,91.0,167.70000000000002,84.5
1.180677805345083,0.9842808403277375,0.20180271286027682,1.0616424644472449,XL,43.6,116.6,93.1,176.7,98.7
-0.7391263061751803,-0.766839857238453,-0.04746224839206719,0.06574197917398844,L,40.2,104.7,86.6,175.1,85.7
0.6160295372508878,0.6609970192385978,0.23296083301681814,1.5059672963383899,XL,42.6,114.8,91.9,176.89999999999998,104.5
-0.5697318257469233,-1.0093027230553078,-0.28114814956614054,0.34152980586504367,L,40.5,105.1,85.7,173.6,89.3
0.5595647104414675,0.6609970192385978,1.8531830811570653,1.4063772478110645,XL,42.5,113.2,91.9,187.3,103.2
1.463001939392181,-0.3357947624529269,-0.17209472901823697,0.34919057882868476,L,44.1,106.9,88.2,174.3,89.4
-0.5697318257469233,-0.7937801756625467,0.326435193486451,-1.3974656568813353,S,40.5,90.7,86.5,177.5,66.6
1.6888612466298583,-1.1440043151757842,-0.5771502910532965,0.31854748697412255,XL,44.5,116.3,85.2,171.70000000000002,89.0
2.0841150342957966,0.8226389297831677,-0.7485199519142872,1.5902357989384344,XXL,45.2,124.3,92.5,170.6,105.6
0.16431092277552908,0.3377131981494541,0.10832835239064836,-0.04150884231697808,L,41.8,107.4,90.7,176.1,84.3
-0.6261966525563436,-1.0631833599034992,-1.4651567155147778,-0.7846038197901004,M,40.4,99.3,85.5,166.0,74.6
-1.360239401078796,-1.4672881362649277,-1.3872614151234202,-1.9260589913725246,S,39.1,94.0,84.0,166.5,59.7
0.2772405763943698,0.5532357455422152,0.29527707332990527,-0.17174198269886568,M,42.0,102.4,91.5,177.29999999999998,82.6
0.7289591908697245,0.5532357455422152,-0.2967272096444112,0.44878062735601015,XL,42.8,115.1,91.5,173.5,90.7
0.3337054032037901,-0.06639157821197449,-0.4836759305836681,0.21895743844679713,XL,42.1,113.3,89.2,172.3,87.7
-0.1180132112715686,-0.847660812510738,-0.9510477329318148,-1.2519109705721665,M,41.3,101.7,86.3,169.3,68.5
0.503099883632047,-0.3896753993011181,-0.4057806301923103,-0.6237275875536507,M,42.4,102.7,88.0,172.8,76.7
1.0677481517262424,0.4454744718458328,0.8561232361476848,1.781755123029445,XXL,43.4,121.9,91.1,180.9,108.1
-2.6024655908860272,-1.3595268625685453,-1.2937870546537915,-0.5854237227354485,L,36.9,104.3,84.4,167.1,77.2
0.16431092277552908,0.25689224287716916,0.326435193486451,-0.1487596638079435,L,41.8,104.2,90.4,177.5,82.9
-1.4731690546976366,-0.551317309845688,-0.42135969027058096,0.06574197917398844,L,38.9,105.1,87.4,172.70000000000002,85.7
-1.190844920650539,-2.059975141595024,-1.2314708143407045,-1.2059463327903244,M,39.4,100.9,81.8,167.5,69.1
-1.529633881507057,-1.2787059072962603,-0.8887314926187276,-0.32495744197167437,L,38.8,107.2,84.7,169.70000000000002,80.6
-1.021450440222278,-0.09333189663607203,0.09274929231237769,-0.8535507764628637,M,39.7,101.1,89.1,176.0,73.7
-0.6826614793657639,-0.3896753993011181,0.18622365278200614,-0.5624414038445275,M,40.3,102.3,88.0,176.6,77.5
0.2772405763943698,-1.521168773113119,-0.7329408918360121,1.2071971507564125,XL,42.0,115.2,83.8,170.70000000000002,100.6
1.801790900248699,1.3614452982650724,0.6847535752866986,0.08872429806490953,M,44.7,103.6,94.5,179.8,86.0
0.10784609596611276,0.14913096918078667,-0.10977848870514988,1.0003562807381217,XL,41.7,116.7,90.0,174.70000000000002,97.9
0.6160295372508878,-0.8207204940866404,-0.26556908948786545,1.2838048803928168,XL,42.6,116.8,86.4,173.70000000000002,101.6
1.463001939392181,1.5230872088096423,1.6973924803743496,2.0728644956477824,XXL,44.1,121.3,95.1,186.3,111.9
0.05138126915669242,-0.03945125978788078,1.6039181199047168,-1.0527308735175156,S,41.6,94.9,89.3,185.7,71.1
0.3337054032037901,0.7418179745108827,1.479285639278547,1.5978965719020755,XL,42.1,115.7,92.2,184.9,105.7
-0.5132669989375029,0.6879373376626915,1.276757858261015,-0.1564204367715846,M,40.6,103.5,92.0,183.6,82.8
-0.17447803808098492,0.14913096918078667,-0.37462251003576896,0.019777341392145178,M,41.2,103.7,90.0,173.0,85.1
-0.7955911329846006,-1.1978849520239754,-1.8234750973150253,-0.5164767660626852,M,40.1,103.8,85.0,163.7,78.1
-0.061548384462148255,0.014429377060310465,0.6535954551301528,1.0386601455563238,L,41.4,106.6,89.5,179.6,98.4
-0.6826614793657639,-1.1978849520239754,-0.9666267930100898,-0.6696922253354939,L,40.3,104.8,85.0,169.2,76.1
-0.4568021721280826,-1.4134074994167365,-2.026002878332553,-0.6467099064445717,M,40.7,100.3,84.2,162.4,76.4
-0.1180132112715686,-1.3056462257203578,-2.0883191186456402,0.9314093240653574,XL,41.3,113.7,84.6,162.0,97.0
1.5194667662016013,0.014429377060310465,-1.0601011534797182,0.15001048177403278,XL,44.2,114.2,89.5,168.6,86.8
0.10784609596611276,-0.7398995388143554,-0.1565156689399663,-0.36326130678987656,L,41.7,104.6,86.7,174.4,80.1
-0.23094286489040525,-1.5750494099613102,-0.6394665313663837,0.09638507102854953,L,41.1,106.7,83.6,171.3,86.1
-0.4568021721280826,-0.6051979466938793,-0.06304130847033786,-0.4168867175353587,L,40.7,109.6,87.2,175.0,79.4
-0.17447803808098492,-0.25497380718064194,0.528962974503983,1.551931934120232,XL,41.2,116.7,88.5,178.8,105.1
0.39017023001321044,0.09525033233259542,1.1832834977913866,-0.003204977498775909,M,42.2,102.6,89.8,183.0,84.8
-1.3037745742693756,-1.1440043151757842,-0.6706246515229294,-1.6732534835723905,M,39.2,96.4,85.2,171.1,63.0
2.8181577828182487,1.2267437061445963,0.4666467341908959,0.9620524159199195,XL,46.5,113.6,94.0,178.4,97.4
0.7289591908697245,1.09204211402412,2.507503604444469,-0.3402789878989544,M,42.8,96.7,93.5,191.5,80.4
0.4466350568226268,0.499355108694024,1.2611787981827443,-0.07981270713518025,M,42.3,101.5,91.3,183.5,83.8
1.2936074589639197,2.061893577291547,0.9807557167738545,2.3563130953024776,XXL,43.8,121.4,97.1,181.7,115.6
0.8983536712979855,0.6071163823904066,1.4481275191220013,1.567253480047513,XL,43.1,116.8,91.7,184.7,105.3
-1.021450440222278,-1.1170639967516904,-0.4680968705053974,-1.3055363813176497,S,39.7,92.8,85.3,172.4,67.8
0.39017023001321044,0.3377131981494541,0.43548861403435013,0.8318192755380319,XL,42.2,114.4,90.7,178.2,95.7
-1.529633881507057,-0.5243769914215943,-0.5771502910532965,-1.114017057226639,M,38.8,97.6,87.5,171.70000000000002,70.3
-0.1180132112715686,-0.6321382651179768,0.4199095539560795,-1.4664126135540985,S,41.3,89.0,87.1,178.1,65.7
0.10784609596611276,1.09204211402412,1.2300206780261986,0.35685135179232474,L,41.7,107.2,93.5,183.29999999999998,89.5
-0.2874076916998256,-0.3357947624529269,-0.20325284917477832,-0.6926745442264151,M,41.0,100.8,88.2,174.10000000000002,75.8
0.6160295372508878,0.5262954271181215,1.0898091373217582,0.44111985439236906,L,42.6,107.2,91.4,182.4,90.6
-0.7955911329846006,0.4454744718458328,0.18622365278200614,-0.9837839168447513,S,40.1,93.7,91.1,176.6,72.0
0.4466350568226268,0.4724147902699303,1.0430719570869418,1.528949615229311,L,42.3,110.6,91.2,182.1,104.8
-0.40033734531866627,0.09525033233259542,0.6847535752866986,2.39461696012068,XXL,40.8,120.1,89.8,179.8,116.1
-0.1180132112715686,0.6879373376626915,1.2144416179479323,0.1346889358467517,L,41.3,105.2,92.0,183.20000000000002,86.6
-0.34387251850924594,-1.0362430414794055,-1.075680213557989,-1.8954158995179629,S,40.9,92.2,85.6,168.5,60.1
0.16431092277552908,0.6340567008145002,0.528962974503983,2.0805252686114226,XL,41.8,116.4,91.8,178.8,112.0
0.5595647104414675,-0.2819141256047356,0.17064459270373547,-0.6620314523718528,M,42.5,97.9,88.4,176.5,76.2
-1.3037745742693756,-1.0901236783275927,-1.0445220934014432,-2.4469915529000743,XS,39.2,85.5,85.4,168.70000000000002,52.9
-0.40033734531866627,-0.06639157821197449,-0.04746224839206719,0.5330491299560545,XL,40.8,112.1,89.2,175.1,91.8
1.8582557270581153,0.6071163823904066,0.37317237372126744,-0.14109889084430352,M,44.8,100.2,91.7,177.8,83.0
1.35007228577334,1.1459227508723113,0.513383914425708,0.3874944436468869,L,43.9,110.0,93.7,178.7,89.9
-0.9085207866034413,1.2806243429927875,1.4013903388871893,0.004455795464865179,L,39.9,104.7,94.2,184.4,84.9
0.22077574958494942,0.41853415342173905,0.5601210946605244,-0.19472430158978676,L,41.9,110.6,91.0,179.0,82.3
-2.32014145683893,-2.4371395995323546,-0.9510477329318148,-1.4510910676268174,S,37.4,95.2,80.4,169.3,65.9
-0.23094286489040525,-0.22803348875654822,-0.3123062697226819,-0.462851355317202,L,41.1,104.5,88.6,173.4,78.8
0.6724943640603082,1.765550074626501,1.2455997381044737,-0.470512128280842,M,42.7,99.6,96.0,183.4,78.7
1.180677805345083,0.14913096918078667,1.1832834977913866,0.8088369566471109,L,43.6,107.7,90.0,183.0,95.4
0.16431092277552908,1.5230872088096423,1.370232218730648,0.9314093240653574,XL,41.8,112.9,95.1,184.20000000000002,97.0
1.801790900248699,1.2267437061445963,1.8999202613918773,1.559592707083873,XL,44.7,115.4,94.0,187.6,105.2
-0.5132669989375029,-1.5481090915372127,-1.3872614151234202,-1.5276987972632217,M,40.6,99.3,83.7,166.5,64.9
1.9147205538675356,2.0888338957156445,2.11802710248768,1.3450910641019411,XXL,44.9,121.9,97.2,189.0,102.4
-0.34387251850924594,0.09525033233259542,-0.26556908948786545,-0.5701021768081674,M,40.9,100.6,89.8,173.70000000000002,77.4
0.6724943640603082,0.6071163823904066,1.5883390598264506,0.32620825993776253,L,42.7,111.6,91.7,185.60000000000002,89.1
0.22077574958494942,1.0651017956000264,1.1365463175565702,-1.12933860315392,M,41.9,96.2,93.4,182.7,70.1
0.9548184981074058,0.4454744718458328,0.27969801325163457,0.8011761836834698,XL,43.2,114.5,91.1,177.2,95.3
0.6724943640603082,-0.5243769914215943,-0.45251781042712674,1.3833949289201435,XL,42.7,118.9,87.5,172.5,102.9
0.6160295372508878,-1.73669132050588,-0.20325284917477832,-1.0067662357356724,S,42.6,93.1,83.0,174.10000000000002,71.7
1.180677805345083,1.3883856166891662,2.6477151451489136,2.187776090102389,XL,43.6,114.3,94.6,192.4,113.4
0.2772405763943698,0.7418179745108827,1.5260228195133634,0.5790137677378978,L,42.0,110.8,92.2,185.20000000000002,92.4
1.0677481517262424,1.25368402456869,1.2300206780261986,0.9697131888835595,XL,43.4,113.3,94.1,183.29999999999998,97.5
-2.037817322791832,-1.3056462257203578,-1.652105436454039,-0.7233176360809761,M,37.9,101.5,84.6,164.79999999999998,75.4
-0.9649856134128616,-0.06639157821197449,-0.32788532980095253,-0.17174198269886568,M,39.8,99.1,89.2,173.3,82.6
-0.8520559597940209,0.09525033233259542,-1.137996453871076,0.6326391784833799,XL,40.0,112.1,89.8,168.1,93.1
0.9548184981074058,-0.3896753993011181,-0.14093660886169565,2.019239084902299,XL,43.2,115.3,88.0,174.5,111.2
0.503099883632047,0.2838325613012629,-0.8419943123839156,-0.3096358960443933,L,42.4,106.2,90.5,170.0,80.8
0.39017023001321044,-0.4974366729975006,-1.0133639732449018,-0.2866535771534722,L,42.2,105.3,87.6,168.9,81.1
-0.17447803808098492,0.17607128760488036,0.762648875678052,0.8701231403562341,L,41.2,106.9,90.1,180.29999999999998,96.2
-0.6826614793657639,1.172863069296405,1.6662343602178038,1.1842148318654915,L,40.3,109.8,93.8,186.1,100.3
-0.061548384462148255,0.20301160602897791,-0.0007250681572507532,1.1535717400109304,XL,41.4,112.5,90.2,175.4,99.9
0.6724943640603082,1.3614452982650724,0.9807557167738545,1.1842148318654915,XL,42.7,114.7,94.5,181.7,100.3
-0.9085207866034413,-0.6051979466938793,-0.7017827716794708,-0.5777629497718085,L,39.9,104.6,87.2,170.9,77.3
-0.061548384462148255,0.5262954271181215,0.7470698155997857,-0.5088159930990441,M,41.4,100.6,91.4,180.20000000000002,78.2
0.4466350568226268,1.684729119354216,1.2923369183392857,0.8241585025743908,L,42.3,106.4,95.7,183.7,95.6
-1.5860987083164733,-0.03945125978788078,0.2641189531733639,-1.4434302946631774,S,38.7,89.7,89.3,177.1,66.0
0.7854240176791448,2.1696548509879294,1.9466574416266937,1.8277197608112883,XXL,42.9,121.8,97.5,187.9,108.7
1.1242129785356627,2.0888338957156445,1.479285639278547,1.980935220084097,XL,43.5,115.9,97.2,184.9,110.7
0.39017023001321044,0.9842808403277375,-0.2967272096444112,0.6632822703379421,L,42.2,106.8,93.1,173.5,93.5
0.2772405763943698,-0.14721253348425944,0.824965115991139,-0.003204977498775909,M,42.0,103.1,88.9,180.7,84.8
0.10784609596611276,-0.06639157821197449,0.575700154738795,0.877783913319874,L,41.7,111.6,89.2,179.1,96.3
-0.005083557652727914,-1.521168773113119,-0.8419943123839156,-1.5506811161541438,S,41.5,92.2,83.8,170.0,64.6
0.3337054032037901,0.8495792482072614,1.681813420296079,1.3604126100292213,L,42.1,106.3,92.6,186.20000000000002,102.6
0.8983536712979855,-0.2819141256047356,-0.42135969027058096,0.2725828491922804,L,43.1,104.8,88.4,172.70000000000002,88.4
-0.005083557652727914,-0.9015414493589292,-1.0912592736362596,-1.336179473172211,S,41.5,93.9,86.1,168.4,67.4
-1.0779152670316983,-0.25497380718064194,-0.7017827716794708,-0.19472430158978676,M,39.6,101.8,88.5,170.9,82.3
-0.1180132112715686,0.14913096918078667,0.10832835239064836,-0.9071761872083469,M,41.3,97.8,90.0,176.1,73.0
0.7854240176791448,-1.0631833599034992,-0.45251781042712674,0.31088671401048257,L,42.9,109.3,85.5,172.5,88.9
0.10784609596611276,-0.7937801756625467,-1.5118938957495942,-0.5930844956990896,M,41.7,102.6,86.5,165.7,77.1
-0.23094286489040525,-0.7937801756625467,-0.24999002940959475,-1.1446601490812,S,41.1,92.0,86.5,173.8,69.9
0.3337054032037901,0.6071163823904066,2.8346638660881704,-0.1334381178806635,M,42.1,99.3,91.7,193.6,83.1
1.180677805345083,1.8194307114746924,1.790866840843978,2.409938506047961,XXL,43.6,121.3,96.2,186.9,116.3
0.16431092277552908,0.7687582929349764,1.2455997381044737,1.0539816914836038,XL,41.8,112.4,92.3,183.4,98.6
1.463001939392181,0.9842808403277375,1.1988625578696572,1.528949615229311,XL,44.1,119.3,93.1,183.1,104.8
-0.40033734531866627,-0.012510941363783242,0.06159117215583636,-0.1870635286261457,M,40.8,102.6,89.4,175.8,82.4
-1.190844920650539,-0.09333189663607203,-0.5148340507402094,-1.5200380242995817,S,39.4,94.3,89.1,172.10000000000002,65.0
0.8418888444885652,1.4153259351132637,2.0089736819397808,0.862462367392593,L,43.0,104.2,94.7,188.3,96.1
-1.021450440222278,1.09204211402412,0.8872813563042261,1.0003562807381217,L,39.7,111.5,93.5,181.1,97.9
-1.1343800938411186,-0.9554220862071167,-1.4028404752016908,-1.8417904887724803,S,39.5,89.2,85.9,166.4,60.8
-2.2636766300295093,-1.0901236783275927,-0.32788532980095253,-0.8382292305355826,M,37.5,99.6,85.4,173.3,73.9
0.9548184981074058,0.9304002034795501,1.3234950384958315,1.49830652337475,L,43.2,111.4,92.9,183.9,104.4
-0.1180132112715686,1.172863069296405,0.2641189531733639,0.3721728977196058,L,41.3,111.3,93.8,177.1,89.7
1.011283324916822,1.8194307114746924,1.3234950384958315,-0.24834971233527003,M,43.3,98.8,96.2,183.9,81.6
0.3337054032037901,-0.17415285190835697,0.07717023223410259,-0.8765330953537848,M,42.1,99.3,88.8,175.89999999999998,73.4
-0.7955911329846006,0.20301160602897791,-1.028943033323177,0.20363589251951605,XL,40.1,114.5,90.2,168.79999999999998,87.5
0.8418888444885652,0.31077287972535655,0.5912792148170701,-0.7309784090446172,M,43.0,101.2,90.6,179.20000000000002,75.3
0.6724943640603082,0.6609970192385978,0.5601210946605244,-0.22536739344434786,L,42.7,105.2,91.9,179.0,81.9
0.2772405763943698,0.14913096918078667,0.29527707332990527,0.027438114355786265,L,42.0,108.9,90.0,177.29999999999998,85.2
-1.190844920650539,0.2299519244530716,0.17064459270373547,-1.4817341594813795,S,39.4,94.4,90.3,176.5,65.5
0.10784609596611276,-0.09333189663607203,-0.3434643898792276,1.1382501940836494,XL,41.7,114.4,89.1,173.2,99.7
0.16431092277552908,0.014429377060310465,0.8717022962259554,0.09638507102854953,M,41.8,103.3,89.5,181.0,86.1
-0.9085207866034413,-0.9284817677830229,-0.4057806301923103,-1.9567020832270867,S,39.9,91.2,86.0,172.8,59.3
1.1242129785356627,-0.551317309845688,0.9340185365390425,1.306787199283739,XL,43.5,117.4,87.4,181.4,101.9
-0.6826614793657639,-1.6019897283854039,0.27969801325163457,-0.40922594457171874,L,40.3,105.6,83.5,177.2,79.5
0.2772405763943698,-0.22803348875654822,-0.06304130847033786,-1.0680524194447956,S,42.0,93.5,88.6,175.0,70.9
0.6724943640603082,0.12219065075669296,0.762648875678052,-0.5011552201354041,M,42.7,101.1,89.9,180.29999999999998,78.3
-0.17447803808098492,-0.47049635457340305,-0.26556908948786545,-0.9301585060992681,S,41.2,95.1,87.7,173.70000000000002,72.7
0.2772405763943698,1.3614452982650724,1.3234950384958315,0.14234970881039277,L,42.0,108.9,94.5,183.9,86.7
-0.17447803808098492,0.7148776560867851,1.9622365017049643,1.0922855563018061,L,41.2,108.3,92.1,188.0,99.1
0.05138126915669242,-0.7129592203902617,0.48222579426916656,-0.1564204367715846,L,41.6,105.5,86.8,178.5,82.8
-0.2874076916998256,0.6071163823904066,0.6224373349736114,-0.06449116120789916,L,41.0,108.6,91.7,179.4,84.0
0.8983536712979855,-0.4974366729975006,-0.4057806301923103,-0.19472430158978676,M,43.1,100.9,87.6,172.8,82.3
-1.190844920650539,-0.5243769914215943,-0.8575733724621863,-1.0757131924084367,M,39.4,97.1,87.5,169.9,70.8
-2.6024655908860272,-0.9554220862071167,0.2641189531733639,-1.3668225650267731,S,36.9,95.4,85.9,177.1,67.0
-0.6261966525563436,-1.3056462257203578,0.2173817729385519,-1.114017057226639,M,40.4,98.0,84.6,176.8,70.3
0.39017023001321044,-1.9791541863227389,-0.6550455914446587,0.410476762537808,L,42.2,111.9,82.1,171.2,90.2
-0.40033734531866627,-1.73669132050588,-1.247049874418975,-1.9030766724816035,S,40.8,91.2,83.0,167.4,60.0
-0.061548384462148255,-0.36273508087702444,-0.39020157011403966,0.47176294624693127,XL,41.4,115.0,88.1,172.9,91.0
0.39017023001321044,-0.03945125978788078,-0.12535754878342498,0.48708449217421235,L,42.2,110.4,89.3,174.6,91.2
-0.7391263061751803,-2.733483102197405,-2.2596887795066265,-0.08747348009882025,L,40.2,109.7,79.3,160.9,83.7
-0.23094286489040525,0.25689224287716916,0.6691745152084235,-0.21770662048070785,M,41.1,98.0,90.4,179.7,82.0
1.0677481517262424,0.36465351657354783,0.8561232361476848,2.348652322338838,XXL,43.4,121.5,90.8,180.9,115.5
-0.23094286489040525,-0.47049635457340305,-0.2967272096444112,-2.0639529047180525,S,41.1,89.0,87.7,173.5,57.9
1.2371426321545034,0.39159383499764533,-0.5615712309750258,0.6632822703379421,L,43.7,107.5,90.9,171.8,93.5
-0.23094286489040525,-0.25497380718064194,0.3420142535647217,0.1193673899194717,L,41.1,108.4,88.5,177.6,86.4
-0.9085207866034413,-1.1170639967516904,-1.4963148356713236,-2.224829136954502,S,39.9,92.6,85.3,165.79999999999998,55.8
1.2371426321545034,1.25368402456869,1.5883390598264506,1.0463209185199638,L,43.7,110.9,94.1,185.60000000000002,98.5
0.05138126915669242,-1.440347817840834,-0.7796780720708285,0.9467308699926384,XL,41.6,116.1,84.1,170.4,97.2
1.011283324916822,0.8765195666313589,0.513383914425708,0.6556214973743021,L,43.3,105.8,92.7,178.7,93.4
-0.6826614793657639,-1.7636316389299738,-1.574210136062677,0.06574197917398844,L,40.3,104.2,82.9,165.3,85.7
0.6724943640603082,1.2806243429927875,1.5416018795916342,0.05808120621034735,M,42.7,102.2,94.2,185.3,85.6
-1.360239401078796,0.3377131981494541,0.3887514337995337,-1.6426103917178287,XS,39.1,85.1,90.7,177.89999999999998,63.4
0.05138126915669242,-0.5243769914215943,0.07717023223410259,0.2649220762286393,L,41.6,111.8,87.5,175.89999999999998,88.3
-0.5132669989375029,-0.551317309845688,-0.24999002940959475,-1.9720236291543674,S,40.6,89.5,87.4,173.8,59.1
1.8582557270581153,1.172863069296405,-0.6550455914446587,0.8394800485016719,XL,44.8,119.7,93.8,171.2,95.8
0.6724943640603082,0.041369695484404174,-0.7952571321490992,-1.1523209220448412,S,42.7,95.7,89.6,170.3,69.8
-0.4568021721280826,-0.6051979466938793,-0.28114814956614054,-0.8152469116446616,M,40.7,97.7,87.2,173.6,74.2
-0.23094286489040525,-0.5243769914215943,-0.5304131108184845,-0.3785828527171565,M,41.1,102.6,87.5,172.0,79.9
1.180677805345083,-0.766839857238453,0.49780485434743726,1.9196490363749739,XL,43.6,119.5,86.6,178.6,109.9
0.10784609596611276,-1.0093027230553078,-0.6706246515229294,0.18831434659223495,L,41.7,109.3,85.7,171.1,87.3
-0.23094286489040525,-0.7398995388143554,-0.4680968705053974,-1.4587518405904585,S,41.1,92.6,86.7,172.4,65.8
0.05138126915669242,0.36465351657354783,-0.28114814956614054,1.0309993725926827,L,41.6,110.6,90.8,173.6,98.3
-1.4731690546976366,-1.3864671809926428,-0.28114814956614054,-1.6119672998632673,S,38.9,92.2,84.3,173.6,63.8
-1.0779152670316983,-1.3325865441444515,-1.1847336341058925,-0.7846038197901004,M,39.6,100.3,84.5,167.79999999999998,74.6
-1.6425635351258936,-0.551317309845688,-0.12535754878342498,-0.3402789878989544,L,38.6,104.1,87.4,174.6,80.4
-1.4167042278882163,-1.0631833599034992,-0.28114814956614054,-0.5777629497718085,M,39.0,99.1,85.5,173.6,77.3
1.463001939392181,0.9573405219036438,0.31085613340818036,1.0080170537017616,XL,44.1,115.4,93.0,177.4,98.0
-0.005083557652727914,-0.3357947624529269,-0.06304130847033786,-0.4015651716080787,M,41.5,100.1,88.2,175.0,79.6
-0.061548384462148255,-0.9823624046312142,-0.7952571321490992,-0.4475298093899209,L,41.4,105.6,85.8,170.3,79.0
1.1242129785356627,1.0651017956000264,2.6009779649140974,1.1688932859382104,L,43.5,109.6,93.4,192.1,100.1
0.4466350568226268,0.14913096918078667,1.1209672574782994,-0.018526523426056995,M,42.3,102.2,90.0,182.6,84.6
0.39017023001321044,0.6879373376626915,1.0586510171652168,-0.8229076846083027,S,42.2,91.8,92.0,182.20000000000002,74.1
-2.715395244504864,-1.73669132050588,-1.1691545740276175,-1.9720236291543674,XS,36.7,86.5,83.0,167.9,59.1
-1.3037745742693756,-0.14721253348425944,0.18622365278200614,-0.20238507455342677,L,39.2,105.9,88.9,176.6,82.2
-0.6826614793657639,-1.1440043151757842,-0.2967272096444112,-1.573663435045065,S,40.3,91.2,85.2,173.5,64.3
-0.23094286489040525,0.4454744718458328,0.9028604163825013,0.22661821141043711,L,41.1,105.1,91.1,181.20000000000002,87.8
0.39017023001321044,-0.847660812510738,-0.03188318831379652,-0.3785828527171565,M,42.2,101.2,86.3,175.2,79.9
-0.9085207866034413,-0.6860189019661642,-1.574210136062677,-0.2866535771534722,L,39.9,107.7,86.9,165.3,81.1
1.011283324916822,0.17607128760488036,0.31085613340818036,1.8966667174840517,XL,43.3,119.1,90.1,177.4,109.6
-1.2473097474599593,-0.7937801756625467,-0.623887471288113,-1.2212678787176043,S,39.3,95.8,86.5,171.4,68.9
0.9548184981074058,0.41853415342173905,0.1550655326254648,-0.1640812097352246,M,43.2,100.8,91.0,176.4,82.7
2.0841150342957966,1.7386097562024072,1.2144416179479323,0.2649220762286393,M,45.2,103.1,95.9,183.20000000000002,88.3
0.2772405763943698,-0.3896753993011181,0.71591169544324,0.3798336706832458,L,42.0,111.7,88.0,180.0,89.8
0.2772405763943698,0.36465351657354783,-0.7796780720708285,2.1418114523205456,XXL,42.0,122.4,90.8,170.4,112.8
1.5759315930110176,1.6308484825060248,0.7003326353649693,0.7705330918289086,XL,44.3,118.2,95.5,179.9,94.9
0.4466350568226268,0.7418179745108827,-0.32788532980095253,-0.6390491334809317,M,42.3,102.3,92.2,173.3,76.5
0.503099883632047,0.39159383499764533,0.326435193486451,1.6132181178293565,XL,42.4,117.0,90.9,177.5,105.9
-1.7554931887447343,-2.5449008732287375,-1.6209473162974934,-2.232489909918142,S,38.4,91.7,80.0,165.0,55.7
-1.2473097474599593,-0.7937801756625467,-1.028943033323177,0.47176294624693127,L,39.3,108.2,86.5,168.79999999999998,91.0
-1.4731690546976366,-1.655870365233595,-1.1224173937928055,0.027438114355786265,L,38.9,111.3,83.3,168.2,85.2
-1.360239401078796,-1.0362430414794055,-0.6083084112098422,0.418137535501448,L,39.1,109.9,85.6,171.5,90.3
0.5595647104414675,-0.4974366729975006,-0.9822058530883605,0.8241585025743908,L,42.5,111.6,87.6,169.1,95.6
1.0677481517262424,0.6340567008145002,0.06159117215583636,0.20363589251951605,XL,43.4,115.7,91.8,175.8,87.5
0.8418888444885652,0.5801760639663089,1.4013903388871893,1.5136280693020299,XL,43.0,117.3,91.6,184.4,104.6
1.180677805345083,1.684729119354216,1.027492897008671,0.08106352510126952,L,43.6,106.3,95.7,182.0,85.9
-0.17447803808098492,-0.4974366729975006,-0.14093660886169565,-0.49349444717176305,L,41.2,105.7,87.6,174.5,78.4
0.6724943640603082,0.7418179745108827,1.4637065792002764,-0.7692822738628193,M,42.7,97.0,92.2,184.8,74.8
1.5194667662016013,0.8226389297831677,0.2173817729385519,1.4370203396656256,XXL,44.2,122.3,92.5,176.8,103.6
-0.7391263061751803,-0.012510941363783242,0.23296083301681814,-0.1564204367715846,L,40.2,106.5,89.4,176.89999999999998,82.8
0.503099883632047,0.7956986113590739,0.9963347768521297,0.06574197917398844,L,42.4,109.2,92.4,181.8,85.7
-2.207211803220089,-1.6828106836576888,-1.262628934497246,-0.7922645927537405,M,37.6,96.6,83.2,167.3,74.5
0.22077574958494942,-1.1440043151757842,-0.4680968705053974,0.17299280066495387,L,41.9,109.0,85.2,172.4,87.1
-0.17447803808098492,-0.3896753993011181,-0.4992549906619432,-0.8688723223901448,M,41.2,102.2,88.0,172.2,73.5
-0.6826614793657639,0.5532357455422152,0.10832835239064836,-0.5011552201354041,M,40.3,103.5,91.5,176.1,78.3
-0.17447803808098492,-1.1709446335998817,0.10832835239064836,0.418137535501448,XL,41.2,112.6,85.1,176.1,90.3
-1.7554931887447343,-0.9823624046312142,-0.9510477329318148,-1.581324208008705,M,38.4,97.3,85.8,169.3,64.2
-0.8520559597940209,-1.1170639967516904,-1.0601011534797182,-0.1870635286261457,M,40.0,102.0,85.3,168.6,82.4
-1.9813524959824116,-1.8713929126263562,-1.1068383337145302,-1.2136071057539644,M,38.0,99.2,82.5,168.3,69.0
0.2772405763943698,-1.7905719573540713,-1.028943033323177,-0.6084060416263696,L,42.0,104.0,82.8,168.79999999999998,76.9
-0.17447803808098492,-0.5782576282697856,0.1550655326254648,0.2496005303013582,L,41.2,107.9,87.3,176.4,88.1
0.3337054032037901,0.4724147902699303,0.7470698155997857,0.1040458439921906,L,42.1,106.4,91.2,180.20000000000002,86.2
0.503099883632047,1.09204211402412,1.977815561783235,-0.31729666900803327,M,42.4,98.8,93.5,188.1,80.7
0.8418888444885652,-0.5243769914215943,-1.1224173937928055,0.5790137677378978,XXL,43.0,121.3,87.5,168.2,92.4
1.2371426321545034,0.8226389297831677,0.7003326353649693,1.2761441074291768,L,43.7,110.4,92.5,179.9,101.5
0.8418888444885652,0.41853415342173905,1.354653158652373,1.942631355265895,XL,43.0,112.3,91.0,184.1,110.2
-0.40033734531866627,-0.7398995388143554,0.3420142535647217,-0.5930844956990896,M,40.8,101.1,86.7,177.6,77.1
0.503099883632047,0.09525033233259542,-0.3123062697226819,1.1229286481563683,L,42.4,109.5,89.8,173.4,99.5
-0.34387251850924594,-0.847660812510738,0.07717023223410259,-1.6349496187541883,S,40.9,94.6,86.3,175.89999999999998,63.5
1.6888612466298583,1.1459227508723113,1.1365463175565702,1.5902357989384344,XL,44.5,114.0,93.7,182.7,105.6
1.1242129785356627,-0.4435560361493094,-0.1565156689399663,-0.8995154142447069,L,43.5,104.2,87.8,174.4,73.1
0.6724943640603082,-0.36273508087702444,0.27969801325163457,-0.11045579898974134,L,42.7,104.1,88.1,177.2,83.4
-1.3037745742693756,-2.059975141595024,-1.6209473162974934,-0.8535507764628637,M,39.2,100.8,81.8,165.0,73.7
0.16431092277552908,-0.14721253348425944,-0.14093660886169565,-0.3479397608625955,M,41.8,101.7,88.9,174.5,80.3
1.2936074589639197,1.4961468903855486,0.7938069958345977,-0.12577734491702242,M,43.8,102.8,95.0,180.5,83.2
-1.4731690546976366,-1.6019897283854039,-1.4651567155147778,-1.4357695216995374,S,38.9,93.6,83.5,166.0,66.1
1.35007228577334,0.6071163823904066,1.0898091373217582,1.3833949289201435,XL,43.9,116.1,91.7,182.4,102.9
1.463001939392181,1.0651017956000264,1.6039181199047168,1.781755123029445,XL,44.1,117.8,93.4,185.7,108.1
-0.005083557652727914,0.06831001390850171,0.5601210946605244,1.4216987937383456,L,41.5,107.2,89.7,179.0,103.4
1.011283324916822,0.4454744718458328,0.824965115991139,-0.2713320312261911,L,43.3,106.8,91.1,180.7,81.3
0.10784609596611276,-0.30885444402883316,-0.12535754878342498,-1.1676424679721222,M,41.7,97.9,88.3,174.6,69.6
-0.7955911329846006,-1.3325865441444515,-1.215891754262434,-0.24068893937162894,L,40.1,105.1,84.5,167.6,81.7
1.801790900248699,1.684729119354216,0.5445420345822537,0.5407099029196956,L,44.7,104.9,95.7,178.9,91.9
-0.5697318257469233,1.3345049798409787,0.48222579426916656,1.6974866204294008,XL,40.5,117.9,94.4,178.5,107.0
-0.9649856134128616,0.09525033233259542,1.1677044377131158,1.6285396637566365,XL,39.8,113.7,89.8,182.9,106.1
-0.17447803808098492,-1.1709446335998817,-1.1535755139493467,-0.7156568631173361,S,41.2,95.8,85.1,168.0,75.5
-0.2874076916998256,-0.09333189663607203,0.1550655326254648,0.1040458439921906,L,41.0,107.7,89.1,176.4,86.2
-2.0942821496012525,-1.3325865441444515,-1.1224173937928055,-0.3402789878989544,L,37.8,106.1,84.5,168.2,80.4
0.4466350568226268,0.8765195666313589,0.1550655326254648,0.8931054592471551,L,42.3,111.5,92.7,176.4,96.5
-0.2874076916998256,-1.0901236783275927,-0.37462251003576896,0.24193975733771822,L,41.0,105.2,85.4,173.0,88.0
0.8418888444885652,1.9271919851710708,1.7597087206874324,1.567253480047513,XL,43.0,119.4,96.6,186.7,105.3
-1.3037745742693756,-1.73669132050588,-1.262628934497246,-1.0757131924084367,M,39.2,100.5,83.0,167.3,70.8
-0.40033734531866627,-1.0901236783275927,-0.3123062697226819,-0.6926745442264151,L,40.8,105.0,85.4,173.4,75.8
-0.9085207866034413,-0.7129592203902617,-1.3093661147320623,0.1117066169558306,L,39.9,111.7,86.8,167.0,86.3
-0.061548384462148255,0.2838325613012629,-0.3434643898792276,-0.6696922253354939,M,41.4,101.7,90.5,173.2,76.1
0.10784609596611276,-0.17415285190835697,0.7938069958345977,0.7552115459016275,L,41.7,110.4,88.8,180.5,94.7
-1.1343800938411186,-1.6019897283854039,-0.7640990119925578,-1.2672325164994476,M,39.5,96.7,83.5,170.5,68.3
-0.6826614793657639,-2.2216170521395937,-1.0133639732449018,-0.27899280418983113,L,40.3,107.5,81.2,168.9,81.2
-1.2473097474599593,-0.7937801756625467,0.326435193486451,0.04275966028306735,L,39.3,105.4,86.5,177.5,85.4
1.35007228577334,1.9541323035951685,0.8561232361476848,0.9620524159199195,XL,43.9,113.7,96.7,180.9,97.4
1.35007228577334,0.041369695484404174,0.8405441760694141,0.9160877781380763,L,43.9,108.3,89.6,180.8,96.8
0.7854240176791448,-0.6860189019661642,-0.6394665313663837,-1.0067662357356724,M,42.9,96.2,86.9,171.3,71.7
-0.9649856134128616,-0.7129592203902617,-0.0941994286268792,-0.21004584751706787,M,39.8,101.1,86.8,174.8,82.1
0.6160295372508878,0.2838325613012629,-0.6706246515229294,1.2225186966836936,XL,42.6,118.8,90.5,171.1,100.8
0.5595647104414675,1.3075646614168812,1.0586510171652168,1.1918756048291326,XL,42.5,114.0,94.3,182.20000000000002,100.4
0.7854240176791448,0.3377131981494541,-0.1565156689399663,0.05042043324670735,M,42.9,103.8,90.7,174.4,85.5
0.6724943640603082,1.7116694377783097,1.7597087206874324,-0.12577734491702242,M,42.7,101.4,95.8,186.7,83.2
-0.34387251850924594,-1.6289300468094976,-1.215891754262434,-0.26367125826255006,L,40.9,106.1,83.4,167.6,81.4
0.6724943640603082,0.8226389297831677,0.12390741246891904,0.2496005303013582,XL,42.7,113.4,92.5,176.2,88.1
0.22077574958494942,-0.25497380718064194,-0.5771502910532965,0.5407099029196956,XL,41.9,114.2,88.5,171.70000000000002,91.9
1.6888612466298583,1.4692065719614549,-0.04746224839206719,2.5325108734662085,XXL,44.5,120.2,94.9,175.1,117.9
0.05138126915669242,0.06831001390850171,-0.37462251003576896,1.4293595667019856,XL,41.6,117.6,89.7,173.0,103.5
1.463001939392181,1.3075646614168812,0.07717023223410259,2.7929771542299826,XXL,44.1,126.1,94.3,175.89999999999998,121.3
-2.0942821496012525,-1.521168773113119,-1.137996453871076,-1.2825540624267286,M,37.8,96.8,83.8,168.1,68.1
0.5595647104414675,0.7418179745108827,0.4199095539560795,1.551931934120232,XL,42.5,117.0,92.2,178.1,105.1
-1.7554931887447343,-2.059975141595024,-0.4680968705053974,-1.4587518405904585,M,38.4,96.1,81.8,172.4,65.8
1.632396419820438,1.8194307114746924,1.4481275191220013,0.8241585025743908,L,44.4,111.3,96.2,184.7,95.6
0.2772405763943698,-0.41661571772521183,0.09274929231237769,0.14234970881039277,L,42.0,106.1,87.9,176.0,86.7
0.39017023001321044,0.5801760639663089,0.48222579426916656,1.4523418855929067,XL,42.2,118.3,91.6,178.5,103.8
-0.1180132112715686,-0.09333189663607203,0.7938069958345977,-0.2713320312261911,M,41.3,96.2,89.1,180.5,81.3
1.011283324916822,0.7956986113590739,0.4199095539560795,0.9926955077744806,XL,43.3,115.7,92.4,178.1,97.8
-1.9813524959824116,-1.0362430414794055,-1.4495776554365072,-0.6467099064445717,L,38.0,106.2,85.6,166.1,76.4
1.011283324916822,-0.2819141256047356,0.09274929231237769,0.9467308699926384,XL,43.3,114.3,88.4,176.0,97.2
0.9548184981074058,0.12219065075669296,-1.1691545740276175,0.6556214973743021,XL,43.2,112.2,89.9,167.9,93.4
0.16431092277552908,0.5262954271181215,1.0119138369304004,0.8701231403562341,L,41.8,110.8,91.4,181.9,96.2
-0.5132669989375029,-0.5243769914215943,-0.5459921708967552,-0.06449116120789916,L,40.6,107.1,87.5,171.9,84.0
-0.23094286489040525,-0.14721253348425944,-0.37462251003576896,0.35685135179232474,L,41.1,110.8,88.9,173.0,89.5
-0.061548384462148255,-0.3357947624529269,-0.8108361922273742,0.5407099029196956,XL,41.4,114.9,88.2,170.2,91.9
0.4466350568226268,0.5801760639663089,0.6535954551301528,0.6173176325561,L,42.3,107.3,91.6,179.6,92.9
1.6888612466298583,1.09204211402412,0.9963347768521297,2.678065559775376,XXL,44.5,127.4,93.5,181.8,119.8
-0.40033734531866627,-0.4435560361493094,-0.9198896127752734,-0.7386391820082572,L,40.8,104.6,87.8,169.5,75.2
-0.34387251850924594,-0.9284817677830229,0.4043304938778088,0.8088369566471109,XL,40.9,116.8,86.0,178.0,95.4
1.5759315930110176,2.0080129404433595,1.4637065792002764,1.8736843985931306,XL,44.3,115.8,96.9,184.8,109.3
1.2371426321545034,0.7687582929349764,1.5104437594350884,1.5978965719020755,XL,43.7,115.1,92.3,185.1,105.7
0.39017023001321044,0.14913096918078667,-1.3716823550451493,1.3527518370655813,XL,42.2,117.1,90.0,166.6,102.5
0.10784609596611276,0.2838325613012629,0.2173817729385519,0.1270281628831117,L,41.7,105.9,90.5,176.8,86.5
1.2936074589639197,1.1459227508723113,0.5601210946605244,1.1382501940836494,XL,43.8,112.9,93.7,179.0,99.7
0.10784609596611276,-0.7398995388143554,-0.8108361922273742,0.9467308699926384,XXL,41.7,120.9,86.7,170.2,97.2
1.801790900248699,1.8463710298987859,1.915499321470148,2.21075840899331,XL,44.7,119.4,96.3,187.7,113.7
0.16431092277552908,0.3377131981494541,0.4043304938778088,-0.026187296389696996,L,41.8,108.8,90.7,178.0,84.5
0.10784609596611276,-0.4435560361493094,-0.03188318831379652,-0.5930844956990896,M,41.7,98.2,87.8,175.2,77.1
-0.5697318257469233,-0.17415285190835697,0.3420142535647217,-0.04150884231697808,L,40.5,104.4,88.8,177.6,84.3
-0.2874076916998256,-1.224825270448069,-1.247049874418975,0.22661821141043711,L,41.0,105.2,84.9,167.4,87.8
0.05138126915669242,-0.3357947624529269,-0.5148340507402094,1.306787199283739,XL,41.6,117.1,88.2,172.10000000000002,101.9
0.7854240176791448,0.2838325613012629,-0.5771502910532965,0.16533202770131386,L,42.9,109.8,90.5,171.70000000000002,87.0
-1.0779152670316983,-1.440347817840834,-0.7640990119925578,-0.677352998299134,M,39.6,99.4,84.1,170.5,76.0
-0.34387251850924594,0.499355108694024,-0.9510477329318148,0.1193673899194717,L,40.9,108.1,91.3,169.3,86.4
0.8418888444885652,0.7687582929349764,0.2173817729385519,0.7475507729379864,L,43.0,110.2,92.3,176.8,94.6
2.5922984755805714,1.8194307114746924,-0.2188319092530534,1.2455010155746147,XL,46.1,118.7,96.2,174.0,101.1
0.4466350568226268,-0.14721253348425944,0.4043304938778088,0.18831434659223495,L,42.3,111.1,88.9,178.0,87.3
0.16431092277552908,-0.2010931703324507,0.762648875678052,-0.9071761872083469,M,41.8,98.1,88.7,180.29999999999998,73.0
-0.1180132112715686,-0.12027221506016574,0.48222579426916656,-1.0527308735175156,M,41.3,99.9,89.0,178.5,71.1
1.180677805345083,0.9034598850554526,0.3420142535647217,1.084624783338166,XL,43.6,117.6,92.8,177.6,99.0
-0.061548384462148255,-0.847660812510738,0.014853991921019917,1.1688932859382104,XL,41.4,116.0,86.3,175.5,100.1
-0.5697318257469233,-0.2819141256047356,1.6506553001395332,2.1188291334296245,XL,40.5,116.8,88.4,186.0,112.5
-0.7391263061751803,-1.655870365233595,-0.17209472901823697,-1.1446601490812,M,40.2,100.8,83.3,174.3,69.9
-1.9248876691729913,-0.5782576282697856,-0.1565156689399663,-0.6390491334809317,M,38.1,102.7,87.3,174.4,76.5
1.011283324916822,0.5262954271181215,0.5601210946605244,1.2148579237200536,XL,43.3,115.5,91.4,179.0,100.7
1.5759315930110176,0.6340567008145002,0.7003326353649693,1.4216987937383456,XXL,44.3,120.4,91.8,179.9,103.4
1.6888612466298583,0.6879373376626915,-0.37462251003576896,1.4063772478110645,XL,44.5,116.6,92.0,173.0,103.2
-0.7955911329846006,-1.3325865441444515,-1.1224173937928055,-1.4740733865177396,S,40.1,94.1,84.5,168.2,65.6
0.8418888444885652,0.8226389297831677,-0.2967272096444112,0.5560314488469756,XL,43.0,112.7,92.5,173.5,92.1
1.0677481517262424,1.2806243429927875,-0.4057806301923103,1.559592707083873,XXL,43.4,125.1,94.2,172.8,105.2
-1.190844920650539,-1.7905719573540713,-0.9666267930100898,-1.6579319376451094,M,39.4,96.8,82.8,169.2,63.2
-0.7955911329846006,0.4454744718458328,1.2455997381044737,-1.3591617920631331,S,40.1,94.1,91.1,183.4,67.1
1.9147205538675356,1.172863069296405,1.5416018795916342,1.3604126100292213,XL,44.9,114.1,93.8,185.3,102.6
0.7289591908697245,0.14913096918078667,-0.4992549906619432,0.9620524159199195,XL,42.8,115.0,90.0,172.2,97.4
-0.005083557652727914,0.4724147902699303,-0.2188319092530534,-0.7386391820082572,M,41.5,98.7,91.2,174.0,75.2
-0.23094286489040525,-1.3325865441444515,-0.7329408918360121,0.05808120621034735,L,41.1,109.0,84.5,170.70000000000002,85.6
-0.1180132112715686,0.20301160602897791,0.2641189531733639,-0.9531408249901892,S,41.3,92.2,90.2,177.1,72.4
0.3337054032037901,0.4454744718458328,0.762648875678052,0.19597511955587604,L,42.1,105.3,91.1,180.29999999999998,87.4
-0.061548384462148255,-0.551317309845688,0.7938069958345977,1.1229286481563683,XL,41.4,113.6,87.4,180.5,99.5
0.7854240176791448,1.1998033877205025,0.9495975966173132,0.7475507729379864,XL,42.9,116.4,93.9,181.5,94.6
0.7854240176791448,0.5801760639663089,1.9933946218615057,1.4600026585565478,L,42.9,104.3,91.6,188.2,103.9
-0.005083557652727914,0.6071163823904066,-0.0007250681572507532,0.640299951447021,L,41.5,108.8,91.7,175.4,93.2
-0.9085207866034413,-1.3595268625685453,-1.3405242348886082,-0.685013771262774,L,39.9,105.3,84.4,166.79999999999998,75.9
1.011283324916822,1.3883856166891662,1.1677044377131158,1.4063772478110645,XL,43.3,116.4,94.6,182.9,103.2
0.503099883632047,1.6577888009301185,1.1365463175565702,1.758772804138524,L,42.4,111.9,95.6,182.7,107.8
-0.40033734531866627,0.8226389297831677,0.48222579426916656,0.8701231403562341,L,40.8,105.5,92.5,178.5,96.2
-0.17447803808098492,-0.47049635457340305,-0.6083084112098422,0.862462367392593,XL,41.2,114.2,87.7,171.5,96.1
0.6160295372508878,0.5532357455422152,1.1365463175565702,-0.6620314523718528,M,42.6,98.2,91.5,182.7,76.2
0.7289591908697245,1.4961468903855486,0.6535954551301528,-1.0450701005538745,M,42.8,99.7,95.0,179.6,71.2
-1.1343800938411186,-1.1440043151757842,-0.9510477329318148,-0.4781729012444831,L,39.5,108.2,85.2,169.3,78.6
0.503099883632047,-0.8746011309348317,-0.6394665313663837,-0.23302816640798896,L,42.4,111.2,86.2,171.3,81.8
-1.7554931887447343,-0.4435560361493094,1.074230077243483,-0.677352998299134,S,38.4,93.2,87.8,182.29999999999998,76.0
0.9548184981074058,1.2267437061445963,1.370232218730648,0.7935154107198297,L,43.2,110.9,94.0,184.20000000000002,95.2
-2.37660628364835,-1.6019897283854039,-1.262628934497246,-0.6467099064445717,L,37.3,105.3,83.5,167.3,76.4
1.5759315930110176,0.7418179745108827,0.2641189531733639,1.1688932859382104,XL,44.3,116.6,92.2,177.1,100.1
0.4466350568226268,-0.4435560361493094,-0.39020157011403966,-0.6926745442264151,M,42.3,97.3,87.8,172.9,75.8
0.2772405763943698,1.4422662535373574,1.2300206780261986,0.5560314488469756,L,42.0,111.7,94.8,183.29999999999998,92.1
1.180677805345083,0.39159383499764533,-0.4680968705053974,-0.026187296389696996,L,43.6,107.6,90.9,172.4,84.5
0.503099883632047,0.09525033233259542,0.17064459270373547,0.6096568595924589,XL,42.4,114.2,89.8,176.5,92.8
-0.2874076916998256,0.5262954271181215,-0.37462251003576896,0.49474526513785233,XL,41.0,114.0,91.4,173.0,91.3
0.8983536712979855,0.7148776560867851,-0.9354686728535441,0.9007662322107951,L,43.1,111.4,92.1,169.4,96.6
-0.5697318257469233,-0.6321382651179768,-1.3405242348886082,-0.3862436256807976,L,40.5,104.1,87.1,166.79999999999998,79.8
1.463001939392181,2.2774161246843123,0.762648875678052,0.5100668110651334,XL,44.1,115.2,97.9,180.29999999999998,91.5
0.5595647104414675,0.6879373376626915,0.9340185365390425,0.8164977296107508,L,42.5,110.6,92.0,181.4,95.5
0.6724943640603082,1.0381614771759289,0.6535954551301528,2.2797053656660733,XXL,42.7,121.3,93.3,179.6,114.6
1.35007228577334,-0.25497380718064194,0.8872813563042261,2.2490622738115125,XXL,43.9,127.7,88.5,181.1,114.2
-0.6826614793657639,-0.551317309845688,0.2641189531733639,-1.1523209220448412,M,40.3,97.7,87.4,177.1,69.8
0.4466350568226268,1.5500275272337398,1.1209672574782994,0.7858546377561886,L,42.3,106.2,95.2,182.6,95.1
-0.40033734531866627,-0.8746011309348317,0.48222579426916656,1.322108745211019,XL,40.8,114.7,86.2,178.5,102.1
-0.34387251850924594,-0.6321382651179768,-0.5771502910532965,-0.09513425306246134,L,40.9,109.0,87.1,171.70000000000002,83.6
1.8582557270581153,1.3075646614168812,0.4199095539560795,1.781755123029445,XL,44.8,114.5,94.3,178.1,108.1
0.2772405763943698,-0.5243769914215943,-0.5615712309750258,-0.026187296389696996,L,42.0,107.1,87.5,171.8,84.5
1.5194667662016013,0.36465351657354783,0.6691745152084235,0.47942371921057125,L,44.2,107.9,90.8,179.7,91.1
1.2936074589639197,0.7418179745108827,0.9807557167738545,0.9620524159199195,XL,43.8,113.0,92.2,181.7,97.4
1.1242129785356627,0.7148776560867851,0.20180271286027682,0.46410217328329123,XL,43.5,113.7,92.1,176.7,90.9
1.35007228577334,2.061893577291547,1.0586510171652168,0.14234970881039277,L,43.9,107.1,97.1,182.20000000000002,86.7
-0.9649856134128616,-1.3056462257203578,-1.3872614151234202,-1.949041310263446,S,39.8,91.2,84.6,166.5,59.4
0.5595647104414675,1.172863069296405,1.1365463175565702,0.33386903290140363,L,42.5,104.2,93.8,182.7,89.2
-0.5697318257469233,-0.25497380718064194,0.575700154738795,0.2342789843740782,L,40.5,104.9,88.5,179.1,87.9
0.39017023001321044,1.8463710298987859,1.0586510171652168,1.2148579237200536,L,42.2,110.8,96.3,182.20000000000002,100.7
0.9548184981074058,1.8733113483228836,1.027492897008671,1.2838048803928168,XL,43.2,114.2,96.4,182.0,101.6
1.011283324916822,1.3614452982650724,0.18622365278200614,0.9237485511017173,XL,43.3,115.3,94.5,176.6,96.9
1.180677805345083,1.09204211402412,0.31085613340818036,1.521288842265671,XXL,43.6,120.6,93.5,177.4,104.7
1.1242129785356627,1.0381614771759289,0.9340185365390425,1.9273098093386138,XL,43.5,118.2,93.3,181.4,110.0
1.6888612466298583,2.0349532588674535,1.3079159784175607,2.632100921993534,XXL,44.5,126.1,97.0,183.8,119.2
1.35007228577334,1.0651017956000264,1.370232218730648,-0.3019751230807522,M,43.9,98.4,93.4,184.20000000000002,80.9
0.503099883632047,0.7687582929349764,0.4199095539560795,-0.470512128280842,M,42.4,102.2,92.3,178.1,78.7
0.6160295372508878,0.14913096918078667,2.1647642827224964,-0.7999253657173805,S,42.6,94.5,90.0,189.3,74.4
1.4065371125827604,2.0349532588674535,2.1803433428007626,1.1382501940836494,L,44.0,109.9,97.0,189.39999999999998,99.7
-1.9248876691729913,-2.8412443758937833,-2.290846899663172,-1.6579319376451094,S,38.1,90.7,78.9,160.7,63.2
-0.17447803808098492,1.2267437061445963,1.2144416179479323,-0.1487596638079435,L,41.2,107.7,94.0,183.20000000000002,82.9
-0.17447803808098492,0.14913096918078667,-0.45251781042712674,-0.20238507455342677,L,41.2,106.5,90.0,172.5,82.2
-0.5132669989375029,0.2299519244530716,1.370232218730648,-1.0297485546265934,S,40.6,95.1,90.3,184.20000000000002,71.4
0.2772405763943698,-0.17415285190835697,-0.24999002940959475,0.6019960866288189,XL,42.0,113.0,88.8,173.8,92.7
0.3337054032037901,-0.30885444402883316,0.5912792148170701,-0.7846038197901004,S,42.1,93.9,88.3,179.20000000000002,74.6
-0.061548384462148255,-0.03945125978788078,-0.12535754878342498,1.7970766689567261,XXL,41.4,122.8,89.3,174.6,108.3
-0.1180132112715686,1.172863069296405,0.4043304938778088,-0.37092207975351654,M,41.3,103.2,93.8,178.0,80.0
1.1242129785356627,0.4724147902699303,0.4043304938778088,0.7015861351561443,L,43.5,111.8,91.2,178.0,94.0
-0.40033734531866627,-0.7398995388143554,0.20180271286027682,-1.1753032409357622,S,40.8,95.1,86.7,176.7,69.5
-0.40033734531866627,0.014429377060310465,1.41696939896546,1.965613674156816,XXL,40.8,120.7,89.5,184.5,110.5
0.6160295372508878,0.14913096918078667,-0.5459921708967552,0.012116568428505179,L,42.6,110.0,90.0,171.9,85.0
0.10784609596611276,1.0381614771759289,-0.37462251003576896,0.6709430433015822,XXL,41.7,120.7,93.3,173.0,93.6
1.4065371125827604,0.6071163823904066,1.8376040210787945,-0.05683038824425917,M,44.0,102.6,91.7,187.20000000000002,84.1
0.8418888444885652,1.09204211402412,0.6691745152084235,0.05042043324670735,L,43.0,108.9,93.5,179.7,85.5
1.2371426321545034,0.41853415342173905,0.7938069958345977,2.56315396532077,XXL,43.7,127.7,91.0,180.5,118.3
-0.5132669989375029,0.2299519244530716,-0.45251781042712674,-0.010865750462415908,L,40.6,109.3,90.3,172.5,84.7
-1.2473097474599593,-1.3595268625685453,-1.4028404752016908,-0.24068893937162894,L,39.3,108.6,84.4,166.4,81.7
0.5595647104414675,0.3377131981494541,0.528962974503983,0.012116568428505179,L,42.5,107.5,90.7,178.8,85.0
-0.4568021721280826,-0.4435560361493094,-0.4836759305836681,-0.4551905823535609,M,40.7,98.7,87.8,172.3,78.9
1.35007228577334,2.2774161246843123,1.0430719570869418,1.5059672963383899,XL,43.9,114.7,97.9,182.1,104.5
-0.061548384462148255,0.7148776560867851,-0.14093660886169565,-0.3402789878989544,L,41.4,104.8,92.1,174.5,80.4
-0.9649856134128616,-0.7398995388143554,-1.075680213557989,0.3874944436468869,L,39.8,108.8,86.7,168.5,89.9
-1.529633881507057,-0.847660812510738,-0.6083084112098422,-0.9301585060992681,M,38.8,97.9,86.3,171.5,72.7
1.5194667662016013,0.5801760639663089,0.326435193486451,1.4753242044838277,XL,44.2,119.9,91.6,177.5,104.1
-0.40033734531866627,-0.6590785835420705,0.1394864725471897,0.4564414003196502,L,40.8,111.7,87.0,176.29999999999998,90.8
-2.546000764076607,-0.9284817677830229,-0.14093660886169565,-0.2866535771534722,M,37.0,100.7,86.0,174.5,81.1
-0.6261966525563436,-1.73669132050588,-1.0601011534797182,-1.0603916464811556,M,40.4,102.7,83.0,168.6,71.0
1.0677481517262424,-0.9015414493589292,-0.2188319092530534,0.8011761836834698,L,43.4,111.4,86.1,174.0,95.3
0.8983536712979855,-0.22803348875654822,0.2641189531733639,-0.06449116120789916,L,43.1,110.2,88.6,177.1,84.0
-1.4731690546976366,-1.8713929126263562,-0.8264152523056449,-1.5506811161541438,S,38.9,90.7,82.5,170.1,64.6
0.7289591908697245,1.3075646614168812,1.4481275191220013,0.1117066169558306,M,42.8,102.3,94.3,184.7,86.3
-1.2473097474599593,-1.4672881362649277,-1.3405242348886082,-0.27899280418983113,L,39.3,107.6,84.0,166.79999999999998,81.2
-0.061548384462148255,-0.4974366729975006,-0.5148340507402094,0.5100668110651334,L,41.4,111.2,87.6,172.10000000000002,91.5
1.1242129785356627,-0.4435560361493094,0.8872813563042261,1.988595993047737,XXL,43.5,125.1,87.8,181.1,110.8
-2.32014145683893,-2.410199281108261,-1.278207994575521,-1.0603916464811556,M,37.4,97.7,80.5,167.2,71.0
1.5759315930110176,1.2806243429927875,0.24853989309509325,1.6745043015384797,XXL,44.3,122.3,94.2,177.0,106.7
-0.17447803808098492,0.2838325613012629,-0.4992549906619432,0.9007662322107951,XL,41.2,113.3,90.5,172.2,96.6
1.7453260734392786,1.3614452982650724,0.8872813563042261,2.371634641229759,XXL,44.6,128.3,94.5,181.1,115.8
0.2772405763943698,0.5262954271181215,0.6380163950518821,0.9160877781380763,XL,42.0,113.3,91.4,179.5,96.8
-0.5132669989375029,-1.3056462257203578,-0.9977849131666312,-0.5854237227354485,L,40.6,104.8,84.6,169.0,77.2
-0.17447803808098492,1.684729119354216,2.6944523253837303,-1.1829640138994022,XS,41.2,84.7,95.7,192.70000000000002,69.4
-0.40033734531866627,0.2838325613012629,0.1394864725471897,-0.24068893937162894,M,40.8,103.4,90.5,176.29999999999998,81.7
0.503099883632047,-0.7398995388143554,-0.26556908948786545,-0.4245474904989998,M,42.4,99.3,86.7,173.70000000000002,79.3
0.22077574958494942,1.3614452982650724,0.7938069958345977,0.9314093240653574,XL,41.9,112.8,94.5,180.5,97.0
-0.005083557652727914,0.6340567008145002,0.778227935756327,-0.2713320312261911,M,41.5,100.9,91.8,180.4,81.3
0.05138126915669242,1.2267437061445963,0.6847535752866986,0.027438114355786265,M,41.6,103.4,94.0,179.8,85.2
1.632396419820438,0.9573405219036438,-0.14093660886169565,2.2260799549205914,XXL,44.4,123.2,93.0,174.5,113.9
-0.7391263061751803,-1.6019897283854039,-0.9354686728535441,-0.7769430468264593,M,40.2,100.2,83.5,169.4,74.7
-0.7955911329846006,-1.1440043151757842,1.0898091373217582,0.9467308699926384,L,40.1,105.4,85.2,182.4,97.2
0.6160295372508878,-0.17415285190835697,-0.23441096933132408,-0.20238507455342677,L,42.6,104.0,88.8,173.9,82.2
-0.4568021721280826,0.5801760639663089,0.27969801325163457,0.877783913319874,XL,40.7,114.3,91.6,177.2,96.3
-0.005083557652727914,1.2806243429927875,1.7129715404526202,-0.5317983119899652,L,41.5,107.4,94.2,186.4,77.9
-1.529633881507057,-1.2787059072962603,-1.3093661147320623,-1.949041310263446,S,38.8,88.1,84.7,167.0,59.4
1.180677805345083,0.5262954271181215,0.09274929231237769,-0.010865750462415908,L,43.6,107.6,91.4,176.0,84.7
-1.6425635351258936,-1.2517655888721666,-1.5430520159061356,-1.2059463327903244,S,38.6,92.5,84.8,165.5,69.1
-1.1343800938411186,-0.36273508087702444,-0.9043105526970028,-0.8229076846083027,L,39.5,104.7,88.1,169.6,74.1
0.8418888444885652,-0.7398995388143554,0.10832835239064836,-1.106356284262998,M,43.0,96.8,86.7,176.1,70.4
0.4466350568226268,0.39159383499764533,0.5601210946605244,0.21895743844679713,L,42.3,111.3,90.9,179.0,87.7
1.011283324916822,0.31077287972535655,0.35759331364299235,0.8854446862835151,XL,43.3,115.2,90.6,177.7,96.4
0.10784609596611276,-0.3357947624529269,0.4043304938778088,0.6019960866288189,M,41.7,103.4,88.2,178.0,92.7
0.22077574958494942,0.7956986113590739,0.31085613340818036,0.7475507729379864,L,41.9,105.3,92.4,177.4,94.6
1.5194667662016013,0.4724147902699303,0.48222579426916656,0.9467308699926384,L,44.2,108.3,91.2,178.5,97.2
0.05138126915669242,0.20301160602897791,0.45106767411262083,-0.9071761872083469,S,41.6,94.7,90.2,178.29999999999998,73.0
0.22077574958494942,-0.8207204940866404,-0.8731524325404614,-0.11811657195338243,L,41.9,105.9,86.4,169.79999999999998,83.3
1.2371426321545034,0.2838325613012629,-0.7485199519142872,0.35685135179232474,L,43.7,109.5,90.5,170.6,89.5
1.2936074589639197,1.0381614771759289,1.1988625578696572,1.559592707083873,L,43.8,108.9,93.3,183.1,105.2
-0.34387251850924594,0.9304002034795501,-0.7640990119925578,0.1117066169558306,L,40.9,109.5,92.9,170.5,86.3
2.0841150342957966,2.4121177168047883,0.824965115991139,0.5943353136651778,L,45.2,111.9,98.4,180.7,92.6
-0.6826614793657639,-1.224825270448069,-1.7611588570019383,-1.0144270086993135,M,40.3,97.7,84.9,164.1,71.6
2.1405798611052127,1.8194307114746924,2.367292063740024,1.4063772478110645,XL,45.3,115.4,96.2,190.6,103.2
1.011283324916822,0.4454744718458328,-0.2188319092530534,0.16533202770131386,L,43.3,106.4,91.1,174.0,87.0
0.7289591908697245,1.09204211402412,0.9340185365390425,2.685726332739017,XL,42.8,119.6,93.5,181.4,119.9
-0.2874076916998256,1.2267437061445963,2.040131802096322,0.6249784055197399,XL,41.0,114.2,94.0,188.5,93.0
-0.2874076916998256,-0.9284817677830229,-1.4651567155147778,-0.8841938683174259,M,41.0,103.7,86.0,166.0,73.3
1.180677805345083,0.3377131981494541,0.9184394764607675,-0.1487596638079435,M,43.6,101.9,90.7,181.29999999999998,82.9
-0.23094286489040525,-0.3896753993011181,-0.3590434499574939,1.3757341559565024,XL,41.1,118.2,88.0,173.10000000000002,102.8
0.39017023001321044,0.41853415342173905,0.5601210946605244,0.15767125473767388,L,42.2,106.5,91.0,179.0,86.9
0.3337054032037901,0.25689224287716916,0.18622365278200614,1.2761441074291768,XL,42.1,113.4,90.4,176.6,101.5
-0.23094286489040525,-1.0093027230553078,-0.18767378909651208,-0.1640812097352246,M,41.1,100.1,85.7,174.2,82.7
0.22077574958494942,0.41853415342173905,0.4199095539560795,0.8088369566471109,L,41.9,108.2,91.0,178.1,95.4
0.6724943640603082,0.499355108694024,0.37317237372126744,0.7015861351561443,L,42.7,110.4,91.3,177.8,94.0
-1.0779152670316983,-1.5750494099613102,-1.4028404752016908,-1.9183982184088846,S,39.6,90.4,83.6,166.4,59.8
-1.190844920650539,-1.6828106836576888,-1.3716823550451493,0.31088671401048257,XL,39.4,113.9,83.2,166.6,88.9
-1.190844920650539,-1.0093027230553078,0.07717023223410259,-0.8765330953537848,M,39.4,97.3,85.7,175.89999999999998,73.4
-1.1343800938411186,-2.3563186442600697,-2.6180071613068736,-0.3785828527171565,M,39.5,103.2,80.7,158.6,79.9
0.05138126915669242,-0.9823624046312142,-0.623887471288113,-1.4664126135540985,S,41.6,92.3,85.8,171.4,65.7
-0.7955911329846006,-1.1709446335998817,0.4043304938778088,-0.5317983119899652,M,40.1,96.1,85.1,178.0,77.9
0.4466350568226268,0.31077287972535655,0.18622365278200614,1.1229286481563683,XL,42.3,115.9,90.6,176.6,99.5
-1.2473097474599593,-1.9522138678986412,-1.9636866380194702,-1.4127872028086153,M,39.3,99.8,82.2,162.79999999999998,66.4
-1.0779152670316983,-1.1170639967516904,-1.1847336341058925,0.47176294624693127,L,39.6,110.7,85.3,167.79999999999998,91.0
1.180677805345083,0.6340567008145002,0.20180271286027682,1.2608225615018958,XL,43.6,118.2,91.8,176.7,101.3
-0.6826614793657639,-0.09333189663607203,-0.4836759305836681,-0.3402789878989544,M,40.3,101.3,89.1,172.3,80.4
-0.5132669989375029,0.2299519244530716,0.3420142535647217,-0.25601048529891,M,40.6,101.1,90.3,177.6,81.5
0.503099883632047,1.6577888009301185,0.030433051999290587,1.4216987937383456,XL,42.4,117.2,95.6,175.6,103.4
-2.037817322791832,-1.1978849520239754,-1.075680213557989,-2.002666721008929,XS,37.9,83.8,85.0,168.5,58.7
-1.4167042278882163,0.014429377060310465,-0.32788532980095253,-0.3019751230807522,M,39.0,101.8,89.5,173.3,80.9
0.22077574958494942,0.5532357455422152,-0.2188319092530534,-0.470512128280842,L,41.9,104.3,91.5,174.0,78.7
-0.23094286489040525,-0.9015414493589292,-1.1691545740276175,0.14234970881039277,L,41.1,109.8,86.1,167.9,86.7
-0.9649856134128616,-2.6257218285010224,-1.3561032949668743,-1.336179473172211,S,39.8,95.6,79.7,166.70000000000002,67.4
-1.6425635351258936,-2.1407960968673088,-1.1535755139493467,-1.6655927106087498,S,38.6,93.6,81.5,168.0,63.1
0.6160295372508878,-0.25497380718064194,0.06159117215583636,0.47176294624693127,L,42.6,104.7,88.5,175.8,91.0
-1.9248876691729913,-0.6321382651179768,-1.7300007368453925,-1.7805043050633564,M,38.1,96.8,87.1,164.3,61.6
1.971185380676956,1.603908164081931,0.5601210946605244,2.0881860415750624,XXL,45.0,121.6,95.4,179.0,112.1
-1.3037745742693756,0.5532357455422152,0.6847535752866986,1.314447972247379,XL,39.2,115.1,91.5,179.8,102.0
-0.005083557652727914,0.7148776560867851,-0.7952571321490992,0.9773739618471995,XL,41.5,114.1,92.1,170.3,97.6
-0.8520559597940209,-0.3896753993011181,-0.6083084112098422,-0.07981270713518025,M,40.0,102.0,88.0,171.5,83.8
-0.2874076916998256,0.6879373376626915,1.6662343602178038,1.6668435285748386,XL,41.0,116.5,92.0,186.1,106.6
0.16431092277552908,0.9034598850554526,0.778227935756327,1.3833949289201435,XL,41.8,112.1,92.8,180.4,102.9
-1.3037745742693756,-0.25497380718064194,-0.5304131108184845,-1.098695511299358,M,39.2,101.2,88.5,172.0,70.5
1.971185380676956,1.3345049798409787,1.4948646993568178,1.7970766689567261,XL,45.0,116.5,94.4,185.0,108.3
-2.1507469764106686,-2.0330348231709263,-1.6053682562192226,-2.094595996572614,XS,37.7,86.2,81.9,165.1,57.5
1.5759315930110176,1.4422662535373574,1.2611787981827443,-0.3096358960443933,M,44.3,96.7,94.8,183.5,80.8
0.6160295372508878,0.39159383499764533,0.4666467341908959,0.5177275840287734,L,42.6,106.6,90.9,178.4,91.6
-0.7391263061751803,0.5532357455422152,1.7129715404526202,-0.6313883605172917,M,40.2,99.2,91.5,186.4,76.6
1.180677805345083,0.12219065075669296,-0.14093660886169565,0.7245684540470654,XL,43.6,117.8,89.9,174.5,94.3
-0.005083557652727914,-0.5782576282697856,-0.5771502910532965,-0.24068893937162894,L,41.5,104.3,87.3,171.70000000000002,81.7
0.4466350568226268,0.39159383499764533,-0.2967272096444112,-1.12933860315392,M,42.3,98.9,90.9,173.5,70.1
-1.7554931887447343,-2.1677364152914023,-2.353163139976255,-2.4929561906819173,S,38.4,88.0,81.4,160.3,52.3
-0.061548384462148255,-0.22803348875654822,-0.39020157011403966,-0.5624414038445275,M,41.4,103.1,88.6,172.9,77.5
-1.1343800938411186,0.06831001390850171,0.7314907555215105,-1.2365894246448854,S,39.5,93.9,89.7,180.1,68.7
-1.1343800938411186,-1.3325865441444515,-1.652105436454039,-1.114017057226639,S,39.5,94.2,84.5,164.79999999999998,70.3
2.5358336487711512,2.0888338957156445,1.074230077243483,2.440581597902523,XL,46.0,119.4,97.2,182.29999999999998,116.7
-1.5860987083164733,-1.3864671809926428,-2.4310584403676123,-1.7498612132087947,M,38.7,102.6,84.3,159.8,62.0
1.801790900248699,1.0112211587518352,0.31085613340818036,1.084624783338166,XL,44.7,115.6,93.2,177.4,99.0
1.0677481517262424,1.6577888009301185,1.8064459009222489,1.9196490363749739,XL,43.4,113.4,95.6,187.0,109.9
0.8983536712979855,1.9810726220192623,1.1053881974000288,1.2531617885382558,XL,43.1,115.7,96.8,182.5,101.2
1.6888612466298583,1.765550074626501,0.5912792148170701,0.20363589251951605,XL,44.5,115.9,96.0,179.20000000000002,87.5
-0.5697318257469233,-0.12027221506016574,-0.8108361922273742,-0.5394590849536063,L,40.5,104.8,89.0,170.2,77.8
-0.005083557652727914,0.2838325613012629,0.29527707332990527,0.34919057882868476,XL,41.5,116.4,90.5,177.29999999999998,89.4
-0.9085207866034413,-0.3896753993011181,0.17064459270373547,-1.3055363813176497,S,39.9,90.4,88.0,176.5,67.8
0.22077574958494942,0.2838325613012629,0.5601210946605244,-0.23302816640798896,L,41.9,104.3,90.5,179.0,81.8
1.1242129785356627,0.7418179745108827,1.0430719570869418,0.2496005303013582,XL,43.5,113.5,92.2,182.1,88.1
1.632396419820438,0.014429377060310465,0.5912792148170701,1.521288842265671,XL,44.4,117.2,89.5,179.20000000000002,104.7
2.1970446879146333,2.7623418563180255,1.728550600530891,1.2301794696473347,XL,45.4,112.7,99.7,186.5,100.9
-0.1180132112715686,0.5532357455422152,0.20180271286027682,0.8241585025743908,XL,41.3,116.5,91.5,176.7,95.6
-0.9649856134128616,-2.410199281108261,-1.1847336341058925,-1.2212678787176043,S,39.8,92.8,80.5,167.79999999999998,68.9
-0.1180132112715686,0.2299519244530716,-0.4057806301923103,0.46410217328329123,L,41.3,111.2,90.3,172.8,90.9
0.503099883632047,0.8765195666313589,-0.1565156689399663,2.3792954141934,XXL,42.4,120.7,92.7,174.4,115.9
-0.061548384462148255,-0.9015414493589292,-0.37462251003576896,-0.20238507455342677,L,41.4,104.3,86.1,173.0,82.2
-0.9085207866034413,0.3377131981494541,0.71591169544324,-1.1523209220448412,M,39.9,97.1,90.7,180.0,69.8
-1.1343800938411186,1.09204211402412,1.0586510171652168,-0.018526523426056995,M,39.5,101.8,93.5,182.20000000000002,84.6
0.5595647104414675,0.7148776560867851,-0.01630412823552585,-1.4740733865177396,S,42.5,88.9,92.1,175.29999999999998,65.6
-0.7955911329846006,0.2299519244530716,-0.5459921708967552,0.33386903290140363,L,40.1,111.3,90.3,171.9,89.2
-1.360239401078796,-2.2216170521395937,-0.9043105526970028,-1.4510910676268174,S,39.1,91.4,81.2,169.6,65.9
-0.17447803808098492,-1.521168773113119,-1.4651567155147778,-1.4281087487358963,S,41.2,95.0,83.8,166.0,66.2
0.39017023001321044,1.1459227508723113,1.0119138369304004,0.07340275213762844,M,42.2,102.5,93.7,181.9,85.8
1.2936074589639197,0.25689224287716916,-0.6394665313663837,0.14234970881039277,L,43.8,106.9,90.4,171.3,86.7
0.39017023001321044,-1.0093027230553078,-0.5615712309750258,-0.11045579898974134,M,42.2,103.8,85.7,171.8,83.4
1.4065371125827604,-0.7398995388143554,-0.9198896127752734,1.2301794696473347,XL,44.0,113.9,86.7,169.5,100.9
-0.9085207866034413,-1.1440043151757842,-1.2937870546537915,-0.4015651716080787,M,39.9,99.3,85.2,167.1,79.6
-0.2874076916998256,1.172863069296405,-0.20325284917477832,-0.3402789878989544,M,41.0,99.3,93.8,174.10000000000002,80.4
0.6724943640603082,-0.3357947624529269,0.07717023223410259,0.7552115459016275,XL,42.7,113.2,88.2,175.89999999999998,94.7
-0.23094286489040525,-0.2010931703324507,0.24853989309509325,-0.17174198269886568,M,41.1,103.2,88.7,177.0,82.6
-0.17447803808098492,0.9842808403277375,0.9184394764607675,1.1229286481563683,L,41.2,110.1,93.1,181.29999999999998,99.5
-0.7955911329846006,-0.6590785835420705,-0.26556908948786545,0.5636922218106167,L,40.1,106.5,87.0,173.70000000000002,92.2
0.8983536712979855,-0.012510941363783242,0.6691745152084235,-0.9837839168447513,S,43.1,94.9,89.4,179.7,72.0
-1.2473097474599593,-1.9791541863227389,-1.075680213557989,-0.5930844956990896,M,39.3,101.7,82.1,168.5,77.1
-0.1180132112715686,-1.4672881362649277,-0.8419943123839156,-0.37092207975351654,M,41.3,102.8,84.0,170.0,80.0
-0.8520559597940209,-1.3325865441444515,-2.21295159927181,-0.5088159930990441,L,40.0,109.8,84.5,161.20000000000002,78.2
0.22077574958494942,-0.36273508087702444,0.06159117215583636,-0.8765330953537848,S,41.9,94.0,88.1,175.8,73.4
0.39017023001321044,-0.3896753993011181,-1.3716823550451493,1.950292128229535,XXL,42.2,120.7,88.0,166.6,110.3
0.9548184981074058,1.09204211402412,-0.03188318831379652,1.5749142530111542,XL,43.2,116.8,93.5,175.2,105.4
0.3337054032037901,0.20301160602897791,-0.07862036854860853,0.019777341392145178,L,42.1,107.4,90.2,174.9,85.1
1.180677805345083,1.6308484825060248,1.0898091373217582,0.847140821465313,XL,43.6,112.3,95.5,182.4,95.9
-1.2473097474599593,-0.4974366729975006,0.20180271286027682,-0.3862436256807976,M,39.3,99.2,87.6,176.7,79.8
1.180677805345083,0.5262954271181215,0.7470698155997857,-0.04150884231697808,L,43.6,104.2,91.4,180.20000000000002,84.3
0.6724943640603082,0.8765195666313589,0.9807557167738545,0.5024060381014934,L,42.7,108.1,92.7,181.7,91.4
1.35007228577334,-0.17415285190835697,0.27969801325163457,-1.2442501976085265,M,43.9,97.1,88.8,177.2,68.6
1.1242129785356627,0.7956986113590739,0.35759331364299235,0.31088671401048257,L,43.5,108.3,92.4,177.7,88.9
-1.0779152670316983,-1.1978849520239754,-0.6083084112098422,-0.6926745442264151,M,39.6,103.7,85.0,171.5,75.8
0.6724943640603082,0.31077287972535655,0.5912792148170701,-0.5471198579172464,M,42.7,100.0,90.6,179.20000000000002,77.7
1.180677805345083,1.5769678456578335,1.479285639278547,1.0539816914836038,L,43.6,107.3,95.3,184.9,98.6
-0.061548384462148255,-0.3896753993011181,-0.06304130847033786,-0.7462999549718983,M,41.4,101.3,88.0,175.0,75.1
0.39017023001321044,0.6071163823904066,0.09274929231237769,-0.3019751230807522,M,42.2,102.1,91.7,176.0,80.9
0.10784609596611276,0.4724147902699303,1.479285639278547,0.9314093240653574,L,41.7,110.4,91.2,184.9,97.0
-0.23094286489040525,-0.47049635457340305,-0.42135969027058096,-0.018526523426056995,L,41.1,110.1,87.7,172.70000000000002,84.6
-0.005083557652727914,0.5262954271181215,0.8561232361476848,-0.22536739344434786,M,41.5,99.1,91.4,180.9,81.9
-0.2874076916998256,0.09525033233259542,1.339074098574102,0.877783913319874,L,41.0,107.4,89.8,184.0,96.3
0.39017023001321044,0.9842808403277375,0.48222579426916656,0.5483706758833355,L,42.2,110.7,93.1,178.5,92.0
0.05138126915669242,0.8226389297831677,-0.14093660886169565,-0.1640812097352246,M,41.6,103.2,92.5,174.5,82.7
-0.6826614793657639,0.09525033233259542,-0.3434643898792276,-0.2866535771534722,M,40.3,99.4,89.8,173.2,81.1
0.4466350568226268,0.4724147902699303,-0.6394665313663837,0.22661821141043711,L,42.3,107.3,91.2,171.3,87.8
-0.9649856134128616,-1.6828106836576888,-1.7144216767671263,-2.0639529047180525,S,39.8,89.6,83.2,164.39999999999998,57.9
1.2371426321545034,0.7418179745108827,0.49780485434743726,0.9084270051744362,XL,43.7,112.2,92.2,178.6,96.7
-0.2874076916998256,-0.25497380718064194,1.2611787981827443,1.0233385996290427,L,41.0,107.6,88.5,183.5,98.2
2.0841150342957966,1.25368402456869,0.1394864725471897,1.1688932859382104,XL,45.2,118.0,94.1,176.29999999999998,100.1
-0.9085207866034413,-0.30885444402883316,-1.0445220934014432,-0.49349444717176305,M,39.9,101.4,88.3,168.70000000000002,78.4
-0.34387251850924594,0.8765195666313589,1.5727599997481754,0.07340275213762844,M,40.9,103.2,92.7,185.5,85.8
-0.40033734531866627,-0.551317309845688,-0.5304131108184845,0.647960724410661,L,40.8,109.7,87.4,172.0,93.3
-1.1343800938411186,-1.6828106836576888,-2.836114002402672,-1.3285187002085708,L,39.5,106.1,83.2,157.20000000000002,67.5
-1.6425635351258936,-1.8444525942022625,-0.6083084112098422,-1.3821441109540542,M,38.6,97.7,82.6,171.5,66.8
-1.4167042278882163,-1.1440043151757842,-1.4963148356713236,-0.35560053382623547,M,39.0,97.5,85.2,165.79999999999998,80.2
-0.6826614793657639,-1.440347817840834,-0.5304131108184845,-0.3402789878989544,M,40.3,101.3,84.1,172.0,80.4
0.3337054032037901,-0.06639157821197449,0.35759331364299235,0.5866745407015378,L,42.1,107.2,89.2,177.7,92.5
0.3337054032037901,0.4454744718458328,-1.8078960372367547,-0.5394590849536063,L,42.1,104.9,91.1,163.79999999999998,77.8
1.7453260734392786,0.9034598850554526,2.3049758234269366,1.5978965719020755,XL,44.6,114.7,92.8,190.2,105.7
-0.4568021721280826,0.5532357455422152,0.6068582748953364,0.4028159895741669,L,40.7,107.3,91.5,179.29999999999998,90.1
0.10784609596611276,0.5262954271181215,0.7003326353649693,-0.5854237227354485,M,41.7,98.5,91.4,179.9,77.2
0.4466350568226268,0.8495792482072614,1.1209672574782994,0.4257983084650891,L,42.3,111.3,92.6,182.6,90.4
0.503099883632047,0.7418179745108827,1.1832834977913866,0.4028159895741669,L,42.4,109.1,92.2,183.0,90.1
0.7289591908697245,-0.2010931703324507,0.014853991921019917,0.862462367392593,XL,42.8,115.7,88.7,175.5,96.1
-0.17447803808098492,1.0651017956000264,1.728550600530891,1.291465653356458,XL,41.2,114.3,93.4,186.5,101.7
0.6160295372508878,-0.09333189663607203,0.8093860559128684,0.3721728977196058,M,42.6,103.8,89.1,180.6,89.7
-0.6261966525563436,0.31077287972535655,0.5912792148170701,0.5177275840287734,L,40.4,111.6,90.6,179.20000000000002,91.6
0.22077574958494942,-0.22803348875654822,0.35759331364299235,-0.7999253657173805,M,41.9,102.6,88.6,177.7,74.4
2.4229039951523106,1.8463710298987859,1.5571809396699048,-0.1564204367715846,M,45.8,103.9,96.3,185.4,82.8
1.2936074589639197,0.14913096918078667,1.0119138369304004,-0.32495744197167437,M,43.8,101.1,90.0,181.9,80.6
0.7289591908697245,0.5801760639663089,0.8717022962259554,-0.05683038824425917,M,42.8,96.9,91.6,181.0,84.1
0.2772405763943698,-1.1978849520239754,-1.1224173937928055,-0.4168867175353587,M,42.0,100.2,85.0,168.2,79.4
-0.4568021721280826,0.8226389297831677,1.41696939896546,1.099946329265447,L,40.7,109.7,92.5,184.5,99.2
-0.34387251850924594,0.9573405219036438,1.5260228195133634,1.6438612096839176,XL,40.9,118.1,93.0,185.20000000000002,106.3
-0.7955911329846006,-0.4435560361493094,-0.9822058530883605,-0.7616215008991782,M,40.1,99.9,87.8,169.1,74.9
0.7289591908697245,0.6609970192385978,-0.24999002940959475,-0.3402789878989544,M,42.8,101.1,91.9,173.8,80.4
-1.4731690546976366,-1.0093027230553078,-0.6706246515229294,-0.9378192790629092,L,38.9,104.1,85.7,171.1,72.6
0.5595647104414675,0.2838325613012629,-0.03188318831379652,-0.7079960901536961,M,42.5,101.0,90.5,175.2,75.6
0.05138126915669242,-0.5782576282697856,-0.39020157011403966,-0.5011552201354041,M,41.6,103.7,87.3,172.9,78.3
-2.4895359372671866,-2.2754976889877847,-1.776737917080209,-1.6043065268996266,S,37.1,93.3,81.0,164.0,63.9
-1.9813524959824116,-1.1978849520239754,-1.3093661147320623,-1.573663435045065,S,38.0,90.8,85.0,167.0,64.3
-0.005083557652727914,-0.8746011309348317,0.07717023223410259,-0.018526523426056995,M,41.5,103.4,86.2,175.89999999999998,84.6
0.3337054032037901,1.2267437061445963,1.1521253776348452,0.5483706758833355,M,42.1,102.6,94.0,182.8,92.0
0.4466350568226268,-1.3864671809926428,-1.6053682562192226,-0.8305684575719426,M,42.3,101.7,84.3,165.1,74.0
1.6888612466298583,1.4153259351132637,0.48222579426916656,0.5177275840287734,L,44.5,111.2,94.7,178.5,91.6
1.8582557270581153,2.4659983536529757,1.8220249610005195,1.551931934120232,XL,44.8,116.1,98.6,187.1,105.1
-0.005083557652727914,0.12219065075669296,-0.9354686728535441,-0.7233176360809761,L,41.5,107.2,89.9,169.4,75.4
0.10784609596611276,-0.12027221506016574,0.48222579426916656,0.8241585025743908,XL,41.7,114.6,89.0,178.5,95.6
-1.021450440222278,-1.224825270448069,-0.7485199519142872,-1.2595717435358065,S,39.7,94.3,84.9,170.6,68.4
-1.0779152670316983,-1.3595268625685453,-0.8419943123839156,-0.9378192790629092,M,39.6,100.6,84.4,170.0,72.6
-1.868422842363571,-1.73669132050588,-2.446637500445888,-0.9761231438811113,M,38.2,102.1,83.0,159.7,72.1
0.6160295372508878,1.4961468903855486,1.1365463175565702,0.8701231403562341,L,42.6,109.6,95.0,182.7,96.2
0.8983536712979855,-1.7905719573540713,-0.28114814956614054,-1.5200380242995817,S,43.1,92.9,82.8,173.6,65.0
1.1242129785356627,0.7418179745108827,0.6847535752866986,0.9084270051744362,XL,43.5,114.4,92.2,179.8,96.7
0.3337054032037901,-0.6051979466938793,-0.7329408918360121,0.9697131888835595,XL,42.1,114.3,87.2,170.70000000000002,97.5
0.16431092277552908,-0.2010931703324507,0.4199095539560795,1.099946329265447,XL,41.8,118.2,88.7,178.1,99.2
-0.5697318257469233,-0.8207204940866404,-0.8419943123839156,-0.3862436256807976,L,40.5,104.3,86.4,170.0,79.8
1.6888612466298583,2.439058035228882,1.1521253776348452,1.291465653356458,L,44.5,111.1,98.5,182.8,101.7
0.39017023001321044,0.014429377060310465,-0.623887471288113,1.7894158959930861,XXL,42.2,123.7,89.5,171.4,108.2
0.8983536712979855,1.3614452982650724,1.370232218730648,1.751112031174884,L,43.1,111.9,94.5,184.20000000000002,107.7
-0.8520559597940209,-0.8746011309348317,-0.4369387503488561,-1.4357695216995374,S,40.0,93.8,86.2,172.6,66.1
1.2371426321545034,0.09525033233259542,-0.4369387503488561,-0.9224977331356281,M,43.7,98.5,89.8,172.6,72.8
0.39017023001321044,-0.6860189019661642,-1.3093661147320623,-1.4664126135540985,M,42.2,98.5,86.9,167.0,65.7
-0.061548384462148255,0.6340567008145002,2.2738177032703955,-0.4322082634626398,M,41.4,96.1,91.8,190.0,79.2
-1.4167042278882163,-1.9252735494745474,-1.9325285178629246,-0.5164767660626852,L,39.0,104.6,82.3,163.0,78.1
1.011283324916822,0.9842808403277375,0.3887514337995337,2.2720445927024335,XXL,43.3,121.3,93.1,177.89999999999998,114.5
2.309974341533474,1.0112211587518352,1.479285639278547,2.3180092304842757,XXL,45.6,120.3,93.2,184.9,115.1
1.5194667662016013,0.6071163823904066,0.6535954551301528,0.5177275840287734,L,44.2,111.4,91.7,179.6,91.6
0.5595647104414675,1.172863069296405,1.0586510171652168,1.49830652337475,XL,42.5,115.8,93.8,182.20000000000002,104.4
-0.40033734531866627,-1.0631833599034992,-1.8546332174715667,-1.4127872028086153,S,40.8,95.2,85.5,163.5,66.4
-0.7391263061751803,-0.6051979466938793,-0.6862037116012001,0.2725828491922804,L,40.2,109.5,87.2,171.0,88.4
0.2772405763943698,-0.5243769914215943,-0.7952571321490992,0.1346889358467517,L,42.0,108.8,87.5,170.3,86.6
2.1970446879146333,1.2806243429927875,-0.07862036854860853,0.48708449217421235,L,45.4,108.6,94.2,174.9,91.2
0.05138126915669242,0.2299519244530716,-0.18767378909651208,-0.35560053382623547,M,41.6,100.8,90.3,174.2,80.2
0.2772405763943698,-0.6590785835420705,-1.0445220934014432,-0.4015651716080787,L,42.0,104.6,87.0,168.70000000000002,79.6
-0.5132669989375029,-0.2010931703324507,-0.3590434499574939,-1.0067662357356724,M,40.6,96.8,88.7,173.10000000000002,71.7
0.7854240176791448,1.3345049798409787,2.7567685656968126,-0.21004584751706787,M,42.9,102.1,94.4,193.1,82.1
-1.5860987083164733,-0.09333189663607203,0.326435193486451,0.5177275840287734,L,38.7,111.6,89.1,177.5,91.6
0.16431092277552908,1.2267437061445963,1.1832834977913866,-0.3019751230807522,M,41.8,102.5,94.0,183.0,80.9
-0.4568021721280826,0.5801760639663089,-0.2188319092530534,1.1382501940836494,XXL,40.7,121.3,91.6,174.0,99.7
-0.5697318257469233,0.9573405219036438,1.4481275191220013,0.35685135179232474,L,40.5,108.2,93.0,184.7,89.5
0.5595647104414675,-1.0631833599034992,-1.6676844965323099,0.5407099029196956,XL,42.5,114.3,85.5,164.7,91.9
1.463001939392181,1.6308484825060248,2.7100313854619964,0.877783913319874,XL,44.1,112.1,95.5,192.79999999999998,96.3
-0.1180132112715686,0.25689224287716916,0.43548861403435013,-0.21770662048070785,M,41.3,97.5,90.4,178.2,82.0
-0.1180132112715686,0.17607128760488036,0.4199095539560795,-0.9914446898083913,S,41.3,91.9,90.1,178.1,71.9
0.6160295372508878,-1.0901236783275927,0.10832835239064836,-0.1564204367715846,M,42.6,103.8,85.4,176.1,82.8
-1.021450440222278,-1.1978849520239754,-0.4057806301923103,-1.2672325164994476,S,39.7,92.6,85.0,172.8,68.3
-0.6826614793657639,-1.3325865441444515,-0.7640990119925578,-0.1564204367715846,M,40.3,103.6,84.5,170.5,82.8
-1.9248876691729913,-1.1709446335998817,-0.39020157011403966,-1.6885750294996715,XS,38.1,87.7,85.1,172.9,62.8
0.05138126915669242,-0.09333189663607203,-0.03188318831379652,0.34919057882868476,L,41.6,110.5,89.1,175.2,89.4
-0.40033734531866627,-0.8207204940866404,0.3420142535647217,0.6096568595924589,L,40.8,106.1,86.4,177.6,92.8
-0.7391263061751803,-2.0869154600191173,-1.7300007368453925,-2.247811455845423,S,40.2,94.8,81.7,164.3,55.5
-0.7391263061751803,-0.17415285190835697,-0.45251781042712674,-0.11045579898974134,L,40.2,107.4,88.8,172.5,83.4
-0.17447803808098492,0.8495792482072614,0.8717022962259554,-0.32495744197167437,M,41.2,101.8,92.6,181.0,80.6
-0.061548384462148255,0.5532357455422152,0.9340185365390425,0.8164977296107508,L,41.4,106.9,91.5,181.4,95.5
1.2936074589639197,1.3614452982650724,-0.1565156689399663,1.4753242044838277,XL,43.8,117.4,94.5,174.4,104.1
1.463001939392181,1.25368402456869,0.3420142535647217,1.2531617885382558,XL,44.1,114.1,94.1,177.6,101.2
-0.23094286489040525,-1.4942284546890214,-0.6083084112098422,0.6786038162652231,XL,41.1,113.1,83.9,171.5,93.7
0.16431092277552908,0.17607128760488036,1.1209672574782994,-0.7462999549718983,M,41.8,100.0,90.1,182.6,75.1
-1.4167042278882163,-1.1709446335998817,0.1394864725471897,-0.3096358960443933,M,39.0,101.1,85.1,176.29999999999998,80.8
0.22077574958494942,0.36465351657354783,1.370232218730648,-0.6467099064445717,M,41.9,97.4,90.8,184.20000000000002,76.4
-0.6261966525563436,0.6879373376626915,-0.4057806301923103,1.3680733829928624,XL,40.4,119.2,92.0,172.8,102.7
0.6160295372508878,1.0112211587518352,1.1365463175565702,0.2342789843740782,M,42.6,103.4,93.2,182.7,87.9
0.8983536712979855,-0.4435560361493094,-1.1535755139493467,0.19597511955587604,L,43.1,104.6,87.8,168.0,87.4
1.180677805345083,0.7418179745108827,1.0586510171652168,1.2225186966836936,L,43.6,110.5,92.2,182.20000000000002,100.8
-1.2473097474599593,-1.6828106836576888,-2.1817934791152687,-1.0297485546265934,M,39.3,102.4,83.2,161.4,71.4
-0.2874076916998256,-1.2787059072962603,0.04601211207756126,-1.121677830190279,M,41.0,100.5,84.7,175.7,70.2
-0.1180132112715686,-0.12027221506016574,-0.17209472901823697,0.6019960866288189,XL,41.3,113.4,89.0,174.3,92.7
0.8983536712979855,0.25689224287716916,0.35759331364299235,-0.32495744197167437,L,43.1,105.2,90.4,177.7,80.6
0.7289591908697245,1.4153259351132637,0.326435193486451,0.7322292270107065,XL,42.8,117.1,94.7,177.5,94.4
0.4466350568226268,0.5532357455422152,2.102448042409409,0.06574197917398844,M,42.3,101.9,91.5,188.9,85.7
0.7854240176791448,-0.7937801756625467,0.528962974503983,-1.6119672998632673,S,42.9,94.3,86.5,178.8,63.8
-1.6425635351258936,-1.8713929126263562,-1.5118938957495942,-0.8612115494265048,M,38.6,103.5,82.5,165.7,73.6
-1.1343800938411186,-1.817512275778165,-0.6394665313663837,-0.6084060416263696,M,39.5,98.8,82.7,171.3,76.9
-0.5132669989375029,-0.09333189663607203,-1.075680213557989,0.6019960866288189,XL,40.6,119.7,89.1,168.5,92.7
0.22077574958494942,0.2838325613012629,0.31085613340818036,0.6786038162652231,XL,41.9,112.8,90.5,177.4,93.7
-0.5132669989375029,-0.12027221506016574,-0.26556908948786545,0.7015861351561443,XL,40.6,113.2,89.0,173.70000000000002,94.0
0.16431092277552908,0.39159383499764533,0.5601210946605244,1.6208788907929965,L,41.8,109.5,90.9,179.0,106.0
-0.005083557652727914,0.6609970192385978,-0.10977848870514988,-0.3785828527171565,L,41.5,105.4,91.9,174.70000000000002,79.9
1.5759315930110176,1.7116694377783097,1.915499321470148,0.8088369566471109,L,44.3,108.2,95.8,187.7,95.4
1.9147205538675356,2.1696548509879294,1.5571809396699048,1.950292128229535,XXL,44.9,126.7,97.5,185.4,110.3
0.10784609596611276,1.0651017956000264,1.5571809396699048,0.9620524159199195,XL,41.7,113.1,93.4,185.4,97.4
2.4793688219617307,1.6577888009301185,0.7003326353649693,2.5401716464298487,XXL,45.9,124.8,95.6,179.9,118.0
-1.1343800938411186,-1.4134074994167365,-1.7455797969236677,-0.677352998299134,M,39.5,103.2,84.2,164.2,76.0
0.16431092277552908,0.8765195666313589,0.4666467341908959,1.1382501940836494,XL,41.8,116.7,92.7,178.4,99.7
1.180677805345083,-0.5782576282697856,-0.23441096933132408,0.5330491299560545,L,43.6,111.4,87.3,173.9,91.8
0.7854240176791448,-0.012510941363783242,-0.37462251003576896,0.16533202770131386,L,42.9,105.4,89.4,173.0,87.0
0.8418888444885652,0.8495792482072614,0.030433051999290587,0.18831434659223495,L,43.0,109.6,92.6,175.6,87.3
-0.005083557652727914,-0.47049635457340305,0.04601211207756126,-1.0067662357356724,M,41.5,100.5,87.7,175.7,71.7
0.6724943640603082,0.31077287972535655,0.2173817729385519,1.099946329265447,XL,42.7,117.0,90.6,176.8,99.2
-1.529633881507057,-0.2819141256047356,-1.028943033323177,-0.5317983119899652,M,38.8,98.7,88.4,168.79999999999998,77.9
1.632396419820438,2.1157742141397384,0.7938069958345977,2.639761694957174,XXL,44.4,125.7,97.3,180.5,119.3
0.05138126915669242,-1.1709446335998817,-0.45251781042712674,-0.3479397608625955,M,41.6,103.1,85.1,172.5,80.3
1.35007228577334,0.12219065075669296,0.9807557167738545,0.5177275840287734,L,43.9,105.8,89.9,181.7,91.6
0.2772405763943698,0.014429377060310465,1.9466574416266937,0.4564414003196502,L,42.0,107.7,89.5,187.9,90.8
-0.061548384462148255,-0.5782576282697856,-0.3123062697226819,0.09638507102854953,L,41.4,109.5,87.3,173.4,86.1
1.011283324916822,0.9304002034795501,0.528962974503983,1.2455010155746147,XXL,43.3,120.5,92.9,178.8,101.1
1.35007228577334,0.499355108694024,0.824965115991139,-0.6084060416263696,M,43.9,103.5,91.3,180.7,76.9
-1.8119580155541546,-1.3864671809926428,-0.42135969027058096,-1.6732534835723905,S,38.3,91.2,84.3,172.70000000000002,63.0
0.7289591908697245,-0.012510941363783242,0.014853991921019917,1.0386601455563238,L,42.8,111.4,89.4,175.5,98.4
1.2936074589639197,0.8495792482072614,1.8376040210787945,-0.10279502602610134,M,43.8,103.4,92.6,187.20000000000002,83.5
-0.7391263061751803,-0.8746011309348317,-0.5771502910532965,-1.5123772513359417,S,40.2,93.6,86.2,171.70000000000002,65.1
-0.6261966525563436,0.39159383499764533,0.8717022962259554,2.0422214037932203,XXL,40.4,122.3,90.9,181.0,111.5
-0.7391263061751803,-0.6860189019661642,-0.7952571321490992,-0.5241375390263252,M,40.2,101.9,86.9,170.3,78.0
-0.4568021721280826,-0.03945125978788078,0.5601210946605244,0.32620825993776253,L,40.7,105.9,89.3,179.0,89.1
0.7289591908697245,-0.3357947624529269,-0.7640990119925578,0.5483706758833355,L,42.8,108.8,88.2,170.5,92.0
-0.5697318257469233,-0.03945125978788078,1.2300206780261986,-0.8229076846083027,M,40.5,99.8,89.3,183.29999999999998,74.1
1.6888612466298583,1.6577888009301185,1.1677044377131158,2.39461696012068,XL,44.5,119.8,95.6,182.9,116.1
0.22077574958494942,0.14913096918078667,1.370232218730648,0.410476762537808,M,41.9,102.3,90.0,184.20000000000002,90.2
-1.6425635351258936,-1.6828106836576888,-2.0883191186456402,-1.0603916464811556,M,38.6,98.9,83.2,162.0,71.0
-0.17447803808098492,-0.6321382651179768,-0.5148340507402094,-1.106356284262998,S,41.2,94.4,87.1,172.10000000000002,70.4
-0.34387251850924594,-0.9284817677830229,-0.4057806301923103,-1.4970557054086606,S,40.9,93.2,86.0,172.8,65.3
-0.9649856134128616,-0.6051979466938793,0.20180271286027682,-1.5506811161541438,S,39.8,92.2,87.2,176.7,64.6
-0.40033734531866627,-0.36273508087702444,-0.8887314926187276,-0.19472430158978676,L,40.8,108.3,88.1,169.70000000000002,82.3
-1.9813524959824116,-1.1978849520239754,-1.8702122775498418,-1.4817341594813795,M,38.0,100.8,85.0,163.39999999999998,65.5
1.011283324916822,0.041369695484404174,0.27969801325163457,0.5560314488469756,XL,43.3,112.8,89.6,177.2,92.1
-0.23094286489040525,0.14913096918078667,1.915499321470148,-0.8229076846083027,M,41.1,101.3,90.0,187.7,74.1
0.22077574958494942,-0.012510941363783242,0.43548861403435013,-0.8535507764628637,M,41.9,100.9,89.4,178.2,73.7
2.4793688219617307,1.5769678456578335,0.71591169544324,1.4293595667019856,XL,45.9,119.7,95.3,180.0,103.5
0.10784609596611276,-0.14721253348425944,-0.0007250681572507532,-0.2866535771534722,L,41.7,105.4,88.9,175.4,81.1
-1.190844920650539,-0.14721253348425944,-0.4836759305836681,-0.21004584751706787,L,39.4,110.9,88.9,172.3,82.1
-0.17447803808098492,-1.0093027230553078,-1.6053682562192226,-1.1753032409357622,M,41.2,100.0,85.7,165.1,69.5
0.9548184981074058,2.573759627349358,2.055710862174593,2.5095285545752866,XXL,43.2,125.7,99.0,188.6,117.6
-0.5697318257469233,-1.817512275778165,-1.3405242348886082,-0.4015651716080787,L,40.5,104.7,82.7,166.79999999999998,79.6
-1.1343800938411186,-1.8444525942022625,-1.028943033323177,-0.6696922253354939,M,39.5,102.3,82.6,168.79999999999998,76.1
-0.34387251850924594,-0.551317309845688,0.6380163950518821,-1.12933860315392,M,40.9,99.5,87.4,179.5,70.1
0.3337054032037901,-0.4435560361493094,-0.1565156689399663,-0.1870635286261457,M,42.1,102.9,87.8,174.4,82.4
0.10784609596611276,-0.14721253348425944,-0.9510477329318148,0.8011761836834698,XL,41.7,112.3,88.9,169.3,95.3
-0.7955911329846006,-1.3325865441444515,-1.1847336341058925,-1.8264689428451992,S,40.1,93.1,84.5,167.79999999999998,61.0
-1.360239401078796,-0.551317309845688,-0.2188319092530534,0.9467308699926384,L,39.1,108.8,87.4,174.0,97.2
-0.5132669989375029,-0.5782576282697856,-0.4836759305836681,0.2496005303013582,L,40.6,111.3,87.3,172.3,88.1
-1.699028361935314,-1.89833323105045,-0.3123062697226819,-0.7616215008991782,M,38.5,102.6,82.4,173.4,74.9
1.5194667662016013,1.3075646614168812,1.7752877807657075,1.1459109670472893,L,44.2,110.7,94.3,186.8,99.8
-0.005083557652727914,-0.8207204940866404,-1.2003126941841586,0.6939253621925043,XL,41.5,113.8,86.4,167.70000000000002,93.9
1.011283324916822,-0.8746011309348317,-1.1847336341058925,1.3910557018837835,XXL,43.3,125.3,86.2,167.79999999999998,103.0
-0.40033734531866627,1.2267437061445963,0.3887514337995337,2.647422467920815,XXL,40.8,126.0,94.0,177.89999999999998,119.4
-0.061548384462148255,0.06831001390850171,-0.01630412823552585,0.2879043951195604,XL,41.4,113.4,89.7,175.29999999999998,88.6
1.0677481517262424,0.5801760639663089,1.1677044377131158,0.4564414003196502,M,43.4,103.1,91.6,182.9,90.8
0.2772405763943698,1.0381614771759289,0.965176656695584,-0.1334381178806635,M,42.0,102.4,93.3,181.6,83.1
-1.190844920650539,-0.30885444402883316,-0.8108361922273742,-1.1599816950084811,L,39.4,107.5,88.3,170.2,69.7
-0.5697318257469233,-0.12027221506016574,-0.0007250681572507532,-0.700335317190055,M,40.5,98.0,89.0,175.4,75.7
0.503099883632047,-0.5782576282697856,-1.4807357755930486,0.640299951447021,XL,42.4,119.0,87.3,165.9,93.2
-0.5132669989375029,-0.7937801756625467,-0.45251781042712674,-0.8688723223901448,M,40.6,101.7,86.5,172.5,73.5
0.10784609596611276,0.7418179745108827,-0.5771502910532965,2.0498821767568605,XXL,41.7,123.9,92.2,171.70000000000002,111.6
-0.005083557652727914,-0.6590785835420705,0.24853989309509325,0.5483706758833355,L,41.5,111.9,87.0,177.0,92.0
-0.2874076916998256,-0.06639157821197449,1.4948646993568178,-1.13699937611756,S,41.0,93.9,89.2,185.0,70.0
-0.2874076916998256,-0.14721253348425944,0.3887514337995337,0.44111985439236906,L,41.0,109.4,88.9,177.89999999999998,90.6
1.971185380676956,1.9002516667469773,0.8561232361476848,1.9196490363749739,XXL,45.0,121.9,96.5,180.9,109.9
-0.1180132112715686,-1.1440043151757842,-0.6862037116012001,-0.6390491334809317,M,41.3,100.8,85.2,171.0,76.5
0.05138126915669242,-0.5243769914215943,-0.6083084112098422,1.084624783338166,XL,41.6,114.6,87.5,171.5,99.0
0.16431092277552908,-0.7937801756625467,-1.9481075779411952,-0.5241375390263252,M,41.8,101.6,86.5,162.9,78.0
-0.7391263061751803,-1.8713929126263562,-1.247049874418975,-0.1794027556625057,L,40.2,107.4,82.5,167.4,82.5
-0.4568021721280826,0.17607128760488036,1.2455997381044737,1.3757341559565024,XL,40.7,114.7,90.1,183.4,102.8
-0.9649856134128616,0.6340567008145002,0.9184394764607675,0.8394800485016719,L,39.8,109.2,91.8,181.29999999999998,95.8
-0.005083557652727914,0.06831001390850171,0.23296083301681814,0.5330491299560545,L,41.5,109.6,89.7,176.89999999999998,91.8
2.1405798611052127,1.765550074626501,1.5416018795916342,2.134150679356906,XXL,45.3,126.0,96.0,185.3,112.7
-0.4568021721280826,-0.6590785835420705,-0.06304130847033786,-0.5164767660626852,M,40.7,97.6,87.0,175.0,78.1
0.3337054032037901,-1.1170639967516904,-0.5148340507402094,-1.6426103917178287,S,42.1,90.6,85.3,172.10000000000002,63.4
1.0677481517262424,0.9842808403277375,-0.7485199519142872,1.1459109670472893,XL,43.4,117.2,93.1,170.6,99.8
-1.9813524959824116,-2.2216170521395937,-1.262628934497246,-1.5430203431905027,S,38.0,94.7,81.2,167.3,64.7
-0.5697318257469233,-0.7129592203902617,-0.6083084112098422,-1.2136071057539644,S,40.5,94.9,86.8,171.5,69.0
0.5595647104414675,0.7418179745108827,0.24853989309509325,-0.10279502602610134,L,42.5,106.3,92.2,177.0,83.5
-1.360239401078796,-1.655870365233595,-1.1224173937928055,-1.4357695216995374,M,39.1,96.2,83.3,168.2,66.1
0.7854240176791448,-0.09333189663607203,0.43548861403435013,-0.03384806935333699,M,42.9,99.4,89.1,178.2,84.4
0.16431092277552908,-0.2819141256047356,-0.0941994286268792,-0.07215193417153917,M,41.8,102.6,88.4,174.8,83.9
0.7854240176791448,-0.6051979466938793,0.43548861403435013,0.3032259410468415,M,42.9,102.3,87.2,178.2,88.8
-1.699028361935314,-1.4134074994167365,-0.8575733724621863,-1.5430203431905027,S,38.5,95.2,84.2,169.9,64.7
-0.005083557652727914,-0.4435560361493094,1.6350762400612626,-0.9914446898083913,S,41.5,93.1,87.8,185.9,71.9
-0.23094286489040525,-0.30885444402883316,0.1394864725471897,-0.1640812097352246,L,41.1,106.2,88.3,176.29999999999998,82.7
-0.1180132112715686,-0.9554220862071167,0.5601210946605244,0.418137535501448,L,41.3,105.8,85.9,179.0,90.3
1.4065371125827604,0.5532357455422152,0.7003326353649693,1.5978965719020755,XL,44.0,116.5,91.5,179.9,105.7
1.0677481517262424,0.6879373376626915,1.0119138369304004,2.402277733084321,XXL,43.4,120.4,92.0,181.9,116.2
0.10784609596611276,-0.25497380718064194,-0.5927293511315717,0.08872429806490953,L,41.7,104.8,88.5,171.6,86.0
0.5595647104414675,0.9034598850554526,-0.3434643898792276,0.877783913319874,XL,42.5,119.9,92.8,173.2,96.3
2.0841150342957966,0.9842808403277375,1.074230077243483,1.5059672963383899,XL,45.2,113.5,93.1,182.29999999999998,104.5
-0.2874076916998256,-0.7937801756625467,-1.7611588570019383,0.2572613032649993,L,41.0,110.8,86.5,164.1,88.2
0.6160295372508878,0.499355108694024,-0.7796780720708285,0.19597511955587604,M,42.6,103.7,91.3,170.4,87.4
-0.7391263061751803,-1.5481090915372127,-1.574210136062677,-0.9608015979538302,M,40.2,99.1,83.7,165.3,72.3
0.6160295372508878,0.6340567008145002,0.762648875678052,-0.5777629497718085,S,42.6,94.9,91.8,180.29999999999998,77.3
0.3337054032037901,0.25689224287716916,-1.1068383337145302,-0.4781729012444831,L,42.1,107.2,90.4,168.3,78.6
1.8582557270581153,0.8765195666313589,1.0586510171652168,0.9467308699926384,L,44.8,108.5,92.7,182.20000000000002,97.2
0.10784609596611276,0.41853415342173905,0.9028604163825013,1.559592707083873,XL,41.7,114.1,91.0,181.20000000000002,105.2
1.7453260734392786,1.5500275272337398,0.5601210946605244,0.05042043324670735,L,44.6,106.3,95.2,179.0,85.5
0.5595647104414675,-0.25497380718064194,0.6691745152084235,1.0233385996290427,L,42.5,111.7,88.5,179.7,98.2
0.16431092277552908,-0.30885444402883316,0.6535954551301528,-1.1829640138994022,S,41.8,92.2,88.3,179.6,69.4
-0.34387251850924594,-0.9284817677830229,-1.5586310759844106,0.9160877781380763,XL,40.9,114.3,86.0,165.39999999999998,96.8
-1.1343800938411186,-0.7398995388143554,-0.623887471288113,-0.21004584751706787,M,39.5,103.2,86.7,171.4,82.1
-1.1343800938411186,0.09525033233259542,0.31085613340818036,0.47176294624693127,M,39.5,102.9,89.8,177.4,91.0
-0.005083557652727914,0.6609970192385978,-0.1565156689399663,0.7015861351561443,L,41.5,111.9,91.9,174.4,94.0
0.39017023001321044,1.3614452982650724,1.6973924803743496,1.4753242044838277,L,42.2,108.4,94.5,186.3,104.1
-0.1180132112715686,0.8226389297831677,0.27969801325163457,1.1305894211200083,XL,41.3,114.3,92.5,177.2,99.6
-0.17447803808098492,0.5801760639663089,0.528962974503983,1.1305894211200083,XL,41.2,115.6,91.6,178.8,99.6
-0.8520559597940209,-0.41661571772521183,-0.7017827716794708,-1.098695511299358,M,40.0,99.0,87.9,170.9,70.5
-1.021450440222278,-2.1946767337154998,-0.9666267930100898,-1.3668225650267731,M,39.7,97.8,81.3,169.2,67.0
1.2371426321545034,0.9304002034795501,0.8561232361476848,1.7204689393203219,XL,43.7,112.8,92.9,180.9,107.3
-0.061548384462148255,-0.2010931703324507,-0.7173618317577458,0.862462367392593,XL,41.4,115.1,88.7,170.79999999999998,96.1
-1.9813524959824116,-1.8713929126263562,-0.6862037116012001,-1.910737445445244,S,38.0,88.7,82.5,171.0,59.9
0.8418888444885652,0.041369695484404174,-0.12535754878342498,0.08106352510126952,L,43.0,107.4,89.6,174.6,85.9
0.8983536712979855,0.5801760639663089,0.6847535752866986,0.9390700970289974,L,43.1,111.4,91.6,179.8,97.1
-0.7391263061751803,0.014429377060310465,0.17064459270373547,0.44111985439236906,L,40.2,108.5,89.5,176.5,90.6
-0.7391263061751803,-0.14721253348425944,0.27969801325163457,-0.9761231438811113,S,40.2,92.5,88.9,177.2,72.1
-0.23094286489040525,0.8765195666313589,1.370232218730648,1.0156778266654016,XL,41.1,114.2,92.7,184.20000000000002,98.1
1.801790900248699,1.172863069296405,0.5912792148170701,0.2879043951195604,L,44.7,111.6,93.8,179.20000000000002,88.6
-1.8119580155541546,-0.6860189019661642,-0.4057806301923103,-1.2212678787176043,M,38.3,99.3,86.9,172.8,68.9
0.4466350568226268,-0.3357947624529269,1.1053881974000288,-0.23302816640798896,M,42.3,103.4,88.2,182.5,81.8
-1.2473097474599593,-0.22803348875654822,-0.3434643898792276,0.7935154107198297,XL,39.3,115.3,88.6,173.2,95.2
0.5595647104414675,0.9034598850554526,1.8064459009222489,0.2572613032649993,L,42.5,106.9,92.8,187.0,88.2
1.2371426321545034,-0.25497380718064194,-1.636526376375764,0.4334590814287291,XL,43.7,114.0,88.5,164.9,90.5
-1.0779152670316983,-1.2517655888721666,-0.8264152523056449,0.7092469081197843,L,39.6,110.6,84.8,170.1,94.1
-1.021450440222278,-1.1440043151757842,0.71591169544324,-1.3668225650267731,S,39.7,90.4,85.2,180.0,67.0
-0.5132669989375029,-0.4435560361493094,-0.14093660886169565,-0.003204977498775909,L,40.6,105.4,87.8,174.5,84.8
-1.0779152670316983,-1.7905719573540713,-1.5586310759844106,-0.11811657195338243,M,39.6,102.0,82.8,165.39999999999998,83.3
1.180677805345083,1.172863069296405,1.4481275191220013,0.09638507102854953,M,43.6,100.5,93.8,184.7,86.1
-0.5697318257469233,0.06831001390850171,-0.2967272096444112,-0.12577734491702242,L,40.5,107.6,89.7,173.5,83.2
0.2772405763943698,-0.4974366729975006,-0.3123062697226819,-0.003204977498775909,M,42.0,103.8,87.6,173.4,84.8
-0.8520559597940209,1.3075646614168812,2.5698198447575558,-0.010865750462415908,S,40.0,93.8,94.3,191.9,84.7
0.6724943640603082,0.06831001390850171,-0.18767378909651208,0.9850347348108406,L,42.7,107.8,89.7,174.2,97.7
1.5194667662016013,0.499355108694024,0.18622365278200614,2.655083240884455,XXL,44.2,127.5,91.3,176.6,119.5
-0.5697318257469233,-0.551317309845688,-1.0601011534797182,-2.01798826693621,S,40.5,93.6,87.4,168.6,58.5
1.6888612466298583,2.1965951694120234,2.11802710248768,2.2643838197387933,XL,44.5,119.4,97.6,189.0,114.4
0.7289591908697245,-0.4974366729975006,-0.04746224839206719,0.9697131888835595,XL,42.8,112.7,87.6,175.1,97.5
0.39017023001321044,0.36465351657354783,-0.03188318831379652,-0.5624414038445275,M,42.2,102.2,90.8,175.2,77.5
-1.3037745742693756,-0.06639157821197449,1.4481275191220013,0.3721728977196058,M,39.2,101.8,89.2,184.7,89.7
-0.9085207866034413,-0.06639157821197449,0.31085613340818036,0.6862645892288632,L,39.9,111.7,89.2,177.4,93.8
2.2535095147240534,2.1157742141397384,1.9933946218615057,1.973274447120456,XXL,45.5,123.7,97.3,188.2,110.6
0.7854240176791448,0.6609970192385978,0.6224373349736114,0.34919057882868476,M,42.9,102.7,91.9,179.4,89.4
0.2772405763943698,1.4692065719614549,2.8969801064012577,1.2455010155746147,L,42.0,108.2,94.9,194.0,101.1
-0.005083557652727914,1.684729119354216,2.4451873641313817,2.5401716464298487,XL,41.5,116.7,95.7,191.1,118.0
-0.6261966525563436,-0.8746011309348317,0.528962974503983,-0.4398690364262809,M,40.4,97.8,86.2,178.8,79.1
-1.6425635351258936,-1.2787059072962603,-1.4651567155147778,0.04275966028306735,L,38.6,109.5,84.7,166.0,85.4
0.10784609596611276,0.17607128760488036,-0.6394665313663837,-0.6160668145900107,L,41.7,107.9,90.1,171.3,76.8
-0.34387251850924594,0.31077287972535655,0.20180271286027682,-0.08747348009882025,L,40.9,104.2,90.6,176.7,83.7
0.7854240176791448,0.8226389297831677,0.4199095539560795,0.08106352510126952,M,42.9,102.8,92.5,178.1,85.9
-1.868422842363571,-0.9015414493589292,0.29527707332990527,0.7015861351561443,L,38.2,110.1,86.1,177.29999999999998,94.0
2.366439168342894,1.2267437061445963,0.778227935756327,0.9007662322107951,XL,45.7,112.4,94.0,180.4,96.6
-1.8119580155541546,-0.8746011309348317,-0.8108361922273742,-1.4970557054086606,S,38.3,95.9,86.2,170.2,65.3
0.7854240176791448,0.4454744718458328,0.8561232361476848,-0.5777629497718085,M,42.9,100.6,91.1,180.9,77.3
1.5759315930110176,1.172863069296405,1.9466574416266937,-0.04916961528061808,M,44.3,101.1,93.8,187.9,84.2
0.6724943640603082,0.8765195666313589,1.681813420296079,1.2531617885382558,L,42.7,111.4,92.7,186.20000000000002,101.2
-0.6826614793657639,-0.03945125978788078,0.20180271286027682,-0.5624414038445275,M,40.3,100.0,89.3,176.7,77.5
-0.40033734531866627,0.36465351657354783,0.2641189531733639,0.7015861351561443,XL,40.8,116.7,90.8,177.1,94.0
0.05138126915669242,0.4724147902699303,-0.0941994286268792,0.8394800485016719,L,41.6,108.8,91.2,174.8,95.8
-0.9649856134128616,-0.7937801756625467,-0.7952571321490992,-0.677352998299134,L,39.8,106.2,86.5,170.3,76.0
-0.17447803808098492,0.09525033233259542,-0.17209472901823697,0.44111985439236906,XL,41.2,112.3,89.8,174.3,90.6
0.6724943640603082,0.4454744718458328,0.6847535752866986,0.9543916429562784,L,42.7,109.0,91.1,179.8,97.3
1.1242129785356627,1.5500275272337398,2.102448042409409,2.1494722252841867,XXL,43.5,122.6,95.2,188.9,112.9
0.4466350568226268,0.7148776560867851,0.5912792148170701,0.35685135179232474,L,42.3,110.8,92.1,179.20000000000002,89.5
-1.9248876691729913,-2.5987815100769285,-0.20325284917477832,-1.5966457539359862,S,38.1,92.2,79.8,174.10000000000002,64.0
-0.40033734531866627,-0.7937801756625467,-1.1691545740276175,-0.7922645927537405,M,40.8,103.1,86.5,167.9,74.5
0.6160295372508878,0.20301160602897791,0.762648875678052,-0.19472430158978676,L,42.6,109.5,90.2,180.29999999999998,82.3
-0.5697318257469233,-0.30885444402883316,-0.8108361922273742,0.2572613032649993,L,40.5,106.7,88.3,170.2,88.2
-0.4568021721280826,-0.9554220862071167,-0.7329408918360121,-2.040970585827131,S,40.7,93.5,85.9,170.70000000000002,58.2
0.6724943640603082,0.6879373376626915,0.824965115991139,1.3604126100292213,XL,42.7,116.9,92.0,180.7,102.6
-1.1343800938411186,-1.0901236783275927,0.31085613340818036,-0.1794027556625057,M,39.5,101.6,85.4,177.4,82.5
-0.23094286489040525,0.499355108694024,0.31085613340818036,-0.9684623709174702,M,41.1,98.1,91.3,177.4,72.2
-1.699028361935314,0.12219065075669296,0.6380163950518821,0.36451212475596473,L,38.5,110.4,89.9,179.5,89.6
-1.4167042278882163,-1.6019897283854039,0.513383914425708,-2.1175783154635353,S,39.0,90.8,83.5,178.7,57.2
1.180677805345083,0.2299519244530716,-0.17209472901823697,0.8394800485016719,XL,43.6,114.6,90.3,174.3,95.8
0.6160295372508878,0.6340567008145002,1.2611787981827443,-0.3096358960443933,M,42.6,99.7,91.8,183.5,80.8
0.05138126915669242,1.09204211402412,1.3079159784175607,-0.1870635286261457,M,41.6,103.2,93.5,183.8,82.4
0.22077574958494942,-0.2819141256047356,-0.14093660886169565,-0.6696922253354939,M,41.9,97.7,88.4,174.5,76.1
0.7289591908697245,0.4454744718458328,0.6847535752866986,0.2955651680832015,M,42.8,101.6,91.1,179.8,88.7
-1.190844920650539,-1.1170639967516904,-0.5304131108184845,-1.2748932894630876,S,39.4,94.2,85.3,172.0,68.2
0.6160295372508878,-0.12027221506016574,-1.0445220934014432,1.3527518370655813,XXL,42.6,123.2,89.0,168.70000000000002,102.5
-0.34387251850924594,1.1189824324482138,1.4013903388871893,0.08872429806490953,M,40.9,103.7,93.6,184.4,86.0
-0.9649856134128616,-2.059975141595024,-0.9510477329318148,-1.5583418891177838,S,39.8,93.3,81.8,169.3,64.5
-1.360239401078796,-0.7937801756625467,-1.247049874418975,-0.8075861386810216,M,39.1,98.7,86.5,167.4,74.3
-0.2874076916998256,-1.1709446335998817,0.49780485434743726,-0.1794027556625057,M,41.0,97.2,85.1,178.6,82.5
-0.34387251850924594,0.20301160602897791,-0.2188319092530534,-1.2289286516812454,S,40.9,95.7,90.2,174.0,68.8
0.8418888444885652,-0.30885444402883316,1.1365463175565702,0.31088671401048257,L,43.0,105.7,88.3,182.7,88.9
0.05138126915669242,0.2838325613012629,0.45106767411262083,1.2148579237200536,XL,41.6,114.5,90.5,178.29999999999998,100.7
0.8983536712979855,-0.012510941363783242,1.7752877807657075,-0.018526523426056995,M,43.1,102.3,89.4,186.8,84.6
1.0677481517262424,1.1459227508723113,1.6194971799829918,0.33386903290140363,L,43.4,107.6,93.7,185.8,89.2
-1.1343800938411186,-1.2517655888721666,-0.9043105526970028,-0.5777629497718085,M,39.5,98.6,84.8,169.6,77.3
1.2371426321545034,0.8226389297831677,1.276757858261015,1.1995363777927726,XL,43.7,113.6,92.5,183.6,100.5
-0.34387251850924594,0.14913096918078667,-0.5148340507402094,0.20363589251951605,L,40.9,106.9,90.0,172.10000000000002,87.5
-1.1343800938411186,-1.0093027230553078,0.20180271286027682,-1.5200380242995817,S,39.5,92.6,85.7,176.7,65.0
-0.061548384462148255,0.499355108694024,0.23296083301681814,-1.8188081698815586,S,41.4,92.2,91.3,176.89999999999998,61.1
-0.23094286489040525,-1.521168773113119,-1.8078960372367547,-0.9761231438811113,M,41.1,98.8,83.8,163.79999999999998,72.1
-1.5860987083164733,-1.655870365233595,-2.836114002402672,-1.9643628561907267,M,38.7,98.1,83.3,157.20000000000002,59.2
1.632396419820438,1.6308484825060248,1.9310783815484185,2.586136284211691,XXL,44.4,122.4,95.5,187.79999999999998,118.6
-1.529633881507057,-0.847660812510738,-0.37462251003576896,-1.803486623954278,S,38.8,88.6,86.3,173.0,61.3
-0.8520559597940209,-1.1170639967516904,-0.623887471288113,0.4028159895741669,XL,40.0,112.3,85.3,171.4,90.1
-0.17447803808098492,-0.12027221506016574,-0.4992549906619432,-0.12577734491702242,L,41.2,106.5,89.0,172.2,83.2
1.2936074589639197,1.09204211402412,-0.6862037116012001,0.35685135179232474,XL,43.8,112.6,93.5,171.0,89.5
0.16431092277552908,0.20301160602897791,1.3079159784175607,-1.3668225650267731,S,41.8,90.6,90.2,183.8,67.0
-1.021450440222278,0.6879373376626915,1.1832834977913866,1.2838048803928168,XL,39.7,113.7,92.0,183.0,101.6
0.5595647104414675,0.06831001390850171,1.0586510171652168,-0.11811657195338243,M,42.5,101.8,89.7,182.20000000000002,83.3
0.6160295372508878,0.6879373376626915,1.276757858261015,1.551931934120232,XXL,42.6,120.7,92.0,183.6,105.1
-0.40033734531866627,-1.2517655888721666,-0.5304131108184845,-1.106356284262998,M,40.8,98.8,84.8,172.0,70.4
0.10784609596611276,-0.41661571772521183,0.17064459270373547,-0.09513425306246134,L,41.7,106.4,87.9,176.5,83.6
0.3337054032037901,-0.012510941363783242,0.09274929231237769,-1.2748932894630876,S,42.1,93.6,89.4,176.0,68.2
-0.40033734531866627,-0.5243769914215943,0.6068582748953364,-0.5624414038445275,M,40.8,98.5,87.5,179.29999999999998,77.5
0.5595647104414675,0.5532357455422152,-0.45251781042712674,0.019777341392145178,XL,42.5,112.8,91.5,172.5,85.1
-0.061548384462148255,-0.12027221506016574,0.45106767411262083,-0.24068893937162894,M,41.4,100.8,89.0,178.29999999999998,81.7
0.4466350568226268,0.3377131981494541,1.2144416179479323,0.5636922218106167,XL,42.3,114.1,90.7,183.20000000000002,92.2
0.22077574958494942,0.31077287972535655,0.31085613340818036,0.2649220762286393,L,41.9,109.4,90.6,177.4,88.3
0.3337054032037901,0.17607128760488036,-0.2967272096444112,-0.6696922253354939,L,42.1,104.3,90.1,173.5,76.1
0.8418888444885652,0.2838325613012629,0.29527707332990527,-0.32495744197167437,M,43.0,103.5,90.5,177.29999999999998,80.6
1.011283324916822,0.9034598850554526,0.8717022962259554,0.5330491299560545,L,43.3,110.0,92.8,181.0,91.8
-0.6261966525563436,-1.521168773113119,-1.7611588570019383,0.3032259410468415,L,40.4,111.8,83.8,164.1,88.8
-0.23094286489040525,-0.17415285190835697,0.12390741246891904,-1.2442501976085265,M,41.1,96.2,88.8,176.2,68.6
0.05138126915669242,-0.36273508087702444,-0.37462251003576896,-0.9837839168447513,S,41.6,94.1,88.1,173.0,72.0
-0.5132669989375029,0.41853415342173905,-0.18767378909651208,0.5483706758833355,L,40.6,109.8,91.0,174.2,92.0
-0.7391263061751803,-0.03945125978788078,0.030433051999290587,-1.1523209220448412,M,40.2,96.8,89.3,175.6,69.8
-1.1343800938411186,-1.6828106836576888,-0.6394665313663837,-0.1564204367715846,M,39.5,99.3,83.2,171.3,82.8
0.16431092277552908,-0.2010931703324507,0.23296083301681814,1.1382501940836494,L,41.8,109.2,88.7,176.89999999999998,99.7
0.8418888444885652,1.0381614771759289,1.4948646993568178,0.24193975733771822,M,43.0,103.9,93.3,185.0,88.0
0.16431092277552908,0.6609970192385978,0.7470698155997857,0.05808120621034735,L,41.8,105.6,91.9,180.20000000000002,85.6
-0.9085207866034413,-0.6860189019661642,-0.01630412823552585,-1.6426103917178287,S,39.9,92.2,86.9,175.29999999999998,63.4
0.7289591908697245,-0.30885444402883316,-0.9354686728535441,-1.3131971542812897,M,42.8,98.8,88.3,169.4,67.7
0.7289591908697245,-0.012510941363783242,-0.2188319092530534,-0.04916961528061808,M,42.8,102.7,89.4,174.0,84.2
-2.0942821496012525,-1.521168773113119,-0.9043105526970028,-0.9531408249901892,M,37.8,102.3,83.8,169.6,72.4
0.39017023001321044,-0.3896753993011181,1.1521253776348452,0.418137535501448,L,42.2,106.4,88.0,182.8,90.3
-2.32014145683893,-1.2787059072962603,-0.0007250681572507532,0.1117066169558306,L,37.4,109.3,84.7,175.4,86.3
-1.021450440222278,-1.3325865441444515,-1.1224173937928055,-0.5394590849536063,M,39.7,103.4,84.5,168.2,77.8
0.8983536712979855,0.499355108694024,0.5445420345822537,-0.36326130678987656,M,43.1,102.0,91.3,178.9,80.1
1.7453260734392786,1.2806243429927875,1.1521253776348452,0.3721728977196058,L,44.6,107.7,94.2,182.8,89.7
-1.6425635351258936,-1.0093027230553078,0.1394864725471897,-0.6543706794082128,S,38.6,95.8,85.7,176.29999999999998,76.3
-1.190844920650539,-0.6321382651179768,0.3420142535647217,-0.7309784090446172,S,39.4,93.9,87.1,177.6,75.3
-0.23094286489040525,-0.47049635457340305,-0.24999002940959475,0.8241585025743908,XL,41.1,114.1,87.7,173.8,95.6
-1.3037745742693756,-1.1709446335998817,-1.5118938957495942,-2.033309812863491,S,39.2,91.8,85.1,165.7,58.3
0.39017023001321044,-0.25497380718064194,0.06159117215583636,0.5407099029196956,L,42.2,111.2,88.5,175.8,91.9
-0.061548384462148255,0.14913096918078667,0.9028604163825013,-0.2713320312261911,M,41.4,100.5,90.0,181.20000000000002,81.3
-1.699028361935314,-2.4640799179564525,-0.9822058530883605,-0.7922645927537405,L,38.5,104.2,80.3,169.1,74.5
-1.021450440222278,-1.9252735494745474,-0.26556908948786545,-1.6426103917178287,S,39.7,93.0,82.3,173.70000000000002,63.4
-1.360239401078796,-0.3357947624529269,0.014853991921019917,-0.21004584751706787,M,39.1,100.0,88.2,175.5,82.1
0.4466350568226268,0.6609970192385978,-0.45251781042712674,0.7398899999743465,XL,42.3,112.4,91.9,172.5,94.5
-1.190844920650539,0.06831001390850171,0.9807557167738545,0.18831434659223495,L,39.4,107.2,89.7,181.7,87.3
1.180677805345083,1.4153259351132637,0.824965115991139,1.1229286481563683,L,43.6,110.7,94.7,180.7,99.5
-0.40033734531866627,0.5801760639663089,1.1832834977913866,0.5943353136651778,XL,40.8,113.1,91.6,183.0,92.6
0.2772405763943698,0.09525033233259542,1.1988625578696572,-1.1829640138994022,S,42.0,92.3,89.8,183.1,69.4
-0.6826614793657639,-1.0901236783275927,-0.9510477329318148,-2.071613677681693,S,40.3,89.2,85.4,169.3,57.8
-0.34387251850924594,-0.012510941363783242,0.5912792148170701,-0.24834971233527003,M,40.9,101.2,89.4,179.20000000000002,81.6
-0.2874076916998256,0.06831001390850171,1.1521253776348452,0.20363589251951605,M,41.0,102.1,89.7,182.8,87.5
-0.6261966525563436,-0.03945125978788078,-0.10977848870514988,0.7935154107198297,L,40.4,110.7,89.3,174.70000000000002,95.2
0.05138126915669242,0.014429377060310465,1.339074098574102,0.3951552166105269,L,41.6,106.1,89.5,184.0,90.0
1.011283324916822,1.1459227508723113,1.1521253776348452,0.47176294624693127,L,43.3,107.0,93.7,182.8,91.0
0.39017023001321044,-0.2010931703324507,-0.06304130847033786,1.3987164748474235,XL,42.2,114.6,88.7,175.0,103.1
-0.34387251850924594,0.6340567008145002,0.1394864725471897,-0.914836960171987,M,40.9,99.4,91.8,176.29999999999998,72.9
-0.005083557652727914,-0.7937801756625467,-1.0445220934014432,0.1193673899194717,L,41.5,110.8,86.5,168.70000000000002,86.4
2.366439168342894,0.7687582929349764,0.7938069958345977,0.9773739618471995,XL,45.7,114.6,92.3,180.5,97.6
-0.9649856134128616,-0.22803348875654822,-0.4057806301923103,-0.6390491334809317,M,39.8,102.9,88.6,172.8,76.5
-0.8520559597940209,-1.0631833599034992,-1.4807357755930486,-0.40922594457171874,L,40.0,104.6,85.5,165.9,79.5
-1.868422842363571,-1.2517655888721666,-0.9977849131666312,-0.8535507764628637,M,38.2,98.8,84.8,169.0,73.7
0.16431092277552908,-0.7937801756625467,0.23296083301681814,-0.9684623709174702,M,41.8,97.1,86.5,176.89999999999998,72.2
0.3337054032037901,0.041369695484404174,1.2611787981827443,-0.05683038824425917,M,42.1,101.8,89.6,183.5,84.1
0.05138126915669242,0.5801760639663089,0.35759331364299235,2.157132998247827,XL,41.6,119.7,91.6,177.7,113.0
1.011283324916822,-0.14721253348425944,0.6535954551301528,2.0039175389750183,XL,43.3,114.8,88.9,179.6,111.0
0.4466350568226268,0.14913096918078667,1.0898091373217582,1.7970766689567261,XL,42.3,118.7,90.0,182.4,108.3
-0.005083557652727914,0.2838325613012629,1.0119138369304004,-0.4551905823535609,M,41.5,96.3,90.5,181.9,78.9
-0.4568021721280826,-0.22803348875654822,-0.39020157011403966,-0.27899280418983113,M,40.7,101.1,88.6,172.9,81.2
-0.34387251850924594,0.4454744718458328,0.762648875678052,1.6438612096839176,XL,40.9,114.3,91.1,180.29999999999998,106.3
-0.5697318257469233,-0.7398995388143554,-0.2967272096444112,-1.1753032409357622,M,40.5,97.3,86.7,173.5,69.5
-0.7391263061751803,1.0381614771759289,0.6224373349736114,0.410476762537808,XL,40.2,112.7,93.3,179.4,90.2
-2.207211803220089,-2.0330348231709263,-1.0133639732449018,-1.9030766724816035,XS,37.6,85.6,81.9,168.9,60.0
0.8983536712979855,0.6071163823904066,1.0586510171652168,1.2531617885382558,L,43.1,110.2,91.7,182.20000000000002,101.2
0.9548184981074058,-0.9284817677830229,-0.18767378909651208,0.5483706758833355,L,43.2,104.1,86.0,174.2,92.0
-0.005083557652727914,0.6340567008145002,0.29527707332990527,1.49830652337475,L,41.5,110.8,91.8,177.29999999999998,104.4
-0.6826614793657639,-1.3595268625685453,-1.1068383337145302,0.2725828491922804,L,40.3,110.7,84.4,168.3,88.4
1.011283324916822,0.2838325613012629,1.0586510171652168,-0.6237275875536507,M,43.3,100.5,90.5,182.20000000000002,76.7
-0.2874076916998256,0.6609970192385978,0.1394864725471897,0.7858546377561886,XL,41.0,117.0,91.9,176.29999999999998,95.1
-0.5697318257469233,-1.1709446335998817,-0.7173618317577458,-0.5930844956990896,M,40.5,97.8,85.1,170.79999999999998,77.1
-2.0942821496012525,-2.4371395995323546,-1.7923169771584797,-0.22536739344434786,L,37.8,108.8,80.4,163.9,81.9
-0.17447803808098492,-0.03945125978788078,-0.4057806301923103,0.9314093240653574,XL,41.2,114.6,89.3,172.8,97.0
0.8418888444885652,-0.2819141256047356,-0.623887471288113,-0.8765330953537848,M,43.0,99.7,88.4,171.4,73.4
0.39017023001321044,1.603908164081931,1.5416018795916342,1.728129712283963,XL,42.2,119.5,95.4,185.3,107.4
0.16431092277552908,-1.1978849520239754,-0.8419943123839156,0.34152980586504367,XL,41.8,115.4,85.0,170.0,89.3
-0.5697318257469233,0.14913096918078667,-0.07862036854860853,-0.36326130678987656,L,40.5,106.3,90.0,174.9,80.1
2.5922984755805714,1.8463710298987859,1.5727599997481754,1.314447972247379,XL,46.1,118.3,96.3,185.5,102.0
0.3337054032037901,0.25689224287716916,-0.0941994286268792,0.7858546377561886,XL,42.1,116.4,90.4,174.8,95.1
-0.7391263061751803,-1.1440043151757842,-0.3123062697226819,-2.002666721008929,XS,40.2,86.1,85.2,173.4,58.7
0.10784609596611276,1.3075646614168812,0.20180271286027682,0.3032259410468415,XL,41.7,114.1,94.3,176.7,88.8
0.05138126915669242,-0.12027221506016574,0.4666467341908959,0.5560314488469756,L,41.6,105.6,89.0,178.4,92.1
0.4466350568226268,0.9573405219036438,-0.0007250681572507532,-0.6696922253354939,L,42.3,111.9,93.0,175.4,76.1
-1.529633881507057,-0.47049635457340305,-0.42135969027058096,-0.35560053382623547,L,38.8,106.0,87.7,172.70000000000002,80.2
-0.7391263061751803,-0.3357947624529269,-0.7485199519142872,0.21129666548315604,L,40.2,106.6,88.2,170.6,87.6
1.180677805345083,0.7418179745108827,1.1832834977913866,1.559592707083873,XL,43.6,117.2,92.2,183.0,105.2
-0.1180132112715686,0.014429377060310465,-0.32788532980095253,-0.03384806935333699,L,41.3,106.2,89.5,173.3,84.4
0.9548184981074058,1.2806243429927875,1.4481275191220013,0.6326391784833799,L,43.2,107.6,94.2,184.7,93.1
-1.021450440222278,-1.224825270448069,-1.215891754262434,0.06574197917398844,L,39.7,111.7,84.9,167.6,85.7
-0.34387251850924594,-0.12027221506016574,-0.5148340507402094,-0.018526523426056995,M,40.9,102.5,89.0,172.10000000000002,84.6
0.10784609596611276,-0.3896753993011181,-0.9354686728535441,-0.7616215008991782,M,41.7,99.0,88.0,169.4,74.9
-1.0779152670316983,0.5532357455422152,0.1394864725471897,-0.7079960901536961,S,39.6,94.6,91.5,176.29999999999998,75.6
-0.5697318257469233,-1.440347817840834,0.3887514337995337,0.5177275840287734,L,40.5,110.2,84.1,177.89999999999998,91.6
-0.5132669989375029,0.041369695484404174,0.6068582748953364,0.33386903290140363,M,40.6,103.4,89.6,179.29999999999998,89.2
0.4466350568226268,1.2806243429927875,1.8843412013136065,1.0309993725926827,XL,42.3,114.1,94.2,187.5,98.3
-0.34387251850924594,-0.6590785835420705,-0.9354686728535441,-1.2748932894630876,S,40.9,93.8,87.0,169.4,68.2
-0.061548384462148255,-1.4134074994167365,-0.9043105526970028,-1.351501019099492,M,41.4,97.5,84.2,169.6,67.2
0.39017023001321044,0.2299519244530716,-0.17209472901823697,0.647960724410661,XL,42.2,114.1,90.3,174.3,93.3
1.35007228577334,0.6609970192385978,1.2611787981827443,-0.7999253657173805,M,43.9,96.8,91.9,183.5,74.4
-1.2473097474599593,-1.6019897283854039,-1.3405242348886082,0.31088671401048257,XL,39.3,113.6,83.5,166.79999999999998,88.9
-1.360239401078796,-1.3325865441444515,-1.0445220934014432,-1.2595717435358065,M,39.1,101.2,84.5,168.70000000000002,68.4
-1.190844920650539,-0.7129592203902617,-0.1565156689399663,0.15767125473767388,L,39.4,109.1,86.8,174.4,86.9
-0.23094286489040525,-0.3357947624529269,-0.6550455914446587,1.743451258211243,XXL,41.1,121.7,88.2,171.2,107.6
-1.0779152670316983,-1.5750494099613102,-1.0601011534797182,-0.14109889084430352,M,39.6,102.2,83.6,168.6,83.0
-0.8520559597940209,0.499355108694024,2.2738177032703955,1.7128081663566819,XL,40.0,115.2,91.3,190.0,107.2
-0.8520559597940209,-1.73669132050588,-1.0445220934014432,-1.4051264298449753,M,40.0,96.4,83.0,168.70000000000002,66.5
1.2371426321545034,1.2267437061445963,1.1365463175565702,2.3869561871570397,XXL,43.7,120.2,94.0,182.7,116.0
-0.5697318257469233,-0.12027221506016574,-1.589789196140952,0.9620524159199195,XL,40.5,116.2,89.0,165.2,97.4
-0.6261966525563436,-0.36273508087702444,-0.32788532980095253,-1.1446601490812,S,40.4,91.8,88.1,173.3,69.9
2.1970446879146333,2.7084612194698345,2.102448042409409,1.1842148318654915,XL,45.4,114.7,99.5,188.9,100.3
-0.9085207866034413,-0.12027221506016574,-0.4992549906619432,-0.6160668145900107,M,39.9,97.3,89.0,172.2,76.8
-0.2874076916998256,1.0381614771759289,0.06159117215583636,0.2572613032649993,L,41.0,111.8,93.3,175.8,88.2
-0.061548384462148255,-0.2010931703324507,-0.5771502910532965,1.0080170537017616,XL,41.4,116.1,88.7,171.70000000000002,98.0
0.3337054032037901,-0.5243769914215943,-0.5771502910532965,0.5407099029196956,L,42.1,111.5,87.5,171.70000000000002,91.9
-0.6261966525563436,-0.12027221506016574,0.1394864725471897,0.36451212475596473,L,40.4,106.8,89.0,176.29999999999998,89.6
0.7289591908697245,0.06831001390850171,0.9495975966173132,-0.26367125826255006,M,42.8,96.2,89.7,181.5,81.4
0.22077574958494942,-1.0362430414794055,-0.2967272096444112,0.410476762537808,XL,41.9,112.2,85.6,173.5,90.2
-0.17447803808098492,0.09525033233259542,0.6224373349736114,1.5136280693020299,L,41.2,110.7,89.8,179.4,104.6
-0.17447803808098492,-0.5243769914215943,-0.6706246515229294,-1.6502711646814694,M,41.2,96.6,87.5,171.1,63.3
0.6724943640603082,0.5532357455422152,-0.17209472901823697,1.7894158959930861,XXL,42.7,121.7,91.5,174.3,108.2
-0.4568021721280826,-0.847660812510738,-0.4836759305836681,-0.7386391820082572,M,40.7,99.5,86.3,172.3,75.2
-0.6261966525563436,0.12219065075669296,0.8561232361476848,0.5866745407015378,L,40.4,108.0,89.9,180.9,92.5
-0.4568021721280826,0.06831001390850171,1.1832834977913866,-0.14109889084430352,M,40.7,102.3,89.7,183.0,83.0
-0.2874076916998256,0.9304002034795501,0.09274929231237769,-0.20238507455342677,L,41.0,110.8,92.9,176.0,82.2
-0.7391263061751803,-0.9823624046312142,-0.623887471288113,-0.8535507764628637,M,40.2,98.0,85.8,171.4,73.7
-0.2874076916998256,0.12219065075669296,-0.6862037116012001,0.6019960866288189,L,41.0,109.3,89.9,171.0,92.7
-0.6261966525563436,-1.0093027230553078,-0.3590434499574939,0.31854748697412255,L,40.4,105.7,85.7,173.10000000000002,89.0
-0.1180132112715686,-1.5481090915372127,-0.4680968705053974,-1.4281087487358963,S,41.3,93.9,83.7,172.4,66.2
-1.5860987083164733,-1.9252735494745474,-1.8078960372367547,-1.7805043050633564,S,38.7,91.4,82.3,163.79999999999998,61.6
-0.6261966525563436,-1.6019897283854039,-1.636526376375764,0.019777341392145178,L,40.4,108.3,83.5,164.9,85.1
-0.40033734531866627,0.6879373376626915,0.2173817729385519,1.3757341559565024,XL,40.8,118.2,92.0,176.8,102.8
0.7854240176791448,-0.22803348875654822,0.9963347768521297,1.084624783338166,XL,42.9,114.6,88.6,181.8,99.0
1.0677481517262424,1.9002516667469773,1.339074098574102,1.728129712283963,XXL,43.4,121.3,96.5,184.0,107.4
0.05138126915669242,0.2838325613012629,-0.42135969027058096,2.0958468145387035,XXL,41.6,121.6,90.5,172.70000000000002,112.2
-0.4568021721280826,-0.8746011309348317,-0.18767378909651208,-0.3326182149353144,M,40.7,103.1,86.2,174.2,80.5
-1.9248876691729913,-2.329378325835976,-0.8419943123839156,-1.2059463327903244,M,38.1,96.8,80.8,170.0,69.1
0.5595647104414675,-0.47049635457340305,-0.4992549906619432,-0.04916961528061808,L,42.5,107.4,87.7,172.2,84.2
-1.1343800938411186,-0.25497380718064194,0.8561232361476848,0.004455795464865179,L,39.5,106.6,88.5,180.9,84.9
0.503099883632047,0.041369695484404174,-0.9198896127752734,-1.4127872028086153,M,42.4,100.2,89.6,169.5,66.4
-1.529633881507057,-1.521168773113119,-1.636526376375764,-2.01798826693621,S,38.8,91.3,83.8,164.9,58.5
-1.9248876691729913,-0.6051979466938793,-0.5459921708967552,-0.3019751230807522,L,38.1,104.6,87.2,171.9,80.9
0.6724943640603082,0.3377131981494541,-0.3590434499574939,0.17299280066495387,L,42.7,108.1,90.7,173.10000000000002,87.1
1.632396419820438,1.8463710298987859,0.29527707332990527,2.609118603102613,XXL,44.4,128.4,96.3,177.29999999999998,118.9
0.39017023001321044,-0.25497380718064194,0.24853989309509325,1.3833949289201435,XL,42.2,119.4,88.5,177.0,102.9
1.35007228577334,0.6879373376626915,0.29527707332990527,1.3604126100292213,XL,43.9,115.8,92.0,177.29999999999998,102.6
0.10784609596611276,0.6609970192385978,0.1394864725471897,0.7015861351561443,L,41.7,108.6,91.9,176.29999999999998,94.0
1.180677805345083,0.9304002034795501,0.9340185365390425,0.7322292270107065,L,43.6,110.3,92.9,181.4,94.4
0.39017023001321044,1.1459227508723113,0.7938069958345977,0.05808120621034735,M,42.2,103.7,93.7,180.5,85.6
0.8418888444885652,1.5230872088096423,1.3079159784175607,1.1612325129745704,XL,43.0,114.7,95.1,183.8,100.0
1.7453260734392786,2.0888338957156445,2.024552742018047,0.2649220762286393,L,44.6,104.7,97.2,188.39999999999998,88.3
0.22077574958494942,0.9573405219036438,0.8872813563042261,1.1995363777927726,XL,41.9,116.4,93.0,181.1,100.5
-0.4568021721280826,-0.7937801756625467,-1.324945174810333,0.6862645892288632,XL,40.7,113.9,86.5,166.9,93.8
0.5595647104414675,-0.06639157821197449,0.513383914425708,-0.3402789878989544,M,42.5,102.2,89.2,178.7,80.4
-0.5132669989375029,-0.3896753993011181,0.4043304938778088,0.14234970881039277,M,40.6,102.0,88.0,178.0,86.7
0.8418888444885652,-0.551317309845688,-0.3434643898792276,1.6438612096839176,XXL,43.0,120.9,87.4,173.2,106.3
-1.021450440222278,-1.6019897283854039,-2.337584079897984,-1.098695511299358,S,39.7,93.2,83.5,160.4,70.5
0.05138126915669242,0.06831001390850171,0.24853989309509325,1.322108745211019,XL,41.6,118.1,89.7,177.0,102.1
-0.7391263061751803,-0.9015414493589292,-0.3434643898792276,-1.0833739653720766,M,40.2,97.5,86.1,173.2,70.7
-0.005083557652727914,0.09525033233259542,-1.028943033323177,0.08106352510126952,L,41.5,109.8,89.8,168.79999999999998,85.9
-0.8520559597940209,-1.224825270448069,-0.6862037116012001,-1.573663435045065,S,40.0,95.2,84.9,171.0,64.3
-1.8119580155541546,-0.6590785835420705,0.5912792148170701,-1.7268788943178737,XS,38.3,87.9,87.0,179.20000000000002,62.3
1.7453260734392786,0.6340567008145002,1.7597087206874324,1.1382501940836494,L,44.6,105.4,91.8,186.7,99.7
0.8418888444885652,2.0888338957156445,1.1053881974000288,0.019777341392145178,L,43.0,105.9,97.2,182.5,85.1
-0.1180132112715686,-0.14721253348425944,0.8405441760694141,-0.27899280418983113,M,41.3,99.9,88.9,180.8,81.2
-0.6826614793657639,0.12219065075669296,0.5445420345822537,0.9467308699926384,L,40.3,110.4,89.9,178.9,97.2
-0.6826614793657639,-0.09333189663607203,-0.0007250681572507532,-0.8535507764628637,S,40.3,93.9,89.1,175.4,73.7
0.10784609596611276,-0.6590785835420705,-0.18767378909651208,-0.24834971233527003,M,41.7,101.6,87.0,174.2,81.6
0.16431092277552908,-0.2819141256047356,-0.6083084112098422,-1.0297485546265934,M,41.8,96.2,88.4,171.5,71.4
-1.190844920650539,-1.440347817840834,-2.6335862213851446,-1.6962358024633115,S,39.4,95.9,84.1,158.5,62.7
1.35007228577334,1.8194307114746924,2.227080523035579,-0.010865750462415908,L,43.9,104.2,96.2,189.7,84.7
-0.2874076916998256,-0.4974366729975006,0.27969801325163457,-1.8341297158088397,XS,41.0,85.5,87.6,177.2,60.9
-0.6261966525563436,-0.8207204940866404,-0.24999002940959475,-1.3285187002085708,S,40.4,95.7,86.4,173.8,67.5
-0.9649856134128616,-0.12027221506016574,-0.24999002940959475,-0.35560053382623547,L,39.8,107.2,89.0,173.8,80.2
0.503099883632047,-0.9554220862071167,-0.7640990119925578,1.314447972247379,XXL,42.4,120.3,85.9,170.5,102.0
-0.6826614793657639,-0.7129592203902617,0.1550655326254648,-1.7651827591360758,S,40.3,89.5,86.8,176.4,61.8
-0.7391263061751803,-0.847660812510738,-0.32788532980095253,-0.35560053382623547,M,40.2,100.2,86.3,173.3,80.2
1.2936074589639197,1.4422662535373574,0.030433051999290587,-1.0757131924084367,M,43.8,102.4,94.8,175.6,70.8
0.4466350568226268,0.8765195666313589,1.027492897008671,0.027438114355786265,L,42.3,105.9,92.7,182.0,85.2
-0.8520559597940209,-1.8713929126263562,-2.275267839584897,-0.2713320312261911,L,40.0,107.8,82.5,160.8,81.3
-0.1180132112715686,-0.22803348875654822,-0.20325284917477832,0.2649220762286393,L,41.3,107.4,88.6,174.10000000000002,88.3
-1.9813524959824116,-1.655870365233595,-1.1535755139493467,-1.6655927106087498,S,38.0,91.0,83.3,168.0,63.1
-0.5132669989375029,0.25689224287716916,0.5601210946605244,-1.7422004402451543,S,40.6,91.5,90.4,179.0,62.1
0.39017023001321044,2.3582370799565973,1.1053881974000288,1.743451258211243,XXL,42.2,120.9,98.2,182.5,107.6
1.2936074589639197,0.09525033233259542,0.7314907555215105,2.402277733084321,XXL,43.8,120.2,89.8,180.1,116.2
-0.9649856134128616,0.041369695484404174,-0.03188318831379652,0.5636922218106167,L,39.8,107.3,89.6,175.2,92.2
-1.2473097474599593,-1.3056462257203578,-1.0133639732449018,-0.8075861386810216,M,39.3,99.5,84.6,168.9,74.3
-0.17447803808098492,0.4724147902699303,1.41696939896546,0.1346889358467517,L,41.2,105.6,91.2,184.5,86.6
0.2772405763943698,-1.3595268625685453,-1.8078960372367547,-0.9224977331356281,L,42.0,105.0,84.4,163.79999999999998,72.8
-0.7391263061751803,-1.2517655888721666,-1.4184195352799613,-0.5241375390263252,M,40.2,101.7,84.8,166.3,78.0
0.9548184981074058,0.25689224287716916,0.824965115991139,-0.09513425306246134,L,43.2,107.1,90.4,180.7,83.6
-0.34387251850924594,-0.5243769914215943,0.06159117215583636,-0.914836960171987,M,40.9,96.3,87.5,175.8,72.9
-2.2636766300295093,-0.4435560361493094,-0.5615712309750258,0.08872429806490953,L,37.5,107.2,87.8,171.8,86.0
0.5595647104414675,0.14913096918078667,-0.12535754878342498,1.2071971507564125,L,42.5,109.4,90.0,174.6,100.6
-1.1343800938411186,-1.6289300468094976,-1.6832635566105805,-0.8995154142447069,M,39.5,98.4,83.4,164.6,73.1
0.8418888444885652,-0.3357947624529269,0.04601211207756126,0.7552115459016275,L,43.0,107.8,88.2,175.7,94.7
-0.40033734531866627,0.31077287972535655,1.5416018795916342,-0.9837839168447513,S,40.8,89.5,90.6,185.3,72.0
0.10784609596611276,-0.2010931703324507,-0.7952571321490992,0.2572613032649993,L,41.7,110.6,88.7,170.3,88.2
-1.0779152670316983,0.9842808403277375,1.4948646993568178,-0.14109889084430352,M,39.6,100.8,93.1,185.0,83.0
0.39017023001321044,0.6071163823904066,-1.0912592736362596,1.6591827556111987,XXL,42.2,125.6,91.7,168.4,106.5
0.22077574958494942,-0.41661571772521183,-0.14093660886169565,0.4257983084650891,L,41.9,108.4,87.9,174.5,90.4
-1.4167042278882163,-0.12027221506016574,0.9340185365390425,-0.9531408249901892,S,39.0,95.3,89.0,181.4,72.4
-0.5697318257469233,-2.410199281108261,-1.7455797969236677,-1.4510910676268174,S,40.5,93.7,80.5,164.2,65.9
0.8418888444885652,1.7386097562024072,1.8843412013136065,1.1305894211200083,XL,43.0,114.4,95.9,187.5,99.6
-1.2473097474599593,0.12219065075669296,0.10832835239064836,-0.8765330953537848,S,39.3,92.5,89.9,176.1,73.4
-0.1180132112715686,-0.09333189663607203,0.528962974503983,-0.5471198579172464,M,41.3,96.8,89.1,178.8,77.7
-0.9085207866034413,-1.1978849520239754,-0.4369387503488561,-1.7422004402451543,S,39.9,92.6,85.0,172.6,62.1
-1.190844920650539,-1.4942284546890214,-1.4651567155147778,-0.6313883605172917,M,39.4,99.8,83.9,166.0,76.6
0.16431092277552908,-2.0060945047468324,-2.4310584403676123,-1.1906247868630433,M,41.8,101.6,82.0,159.8,69.3
-1.9813524959824116,-0.25497380718064194,-0.5459921708967552,0.14234970881039277,L,38.0,106.5,88.5,171.9,86.7
-0.4568021721280826,-0.30885444402883316,-0.9666267930100898,0.44111985439236906,XL,40.7,117.0,88.3,169.2,90.6
-0.8520559597940209,0.9034598850554526,-0.20325284917477832,0.019777341392145178,L,40.0,106.7,92.8,174.10000000000002,85.1
-0.34387251850924594,0.09525033233259542,0.09274929231237769,-0.5164767660626852,M,40.9,100.8,89.8,176.0,78.1
0.39017023001321044,-0.30885444402883316,-0.12535754878342498,1.1152678751927283,XL,42.2,119.9,88.3,174.6,99.4
-0.40033734531866627,-0.41661571772521183,-0.23441096933132408,0.640299951447021,XL,40.8,112.9,87.9,173.9,93.2
-0.2874076916998256,-0.3896753993011181,-0.06304130847033786,-0.20238507455342677,L,41.0,107.2,88.0,175.0,82.2
0.2772405763943698,0.5532357455422152,-0.18767378909651208,0.640299951447021,XL,42.0,112.2,91.5,174.2,93.2
0.3337054032037901,0.5262954271181215,0.18622365278200614,-0.5317983119899652,M,42.1,102.0,91.4,176.6,77.9
0.05138126915669242,0.25689224287716916,1.1832834977913866,0.4028159895741669,L,41.6,106.7,90.4,183.0,90.1
0.10784609596611276,-0.09333189663607203,-0.0941994286268792,2.3639738682661187,XXL,41.7,124.8,89.1,174.8,115.7
-0.005083557652727914,0.6879373376626915,0.12390741246891904,0.5866745407015378,XL,41.5,113.0,92.0,176.2,92.5
-0.6261966525563436,-0.5243769914215943,-0.623887471288113,-0.1564204367715846,L,40.4,107.6,87.5,171.4,82.8
-0.34387251850924594,-0.6860189019661642,-0.5927293511315717,-0.3862436256807976,M,40.9,103.5,86.9,171.6,79.8
0.8983536712979855,-0.25497380718064194,-1.2003126941841586,1.8660236256294906,XXL,43.1,121.3,88.5,167.70000000000002,109.2
0.16431092277552908,0.2838325613012629,-0.623887471288113,1.1688932859382104,XL,41.8,117.8,90.5,171.4,100.1
-0.2874076916998256,1.2267437061445963,1.027492897008671,0.18831434659223495,L,41.0,109.6,94.0,182.0,87.3
0.7289591908697245,1.603908164081931,-0.01630412823552585,0.34919057882868476,XL,42.8,112.2,95.4,175.29999999999998,89.4
1.463001939392181,1.4961468903855486,0.4666467341908959,1.559592707083873,XL,44.1,116.2,95.0,178.4,105.2
-0.8520559597940209,-1.1709446335998817,0.06159117215583636,-0.010865750462415908,M,40.0,100.6,85.1,175.8,84.7
-0.17447803808098492,-0.551317309845688,-1.4807357755930486,-0.7999253657173805,L,41.2,105.1,87.4,165.9,74.4
0.7289591908697245,1.2806243429927875,0.6068582748953364,-0.21770662048070785,M,42.8,100.3,94.2,179.29999999999998,82.0
0.6724943640603082,0.36465351657354783,-0.42135969027058096,2.0728644956477824,XXL,42.7,120.2,90.8,172.70000000000002,111.9
1.2936074589639197,2.1965951694120234,2.040131802096322,1.544271161156592,XL,43.8,116.6,97.6,188.5,105.0
-0.2874076916998256,-0.3896753993011181,-0.5927293511315717,-1.1829640138994022,S,41.0,95.7,88.0,171.6,69.4
-1.190844920650539,-2.6796024653492134,-1.8702122775498418,-1.4281087487358963,S,39.4,95.7,79.5,163.39999999999998,66.2
0.7854240176791448,0.014429377060310465,0.326435193486451,0.8011761836834698,L,42.9,111.7,89.5,177.5,95.3
-0.9649856134128616,-0.6590785835420705,1.074230077243483,-0.5164767660626852,S,39.8,91.7,87.0,182.29999999999998,78.1
2.705228129199408,1.9002516667469773,0.965176656695584,0.15001048177403278,L,46.3,106.6,96.5,181.6,86.8
0.5595647104414675,-0.3357947624529269,2.055710862174593,0.5713529947742567,M,42.5,97.9,88.2,188.6,92.3
-1.021450440222278,-0.4435560361493094,-0.8419943123839156,0.012116568428505179,L,39.7,106.4,87.8,170.0,85.0
-0.1180132112715686,0.17607128760488036,0.07717023223410259,-0.10279502602610134,M,41.3,103.1,90.1,175.89999999999998,83.5
0.16431092277552908,-0.9284817677830229,-0.5927293511315717,0.07340275213762844,L,41.8,109.8,86.0,171.6,85.8
-0.17447803808098492,0.6340567008145002,-0.20325284917477832,-0.8152469116446616,M,41.2,100.0,91.8,174.10000000000002,74.2
-0.1180132112715686,-0.25497380718064194,-0.37462251003576896,0.2955651680832015,L,41.3,111.2,88.5,173.0,88.7
0.2772405763943698,0.36465351657354783,0.29527707332990527,1.5978965719020755,XL,42.0,112.4,90.8,177.29999999999998,105.7
-1.0779152670316983,-1.521168773113119,-1.3872614151234202,-0.8612115494265048,M,39.6,96.5,83.8,166.5,73.6
-1.1343800938411186,-0.9823624046312142,-0.10977848870514988,-1.1676424679721222,M,39.5,99.7,85.8,174.70000000000002,69.6
1.4065371125827604,0.3377131981494541,0.3887514337995337,2.21075840899331,XL,44.0,119.2,90.7,177.89999999999998,113.7
-2.32014145683893,-2.81430405746969,-1.9481075779411952,-2.0256490398998506,S,37.4,91.0,79.0,162.9,58.4
-0.8520559597940209,-1.0631833599034992,-1.527472955827865,-0.9837839168447513,M,40.0,99.8,85.5,165.6,72.0
0.503099883632047,1.765550074626501,-0.07862036854860853,1.2301794696473347,XL,42.4,114.5,96.0,174.9,100.9
0.4466350568226268,0.4724147902699303,1.6194971799829918,-0.24834971233527003,M,42.3,96.1,91.2,185.8,81.6
0.5595647104414675,-0.2819141256047356,0.23296083301681814,0.5560314488469756,XL,42.5,112.0,88.4,176.89999999999998,92.1
1.463001939392181,2.304356443108406,1.2923369183392857,0.44878062735601015,L,44.1,108.3,98.0,183.7,90.7
0.2772405763943698,-1.4134074994167365,-0.9822058530883605,-0.2713320312261911,L,42.0,106.2,84.2,169.1,81.3
0.10784609596611276,-1.0631833599034992,0.326435193486451,0.5024060381014934,L,41.7,105.8,85.5,177.5,91.4
-1.190844920650539,0.7148776560867851,-0.17209472901823697,0.5330491299560545,L,39.4,106.7,92.1,174.3,91.8
0.39017023001321044,0.2838325613012629,-0.5148340507402094,0.8318192755380319,XL,42.2,112.7,90.5,172.10000000000002,95.7
-1.6425635351258936,-2.410199281108261,-1.9481075779411952,-1.3285187002085708,M,38.6,98.5,80.5,162.9,67.5
-1.021450440222278,-1.1709446335998817,-1.278207994575521,-0.7386391820082572,L,39.7,104.4,85.1,167.2,75.2
-1.868422842363571,-1.0362430414794055,-1.4807357755930486,-0.26367125826255006,M,38.2,102.5,85.6,165.9,81.4
-0.23094286489040525,1.4422662535373574,2.211501462957308,-0.5930844956990896,S,41.1,93.9,94.8,189.6,77.1
-0.8520559597940209,0.8495792482072614,-0.37462251003576896,-0.5701021768081674,M,40.0,100.5,92.6,173.0,77.4
-0.6261966525563436,-0.9284817677830229,-1.0912592736362596,-1.0450701005538745,M,40.4,97.4,86.0,168.4,71.2
0.39017023001321044,-0.03945125978788078,0.04601211207756126,-0.03384806935333699,L,42.2,108.2,89.3,175.7,84.4
-1.4731690546976366,-0.4974366729975006,-0.10977848870514988,0.7475507729379864,XL,38.9,117.9,87.6,174.70000000000002,94.6
-1.0779152670316983,-1.2787059072962603,-1.6832635566105805,-1.336179473172211,M,39.6,96.7,84.7,164.6,67.4
0.05138126915669242,0.20301160602897791,-0.1565156689399663,0.31854748697412255,L,41.6,105.1,90.2,174.4,89.0
0.05138126915669242,0.41853415342173905,0.6847535752866986,0.410476762537808,L,41.6,108.2,91.0,179.8,90.2
0.5595647104414675,0.5262954271181215,1.2923369183392857,1.314447972247379,XL,42.5,116.2,91.4,183.7,102.0
-1.5860987083164733,-1.6828106836576888,-1.4184195352799613,-1.5506811161541438,S,38.7,92.8,83.2,166.3,64.6
0.16431092277552908,1.2806243429927875,1.2144416179479323,-0.1334381178806635,M,41.8,100.7,94.2,183.20000000000002,83.1
-0.17447803808098492,0.5532357455422152,1.41696939896546,0.3032259410468415,L,41.2,107.4,91.5,184.5,88.8
1.4065371125827604,1.3345049798409787,-0.0007250681572507532,0.012116568428505179,L,44.0,106.9,94.4,175.4,85.0
1.5194667662016013,1.9541323035951685,1.7597087206874324,0.16533202770131386,L,44.2,108.1,96.7,186.7,87.0
1.35007228577334,1.4961468903855486,1.0119138369304004,1.3910557018837835,XL,43.9,116.2,95.0,181.9,103.0
-1.021450440222278,0.20301160602897791,0.2641189531733639,0.46410217328329123,L,39.7,105.5,90.2,177.1,90.9
-1.2473097474599593,-0.12027221506016574,0.9340185365390425,-1.2059463327903244,M,39.3,100.4,89.0,181.4,69.1
0.8983536712979855,0.7148776560867851,0.5601210946605244,-0.5394590849536063,M,43.1,99.4,92.1,179.0,77.8
-2.4895359372671866,0.14913096918078667,1.074230077243483,-0.5394590849536063,M,37.1,97.4,90.0,182.29999999999998,77.8
-0.061548384462148255,0.7687582929349764,0.824965115991139,0.1346889358467517,M,41.4,103.4,92.3,180.7,86.6
0.5595647104414675,0.2838325613012629,1.8220249610005195,1.1688932859382104,L,42.5,108.5,90.5,187.1,100.1
-2.207211803220089,-1.8713929126263562,-1.6988426166888513,-1.7498612132087947,S,37.6,95.2,82.5,164.5,62.0
-0.23094286489040525,-0.41661571772521183,0.12390741246891904,-1.1982855598266833,S,41.1,93.4,87.9,176.2,69.2
-1.2473097474599593,-0.5782576282697856,-0.2967272096444112,-1.4434302946631774,S,39.3,93.8,87.3,173.5,66.0
0.5595647104414675,1.3345049798409787,0.6691745152084235,2.1494722252841867,XXL,42.5,121.4,94.4,179.7,112.9
-0.061548384462148255,0.6340567008145002,-0.04746224839206719,-0.39390439864443766,M,41.4,102.4,91.8,175.1,79.7
-0.40033734531866627,-0.7398995388143554,-0.14093660886169565,-0.8918546412810658,M,40.8,96.9,86.7,174.5,73.2
-0.9085207866034413,-0.30885444402883316,0.37317237372126744,-0.7462999549718983,M,39.9,97.7,88.3,177.8,75.1
0.05138126915669242,-0.7937801756625467,-0.4836759305836681,-1.0374093275902345,M,41.6,96.4,86.5,172.3,71.3
1.8582557270581153,-0.3896753993011181,-0.9666267930100898,0.48708449217421235,XL,44.8,115.6,88.0,169.2,91.2
2.1970446879146333,2.2504758062602144,-0.07862036854860853,0.640299951447021,L,45.4,110.0,97.8,174.9,93.2
1.7453260734392786,0.06831001390850171,-0.45251781042712674,-0.6313883605172917,M,44.6,101.2,89.7,172.5,76.6
-0.005083557652727914,0.09525033233259542,0.35759331364299235,-0.5930844956990896,M,41.5,99.4,89.8,177.7,77.1
1.2936074589639197,0.3377131981494541,-0.4057806301923103,-0.4168867175353587,M,43.8,101.6,90.7,172.8,79.4
0.22077574958494942,-1.1440043151757842,-1.4963148356713236,-0.4551905823535609,L,41.9,106.1,85.2,165.79999999999998,78.9
-1.9813524959824116,-1.224825270448069,-1.527472955827865,-0.6696922253354939,M,38.0,103.1,84.9,165.6,76.1
-1.4731690546976366,-0.14721253348425944,-0.8731524325404614,-0.7309784090446172,M,38.9,103.6,88.9,169.79999999999998,75.3
0.3337054032037901,0.2838325613012629,0.17064459270373547,1.0156778266654016,XL,42.1,118.3,90.5,176.5,98.1
-0.1180132112715686,0.8226389297831677,-0.6862037116012001,0.07340275213762844,L,41.3,104.4,92.5,171.0,85.8
-0.34387251850924594,0.20301160602897791,0.18622365278200614,0.1346889358467517,L,40.9,108.4,90.2,176.6,86.6
0.05138126915669242,0.2838325613012629,-0.17209472901823697,1.2378402426109747,XXL,41.6,122.2,90.5,174.3,101.0
-0.005083557652727914,0.5801760639663089,0.7938069958345977,1.2684833344655368,XL,41.5,114.4,91.6,180.5,101.4
1.971185380676956,1.3614452982650724,0.45106767411262083,2.2184191819569503,XL,45.0,119.7,94.5,178.29999999999998,113.8
-1.6425635351258936,-0.9284817677830229,-0.8264152523056449,0.3798336706832458,L,38.6,110.4,86.0,170.1,89.8
0.05138126915669242,0.8765195666313589,0.965176656695584,1.5749142530111542,XL,41.6,116.1,92.7,181.6,105.4
-0.17447803808098492,-0.36273508087702444,0.12390741246891904,-0.9301585060992681,S,41.2,94.9,88.1,176.2,72.7
-1.7554931887447343,-1.3595268625685453,-2.103898178723911,-1.4434302946631774,S,38.4,93.6,84.4,161.9,66.0
-1.699028361935314,-2.3024380074118787,-2.1817934791152687,-0.7846038197901004,M,38.5,98.2,80.9,161.4,74.6
-1.529633881507057,-1.2787059072962603,-1.5586310759844106,-1.0374093275902345,M,38.8,101.2,84.7,165.39999999999998,71.3
-1.0779152670316983,-0.9284817677830229,0.575700154738795,-0.07981270713518025,M,39.6,103.9,86.0,179.1,83.8
-1.4731690546976366,-1.4672881362649277,-0.26556908948786545,-1.0757131924084367,S,38.9,93.7,84.0,173.70000000000002,70.8
0.6160295372508878,-0.12027221506016574,-0.9354686728535441,0.44111985439236906,XL,42.6,113.7,89.0,169.4,90.6
-0.005083557652727914,0.41853415342173905,0.31085613340818036,-0.7233176360809761,M,41.5,98.2,91.0,177.4,75.4
-0.8520559597940209,0.8226389297831677,0.6847535752866986,0.6249784055197399,XL,40.0,115.2,92.5,179.8,93.0
1.35007228577334,0.8495792482072614,1.2455997381044737,2.011578311938658,XXL,43.9,122.8,92.6,183.4,111.1
0.22077574958494942,2.573759627349358,1.6506553001395332,0.35685135179232474,M,41.9,102.7,99.0,186.0,89.5
-1.529633881507057,-1.4942284546890214,-1.4028404752016908,-1.1829640138994022,M,38.8,97.8,83.9,166.4,69.4
2.5358336487711512,1.5500275272337398,0.762648875678052,0.6632822703379421,XL,46.0,115.2,95.2,180.29999999999998,93.5
-0.5697318257469233,-0.3896753993011181,0.31085613340818036,-1.2902148353903686,M,40.5,98.3,88.0,177.4,68.0
-0.7955911329846006,0.014429377060310465,-0.0941994286268792,0.7169076810834254,L,40.1,104.7,89.5,174.8,94.2
0.05138126915669242,1.3614452982650724,1.6350762400612626,0.36451212475596473,L,41.6,109.1,94.5,185.9,89.6
0.5595647104414675,0.31077287972535655,-1.5430520159061356,-0.6620314523718528,L,42.5,107.3,90.6,165.5,76.2
0.5595647104414675,-0.12027221506016574,-1.8702122775498418,-0.3785828527171565,L,42.5,106.2,89.0,163.39999999999998,79.9
1.632396419820438,1.3614452982650724,0.31085613340818036,1.8966667174840517,XL,44.4,117.4,94.5,177.4,109.6
0.503099883632047,1.4692065719614549,0.12390741246891904,0.9773739618471995,L,42.4,111.2,94.9,176.2,97.6
1.2371426321545034,0.39159383499764533,0.04601211207756126,0.31854748697412255,L,43.7,106.6,90.9,175.7,89.0
0.10784609596611276,0.6879373376626915,0.48222579426916656,-0.6620314523718528,M,41.7,98.6,92.0,178.5,76.2
0.7289591908697245,-0.14721253348425944,-0.12535754878342498,-0.7079960901536961,M,42.8,98.6,88.9,174.6,75.6
-2.0942821496012525,-1.89833323105045,-2.057160998489094,-1.0067662357356724,M,37.8,99.8,82.4,162.20000000000002,71.7
-1.021450440222278,0.014429377060310465,-0.6550455914446587,-0.20238507455342677,L,39.7,105.6,89.5,171.2,82.2
0.05138126915669242,-0.30885444402883316,-1.5118938957495942,0.7858546377561886,L,41.6,111.2,88.3,165.7,95.1
1.180677805345083,0.499355108694024,0.4666467341908959,0.14234970881039277,L,43.6,104.2,91.3,178.4,86.7
1.9147205538675356,0.5801760639663089,-0.06304130847033786,-0.6696922253354939,M,44.9,101.7,91.6,175.0,76.1
0.6724943640603082,0.7956986113590739,0.09274929231237769,-0.5854237227354485,M,42.7,99.6,92.4,176.0,77.2
0.4466350568226268,0.4724147902699303,0.5601210946605244,0.7092469081197843,XL,42.3,114.7,91.2,179.0,94.1
-1.021450440222278,-0.9823624046312142,-0.5148340507402094,-1.0757131924084367,S,39.7,95.9,85.8,172.10000000000002,70.8
1.632396419820438,1.2267437061445963,1.027492897008671,0.5636922218106167,L,44.4,108.0,94.0,182.0,92.2
-0.23094286489040525,0.7687582929349764,0.8561232361476848,1.8966667174840517,XXL,41.1,120.1,92.3,180.9,109.6
-0.5697318257469233,-0.14721253348425944,-0.07862036854860853,-1.3821441109540542,S,40.5,94.7,88.9,174.9,66.8
1.5759315930110176,1.7924903930505947,0.2641189531733639,1.950292128229535,XL,44.3,113.9,96.1,177.1,110.3
0.6724943640603082,-0.17415285190835697,-0.7329408918360121,0.3721728977196058,L,42.7,108.4,88.8,170.70000000000002,89.7
-0.9649856134128616,-1.73669132050588,-2.057160998489094,-1.4817341594813795,S,39.8,95.3,83.0,162.20000000000002,65.5
-0.1180132112715686,0.09525033233259542,-0.623887471288113,-1.6732534835723905,S,41.3,90.7,89.8,171.4,63.0
0.10784609596611276,-0.17415285190835697,-0.23441096933132408,-0.6007452686627296,M,41.7,97.5,88.8,173.9,77.0
0.2772405763943698,0.4454744718458328,0.762648875678052,0.7858546377561886,XL,42.0,113.3,91.1,180.29999999999998,95.1
0.3337054032037901,0.6609970192385978,0.7314907555215105,-1.1676424679721222,S,42.1,94.4,91.9,180.1,69.6
0.3337054032037901,1.6577888009301185,1.1365463175565702,0.7092469081197843,L,42.1,111.5,95.6,182.7,94.1
0.05138126915669242,0.014429377060310465,-0.06304130847033786,-1.5660026620814238,S,41.6,93.2,89.5,175.0,64.4
2.5358336487711512,2.1157742141397384,1.4013903388871893,1.2531617885382558,XL,46.0,116.4,97.3,184.4,101.2
-0.6261966525563436,0.6879373376626915,1.432548459043735,-0.6390491334809317,S,40.4,92.0,92.0,184.60000000000002,76.5
-0.5132669989375029,1.0381614771759289,1.5571809396699048,0.4028159895741669,L,40.6,104.6,93.3,185.4,90.1
-1.699028361935314,-1.4942284546890214,-2.337584079897984,-1.2519109705721665,M,38.5,101.7,83.9,160.4,68.5
-0.9649856134128616,-0.4435560361493094,-1.0445220934014432,-1.8494512617361203,S,39.8,90.7,87.8,168.70000000000002,60.7
-0.7391263061751803,-0.9284817677830229,-1.4807357755930486,-1.121677830190279,M,40.2,103.0,86.0,165.9,70.2
-2.1507469764106686,-0.551317309845688,-0.28114814956614054,-1.9413805372998056,S,37.7,91.8,87.4,173.6,59.5
-1.1343800938411186,-1.0631833599034992,-0.6394665313663837,-1.098695511299358,M,39.5,98.9,85.5,171.3,70.5
-0.2874076916998256,-0.14721253348425944,-1.1224173937928055,-1.106356284262998,M,41.0,97.3,88.9,168.2,70.4
-0.34387251850924594,0.12219065075669296,-0.39020157011403966,0.34919057882868476,L,40.9,108.3,89.9,172.9,89.4
-1.0779152670316983,-1.4134074994167365,-1.4339985953582366,-0.3402789878989544,L,39.6,105.8,84.2,166.2,80.4
0.10784609596611276,0.5532357455422152,0.18622365278200614,0.5790137677378978,XL,41.7,118.4,91.5,176.6,92.4
1.6888612466298583,1.4422662535373574,-0.9666267930100898,0.9926955077744806,XL,44.5,112.3,94.8,169.2,97.8
0.3337054032037901,0.5262954271181215,0.5601210946605244,0.14234970881039277,M,42.1,103.4,91.4,179.0,86.7
-2.037817322791832,-0.3357947624529269,-0.24999002940959475,-0.5624414038445275,M,37.9,100.0,88.2,173.8,77.5
-0.34387251850924594,-0.41661571772521183,-2.3687422000545255,-0.677352998299134,L,40.9,106.6,87.9,160.20000000000002,76.0
0.05138126915669242,1.0112211587518352,1.3234950384958315,-0.03384806935333699,L,41.6,105.8,93.2,183.9,84.4
0.16431092277552908,-0.012510941363783242,0.6224373349736114,0.18065357362859497,L,41.8,105.4,89.4,179.4,87.2
1.011283324916822,-0.4435560361493094,-0.7796780720708285,0.44878062735601015,L,43.3,111.6,87.8,170.4,90.7
1.7453260734392786,1.6308484825060248,1.41696939896546,-0.003204977498775909,M,44.6,100.2,95.5,184.5,84.8
0.7854240176791448,0.8226389297831677,0.6535954551301528,1.291465653356458,XL,42.9,113.1,92.5,179.6,101.7
-1.5860987083164733,-1.1440043151757842,-1.776737917080209,-0.1487596638079435,L,38.7,109.1,85.2,164.0,82.9
1.011283324916822,0.499355108694024,-0.0941994286268792,-0.06449116120789916,L,43.3,110.2,91.3,174.8,84.0
0.3337054032037901,0.41853415342173905,0.7003326353649693,0.8318192755380319,L,42.1,107.9,91.0,179.9,95.7
-0.6826614793657639,-0.41661571772521183,-0.5771502910532965,-0.5164767660626852,M,40.3,99.8,87.9,171.70000000000002,78.1
-1.9248876691729913,-2.0330348231709263,-0.8887314926187276,-1.6043065268996266,S,38.1,89.4,81.9,169.70000000000002,63.9
-0.17447803808098492,-1.4942284546890214,-2.337584079897984,0.05042043324670735,XL,41.2,113.9,83.9,160.4,85.5
-1.4167042278882163,-1.4942284546890214,-2.228530659350085,-1.1523209220448412,M,39.0,97.8,83.9,161.1,69.8
0.8983536712979855,0.7418179745108827,-0.42135969027058096,1.099946329265447,XL,43.1,114.0,92.2,172.70000000000002,99.2
1.2936074589639197,-0.3357947624529269,-0.4057806301923103,2.157132998247827,XL,43.8,115.9,88.2,172.8,113.0
-0.005083557652727914,0.041369695484404174,0.09274929231237769,-0.2943143501171122,M,41.5,97.6,89.6,176.0,81.0
-2.32014145683893,-2.0060945047468324,-1.4495776554365072,-2.0486313587907716,XS,37.4,86.8,82.0,166.1,58.1
0.3337054032037901,1.1189824324482138,0.27969801325163457,1.1688932859382104,XL,42.1,115.7,93.6,177.2,100.1
0.05138126915669242,-1.0362430414794055,-0.7329408918360121,-0.914836960171987,M,41.6,97.7,85.6,170.70000000000002,72.9
-0.6826614793657639,0.2299519244530716,-0.9977849131666312,-0.5317983119899652,M,40.3,103.1,90.3,169.0,77.9
-0.9649856134128616,-0.06639157821197449,-0.42135969027058096,-0.4398690364262809,M,39.8,102.9,89.2,172.70000000000002,79.1
1.971185380676956,1.172863069296405,0.326435193486451,1.4829849774474688,XXL,45.0,121.6,93.8,177.5,104.2
-0.8520559597940209,-2.0330348231709263,-1.137996453871076,0.1040458439921906,M,40.0,100.9,81.9,168.1,86.2
-0.1180132112715686,0.5801760639663089,0.04601211207756126,0.7628723188652675,XL,41.3,112.9,91.6,175.7,94.8
0.10784609596611276,0.8226389297831677,-0.07862036854860853,0.08106352510126952,L,41.7,108.1,92.5,174.9,85.9
-2.546000764076607,-1.73669132050588,-1.075680213557989,-0.1487596638079435,M,37.0,98.5,83.0,168.5,82.9
-0.40033734531866627,-0.3896753993011181,-0.4680968705053974,0.16533202770131386,L,40.8,107.0,88.0,172.4,87.0
0.8983536712979855,0.8226389297831677,1.432548459043735,-0.9531408249901892,S,43.1,95.3,92.5,184.60000000000002,72.4
0.6160295372508878,1.1189824324482138,-0.0007250681572507532,1.099946329265447,XL,42.6,112.2,93.6,175.4,99.2
-0.005083557652727914,0.499355108694024,0.1394864725471897,-0.6084060416263696,M,41.5,96.9,91.3,176.29999999999998,76.9
1.180677805345083,2.2504758062602144,0.45106767411262083,2.6933871057026573,XXL,43.6,127.8,97.8,178.29999999999998,120.0
-0.7391263061751803,-1.8713929126263562,-1.9325285178629246,-1.1829640138994022,M,40.2,98.6,82.5,163.0,69.4
0.16431092277552908,-0.3896753993011181,-0.9354686728535441,0.34919057882868476,L,41.8,110.2,88.0,169.4,89.4
-0.5132669989375029,0.041369695484404174,-0.06304130847033786,0.418137535501448,XL,40.6,112.7,89.6,175.0,90.3
-0.9085207866034413,-0.25497380718064194,-0.7952571321490992,-1.3131971542812897,S,39.9,89.0,88.5,170.3,67.7
-0.9649856134128616,0.3377131981494541,-0.6706246515229294,-0.2866535771534722,M,39.8,99.6,90.7,171.1,81.1
-0.7955911329846006,-0.766839857238453,-0.0007250681572507532,-0.7309784090446172,L,40.1,104.3,86.6,175.4,75.3
-0.34387251850924594,0.6071163823904066,1.2923369183392857,0.15767125473767388,L,40.9,104.9,91.7,183.7,86.9
0.8418888444885652,1.1459227508723113,1.1521253776348452,0.9697131888835595,L,43.0,110.0,93.7,182.8,97.5
-0.7955911329846006,0.41853415342173905,0.12390741246891904,0.027438114355786265,M,40.1,102.0,91.0,176.2,85.2
-1.7554931887447343,-0.9284817677830229,-1.5586310759844106,-0.3479397608625955,L,38.4,105.5,86.0,165.39999999999998,80.3
-1.0779152670316983,-0.6051979466938793,0.10832835239064836,-0.7616215008991782,M,39.6,96.2,87.2,176.1,74.9
0.3337054032037901,-0.766839857238453,-0.5304131108184845,-0.2943143501171122,M,42.1,101.9,86.6,172.0,81.0
-0.40033734531866627,-0.012510941363783242,-0.26556908948786545,-1.1676424679721222,S,40.8,91.8,89.4,173.70000000000002,69.6
-2.4330711104577665,-2.059975141595024,-1.652105436454039,-1.5660026620814238,M,37.2,96.8,81.8,164.79999999999998,64.4
1.1242129785356627,0.6609970192385978,-0.20325284917477832,-0.8612115494265048,M,43.5,101.4,91.9,174.10000000000002,73.6
1.5759315930110176,0.5532357455422152,-1.2314708143407045,-0.9071761872083469,M,44.3,98.4,91.5,167.5,73.0
0.10784609596611276,0.14913096918078667,-0.9198896127752734,-0.5854237227354485,M,41.7,100.7,90.0,169.5,77.2
-0.005083557652727914,0.36465351657354783,0.27969801325163457,0.15001048177403278,M,41.5,102.6,90.8,177.2,86.8
0.9548184981074058,0.6879373376626915,-0.10977848870514988,1.2761441074291768,XL,43.2,117.3,92.0,174.70000000000002,101.5
0.8418888444885652,-0.6590785835420705,-0.9977849131666312,-0.35560053382623547,L,43.0,105.8,87.0,169.0,80.2
-1.8119580155541546,0.6879373376626915,0.4666467341908959,-0.06449116120789916,M,38.3,98.4,92.0,178.4,84.0
0.39017023001321044,0.6879373376626915,1.074230077243483,-0.31729666900803327,M,42.2,101.0,92.0,182.29999999999998,80.7
0.39017023001321044,1.9810726220192623,0.9340185365390425,2.7087086516299386,XL,42.2,116.1,96.8,181.4,120.2
1.5759315930110176,2.2504758062602144,2.632136085070643,0.8701231403562341,XL,44.3,113.1,97.8,192.3,96.2
0.10784609596611276,-0.551317309845688,0.7470698155997857,-1.3208579272449308,S,41.7,92.2,87.4,180.20000000000002,67.6
0.9548184981074058,0.6879373376626915,-0.37462251003576896,0.24193975733771822,L,43.2,110.8,92.0,173.0,88.0
-0.9085207866034413,-0.4974366729975006,-0.6550455914446587,-0.49349444717176305,M,39.9,102.8,87.6,171.2,78.4
-0.9085207866034413,-0.6590785835420705,-0.45251781042712674,-1.7881650780269969,S,39.9,95.7,87.0,172.5,61.5
-2.37660628364835,-1.4134074994167365,-0.8419943123839156,-0.7386391820082572,M,37.3,96.6,84.2,170.0,75.2
0.10784609596611276,0.041369695484404174,0.24853989309509325,-1.4664126135540985,S,41.7,91.7,89.6,177.0,65.7
1.180677805345083,1.765550074626501,2.258238643192125,-1.2442501976085265,S,43.6,90.2,96.0,189.9,68.6
-0.6826614793657639,0.5262954271181215,1.1053881974000288,0.1270281628831117,L,40.3,110.1,91.4,182.5,86.5
0.4466350568226268,-0.25497380718064194,0.3887514337995337,-0.7846038197901004,S,42.3,95.6,88.5,177.89999999999998,74.6
-0.5132669989375029,0.5262954271181215,0.09274929231237769,-0.5624414038445275,M,40.6,100.7,91.4,176.0,77.5
-0.7955911329846006,-0.25497380718064194,0.8093860559128684,-0.9837839168447513,S,40.1,95.5,88.5,180.6,72.0
-0.6261966525563436,-1.0631833599034992,-0.3123062697226819,-1.588984980972346,M,40.4,97.1,85.5,173.4,64.1
-0.23094286489040525,0.9573405219036438,0.9184394764607675,-0.04916961528061808,M,41.1,99.3,93.0,181.29999999999998,84.2
0.10784609596611276,-0.14721253348425944,1.074230077243483,-0.8841938683174259,M,41.7,96.0,88.9,182.29999999999998,73.3
1.011283324916822,1.7386097562024072,0.2173817729385519,0.8164977296107508,XL,43.3,112.1,95.9,176.8,95.5
1.4065371125827604,1.09204211402412,-0.20325284917477832,2.838941792011826,XXL,44.0,125.5,93.5,174.10000000000002,121.9
1.0677481517262424,0.9573405219036438,0.778227935756327,-0.010865750462415908,M,43.4,100.7,93.0,180.4,84.7
0.2772405763943698,0.7418179745108827,1.1988625578696572,0.36451212475596473,L,42.0,107.1,92.2,183.1,89.6
1.1242129785356627,0.9304002034795501,1.0119138369304004,2.371634641229759,XL,43.5,117.2,92.9,181.9,115.8
0.39017023001321044,0.8226389297831677,-0.23441096933132408,0.06574197917398844,L,42.2,105.3,92.5,173.9,85.7
0.503099883632047,-1.0631833599034992,-0.5927293511315717,-1.351501019099492,M,42.4,98.4,85.5,171.6,67.2
-0.23094286489040525,0.2299519244530716,-1.4028404752016908,0.34152980586504367,L,41.1,107.1,90.3,166.4,89.3
0.7854240176791448,1.0112211587518352,-1.247049874418975,0.9850347348108406,XL,42.9,116.3,93.2,167.4,97.7
0.503099883632047,0.25689224287716916,0.1394864725471897,-0.20238507455342677,L,42.4,108.5,90.4,176.29999999999998,82.2
0.05138126915669242,-0.14721253348425944,0.10832835239064836,-0.14109889084430352,M,41.6,101.9,88.9,176.1,83.0
-0.1180132112715686,0.14913096918078667,-0.04746224839206719,0.15767125473767388,L,41.3,105.8,90.0,175.1,86.9
0.6160295372508878,0.14913096918078667,-0.24999002940959475,-0.677352998299134,M,42.6,99.3,90.0,173.8,76.0
-1.0779152670316983,-1.6019897283854039,-2.2441097194283555,-0.36326130678987656,M,39.6,103.4,83.5,161.0,80.1
0.8983536712979855,0.31077287972535655,0.20180271286027682,-1.2212678787176043,S,43.1,90.9,90.6,176.7,68.9
-0.5697318257469233,-1.0901236783275927,-1.636526376375764,-1.1753032409357622,M,40.5,102.8,85.4,164.9,69.5
-0.9085207866034413,-1.8713929126263562,-1.4651567155147778,-0.4245474904989998,L,39.9,104.7,82.5,166.0,79.3
2.2535095147240534,2.304356443108406,1.6973924803743496,1.1152678751927283,XL,45.5,112.9,98.0,186.3,99.4
-0.9649856134128616,-0.7129592203902617,-1.028943033323177,0.15767125473767388,L,39.8,104.4,86.8,168.79999999999998,86.9
0.22077574958494942,0.8765195666313589,-0.45251781042712674,1.0539816914836038,L,41.9,110.1,92.7,172.5,98.6
-0.23094286489040525,-1.2517655888721666,-0.8108361922273742,0.15001048177403278,L,41.1,106.6,84.8,170.2,86.8
-2.037817322791832,-0.17415285190835697,-0.5148340507402094,-0.6696922253354939,M,37.9,99.6,88.8,172.10000000000002,76.1
0.22077574958494942,1.2267437061445963,1.5416018795916342,-0.9914446898083913,S,41.9,93.4,94.0,185.3,71.9
-0.9085207866034413,-0.551317309845688,-1.589789196140952,-0.9301585060992681,M,39.9,98.7,87.4,165.2,72.7
-0.40033734531866627,0.09525033233259542,-0.7017827716794708,-0.23302816640798896,XL,40.8,112.1,89.8,170.9,81.8
0.10784609596611276,0.014429377060310465,-0.42135969027058096,0.20363589251951605,L,41.7,110.0,89.5,172.70000000000002,87.5
-0.7955911329846006,-0.5243769914215943,-0.5148340507402094,-0.36326130678987656,L,40.1,107.1,87.5,172.10000000000002,80.1
1.011283324916822,1.25368402456869,1.2300206780261986,2.1035075875023437,XL,43.3,116.3,94.1,183.29999999999998,112.3
-1.4167042278882163,-0.3357947624529269,0.49780485434743726,-0.9454800520265492,S,39.0,95.1,88.2,178.6,72.5
-0.061548384462148255,-0.8207204940866404,-1.7923169771584797,-0.5624414038445275,M,41.4,101.6,86.4,163.9,77.5
-2.2636766300295093,-2.0869154600191173,-1.0133639732449018,-1.6196280728269072,S,37.5,89.0,81.7,168.9,63.7
1.801790900248699,0.9034598850554526,-0.5304131108184845,-0.22536739344434786,L,44.7,104.2,92.8,172.0,81.9
0.6724943640603082,0.31077287972535655,-0.04746224839206719,1.2608225615018958,XL,42.7,114.8,90.6,175.1,101.3
-1.699028361935314,-1.3056462257203578,-1.8857913376281081,0.640299951447021,L,38.5,107.7,84.6,163.3,93.2
1.463001939392181,-0.14721253348425944,-1.0445220934014432,0.8241585025743908,XL,44.1,114.9,88.9,168.70000000000002,95.6
-0.061548384462148255,2.0349532588674535,0.965176656695584,1.758772804138524,XL,41.4,115.8,97.0,181.6,107.8
-0.6826614793657639,-0.06639157821197449,0.35759331364299235,-0.21770662048070785,M,40.3,100.3,89.2,177.7,82.0
1.463001939392181,0.8226389297831677,0.6535954551301528,-0.26367125826255006,M,44.1,101.1,92.5,179.6,81.4
0.9548184981074058,1.603908164081931,0.9963347768521297,1.4676634315201877,XL,43.2,115.8,95.4,181.8,104.0
0.6160295372508878,0.09525033233259542,0.20180271286027682,0.4564414003196502,L,42.6,107.4,89.8,176.7,90.8
-1.0779152670316983,-0.4974366729975006,-1.324945174810333,0.6019960866288189,L,39.6,106.8,87.6,166.9,92.7
0.10784609596611276,-0.41661571772521183,-1.0133639732449018,-0.5624414038445275,M,41.7,103.6,87.9,168.9,77.5
0.10784609596611276,1.3345049798409787,-0.6394665313663837,-0.6467099064445717,M,41.7,98.0,94.4,171.3,76.4
-0.5697318257469233,0.12219065075669296,0.4199095539560795,-1.121677830190279,S,40.5,94.0,89.9,178.1,70.2
-1.8119580155541546,0.041369695484404174,0.030433051999290587,0.19597511955587604,L,38.3,104.4,89.6,175.6,87.4
-0.5132669989375029,-0.6321382651179768,-1.247049874418975,-0.9301585060992681,M,40.6,98.1,87.1,167.4,72.7
0.6160295372508878,-1.7636316389299738,-1.7144216767671263,-1.0374093275902345,M,42.6,100.6,82.9,164.39999999999998,71.3
2.309974341533474,2.304356443108406,1.3079159784175607,-1.0297485546265934,M,45.6,101.1,98.0,183.8,71.4
-1.1343800938411186,-1.0093027230553078,-0.32788532980095253,-0.7539607279355383,M,39.5,99.6,85.7,173.3,75.0
-0.8520559597940209,-0.6051979466938793,-1.137996453871076,-0.27899280418983113,L,40.0,107.2,87.2,168.1,81.2
0.22077574958494942,0.31077287972535655,1.0430719570869418,1.8047374419203672,XL,41.9,115.8,90.6,182.1,108.4
-0.005083557652727914,-0.17415285190835697,-0.6394665313663837,0.6786038162652231,XL,41.5,118.1,88.8,171.3,93.7
-1.2473097474599593,-0.9284817677830229,-0.7796780720708285,-0.10279502602610134,M,39.3,103.2,86.0,170.4,83.5
-0.005083557652727914,1.1998033877205025,0.48222579426916656,2.670404786811736,XXL,41.5,120.4,93.9,178.5,119.7
1.1242129785356627,1.9541323035951685,0.6068582748953364,1.1918756048291326,L,43.5,108.4,96.7,179.29999999999998,100.4
0.3337054032037901,0.9573405219036438,0.762648875678052,1.1459109670472893,L,42.1,108.6,93.0,180.29999999999998,99.8
0.4466350568226268,-1.1440043151757842,-0.45251781042712674,0.6173176325561,L,42.3,105.8,85.2,172.5,92.9
-1.190844920650539,-0.766839857238453,-1.3716823550451493,0.48708449217421235,L,39.4,108.1,86.6,166.6,91.2
-1.7554931887447343,-0.47049635457340305,-1.0445220934014432,-0.4781729012444831,M,38.4,98.5,87.7,168.70000000000002,78.6
-0.34387251850924594,-0.14721253348425944,0.2173817729385519,-0.5241375390263252,M,40.9,97.0,88.9,176.8,78.0
-1.7554931887447343,-2.2754976889877847,-1.9948447581760116,-1.4204479757722563,S,38.4,94.2,81.0,162.6,66.3
-1.7554931887447343,-0.7937801756625467,-1.0912592736362596,-1.581324208008705,S,38.4,94.3,86.5,168.4,64.2
0.39017023001321044,-0.06639157821197449,-0.04746224839206719,0.49474526513785233,L,42.2,108.2,89.2,175.1,91.3
1.2371426321545034,0.6879373376626915,1.5260228195133634,0.07340275213762844,M,43.7,101.4,92.0,185.20000000000002,85.8
-1.0779152670316983,-2.2216170521395937,-2.026002878332553,-1.5430203431905027,S,39.6,95.5,81.2,162.4,64.7
-0.17447803808098492,-0.09333189663607203,-0.4836759305836681,-0.5471198579172464,M,41.2,100.5,89.1,172.3,77.7
-1.021450440222278,-0.5782576282697856,0.4666467341908959,-1.9720236291543674,XS,39.7,85.8,87.3,178.4,59.1
-1.9248876691729913,-1.7636316389299738,-1.4339985953582366,-2.2707937747363443,XS,38.1,84.8,82.9,166.2,55.2
-0.9085207866034413,-0.3896753993011181,-0.5459921708967552,0.07340275213762844,M,39.9,103.0,88.0,171.9,85.8
0.2772405763943698,2.0888338957156445,1.915499321470148,1.758772804138524,XL,42.0,114.8,97.2,187.7,107.8
-1.9813524959824116,-0.9284817677830229,-1.574210136062677,-0.2866535771534722,M,38.0,103.3,86.0,165.3,81.1
-1.2473097474599593,-0.2010931703324507,0.04601211207756126,-0.08747348009882025,L,39.3,108.2,88.7,175.7,83.7
0.22077574958494942,0.41853415342173905,-0.5615712309750258,0.22661821141043711,L,41.9,106.3,91.0,171.8,87.8
-0.6261966525563436,1.4692065719614549,1.370232218730648,-0.8918546412810658,S,40.4,94.9,94.9,184.20000000000002,73.2
0.7289591908697245,0.9573405219036438,1.6973924803743496,-0.8918546412810658,M,42.8,98.2,93.0,186.3,73.2
-1.3037745742693756,-1.73669132050588,-1.0133639732449018,-1.2519109705721665,S,39.2,93.3,83.0,168.9,68.5
0.05138126915669242,-0.5243769914215943,-0.8419943123839156,0.5177275840287734,L,41.6,109.8,87.5,170.0,91.6
-0.8520559597940209,-0.9284817677830229,-0.37462251003576896,-0.4781729012444831,M,40.0,101.7,86.0,173.0,78.6
-0.34387251850924594,1.3614452982650724,0.4199095539560795,-0.5011552201354041,M,40.9,103.6,94.5,178.1,78.3
-1.7554931887447343,-0.9554220862071167,-1.6676844965323099,-1.2136071057539644,S,38.4,94.4,85.9,164.7,69.0
-0.2874076916998256,-0.8746011309348317,-0.8731524325404614,-1.6502711646814694,S,41.0,90.9,86.2,169.79999999999998,63.3
-0.7391263061751803,-0.36273508087702444,-1.2937870546537915,-0.37092207975351654,M,40.2,98.0,88.1,167.1,80.0
0.6724943640603082,1.0112211587518352,0.9028604163825013,-0.7616215008991782,S,42.7,94.9,93.2,181.20000000000002,74.9
-1.190844920650539,-0.5243769914215943,-0.6083084112098422,-0.9761231438811113,M,39.4,96.4,87.5,171.5,72.1
-0.061548384462148255,-0.14721253348425944,0.824965115991139,-0.026187296389696996,M,41.4,99.7,88.9,180.7,84.5
-0.2874076916998256,-0.8746011309348317,-0.0941994286268792,-0.685013771262774,M,41.0,100.1,86.2,174.8,75.9
-0.34387251850924594,0.41853415342173905,0.6380163950518821,-0.6390491334809317,M,40.9,102.5,91.0,179.5,76.5
1.463001939392181,0.6879373376626915,-1.028943033323177,2.5248501005025674,XXL,44.1,122.1,92.0,168.79999999999998,117.8
-0.23094286489040525,1.4422662535373574,1.5571809396699048,-0.10279502602610134,M,41.1,100.6,94.8,185.4,83.5
0.503099883632047,-0.9823624046312142,0.965176656695584,-1.5660026620814238,S,42.4,88.8,85.8,181.6,64.4
-0.40033734531866627,0.41853415342173905,0.09274929231237769,-0.4398690364262809,L,40.8,104.3,91.0,176.0,79.1
-0.061548384462148255,-0.012510941363783242,-0.9354686728535441,0.5407099029196956,XL,41.4,118.9,89.4,169.4,91.9
-0.5697318257469233,-1.5750494099613102,0.04601211207756126,-0.7999253657173805,M,40.5,99.8,83.6,175.7,74.4
0.39017023001321044,0.9573405219036438,0.7003326353649693,-0.22536739344434786,L,42.2,106.3,93.0,179.9,81.9
0.9548184981074058,1.1459227508723113,0.17064459270373547,2.5478324193934885,XXL,43.2,125.4,93.7,176.5,118.1
-2.207211803220089,-1.224825270448069,-1.247049874418975,-1.1599816950084811,M,37.6,100.9,84.9,167.4,69.7
0.6724943640603082,1.25368402456869,1.0119138369304004,1.7051473933930408,XL,42.7,115.5,94.1,181.9,107.1
1.971185380676956,0.9573405219036438,-0.39020157011403966,1.8507020797022096,XXL,45.0,125.5,93.0,172.9,109.0
-0.5132669989375029,-0.9015414493589292,0.10832835239064836,0.5866745407015378,L,40.6,105.5,86.1,176.1,92.5
0.6724943640603082,2.2774161246843123,2.258238643192125,1.3604126100292213,L,42.7,106.5,97.9,189.9,102.6
1.0677481517262424,1.4961468903855486,1.977815561783235,0.2572613032649993,M,43.4,101.2,95.0,188.1,88.2
-0.7391263061751803,-0.06639157821197449,-0.12535754878342498,-1.6426103917178287,S,40.2,90.0,89.2,174.6,63.4
0.7289591908697245,1.0651017956000264,0.6847535752866986,-0.06449116120789916,L,42.8,104.2,93.4,179.8,84.0
1.5194667662016013,1.3614452982650724,0.29527707332990527,1.0922855563018061,L,44.2,111.2,94.5,177.29999999999998,99.1
-0.4568021721280826,0.6879373376626915,0.4666467341908959,-1.3131971542812897,S,40.7,92.0,92.0,178.4,67.7
-0.40033734531866627,-0.4435560361493094,-0.2188319092530534,1.521288842265671,XL,40.8,119.2,87.8,174.0,104.7
-1.4731690546976366,-1.0631833599034992,-0.1565156689399663,-0.20238507455342677,L,38.9,104.0,85.5,174.4,82.2
1.2371426321545034,1.0381614771759289,0.6224373349736114,0.3874944436468869,L,43.7,110.2,93.3,179.4,89.9
0.6160295372508878,-0.25497380718064194,-1.8234750973150253,0.012116568428505179,XL,42.6,112.0,88.5,163.7,85.0
-0.5132669989375029,-0.2010931703324507,-0.26556908948786545,-1.8954158995179629,S,40.6,89.6,88.7,173.70000000000002,60.1
1.5759315930110176,0.9304002034795501,-1.3716823550451493,2.7393517434844994,XXL,44.3,125.8,92.9,166.6,120.6
0.3337054032037901,0.014429377060310465,0.4043304938778088,-0.24834971233527003,L,42.1,104.5,89.5,178.0,81.6
0.7289591908697245,-0.5243769914215943,-0.2188319092530534,-0.5011552201354041,L,42.8,104.3,87.5,174.0,78.3
0.5595647104414675,0.9573405219036438,-0.0941994286268792,0.44111985439236906,L,42.5,109.2,93.0,174.8,90.6
-0.17447803808098492,-0.6590785835420705,-1.3561032949668743,-0.24068893937162894,L,41.2,110.9,87.0,166.70000000000002,81.7
-0.005083557652727914,0.09525033233259542,0.4199095539560795,0.18065357362859497,L,41.5,107.6,89.8,178.1,87.2
-0.4568021721280826,0.20301160602897791,0.030433051999290587,-0.003204977498775909,M,40.7,103.7,90.2,175.6,84.8
0.6160295372508878,-1.5750494099613102,-0.9354686728535441,0.15767125473767388,L,42.6,104.7,83.6,169.4,86.9
2.7616929560088286,1.2267437061445963,0.5601210946605244,1.988595993047737,XXL,46.4,120.2,94.0,179.0,110.8
0.05138126915669242,0.14913096918078667,-0.28114814956614054,0.9620524159199195,L,41.6,110.9,90.0,173.6,97.4
0.39017023001321044,1.3075646614168812,1.276757858261015,1.4600026585565478,XL,42.2,112.9,94.3,183.6,103.9
-1.4731690546976366,-1.89833323105045,-0.2188319092530534,-0.5547806308808874,M,38.9,99.4,82.4,174.0,77.6
-1.7554931887447343,-1.9522138678986412,-0.06304130847033786,-0.9991054627720324,M,38.4,97.4,82.2,175.0,71.8
0.10784609596611276,-0.6321382651179768,0.24853989309509325,0.2725828491922804,L,41.7,107.7,87.1,177.0,88.4
-0.34387251850924594,1.1189824324482138,0.824965115991139,-1.933719764336165,XS,40.9,82.6,93.6,180.7,59.6
-1.868422842363571,-1.3864671809926428,-2.0415819384108236,-1.8647728076634014,S,38.2,93.1,84.3,162.3,60.5
-0.2874076916998256,-0.36273508087702444,-0.18767378909651208,-0.4015651716080787,M,41.0,103.2,88.1,174.2,79.6
0.39017023001321044,0.2838325613012629,0.8093860559128684,-0.4781729012444831,L,42.2,105.0,90.5,180.6,78.6
2.027650207486376,0.6609970192385978,0.513383914425708,1.322108745211019,XL,45.1,119.2,91.9,178.7,102.1
0.16431092277552908,0.5262954271181215,-0.06304130847033786,0.8164977296107508,L,41.8,111.6,91.4,175.0,95.5
-0.5132669989375029,-1.1709446335998817,-1.589789196140952,-1.6809142565360309,S,40.6,95.3,85.1,165.2,62.9
0.9548184981074058,1.2267437061445963,1.339074098574102,-0.677352998299134,M,43.2,97.9,94.0,184.0,76.0
0.8418888444885652,0.5532357455422152,0.43548861403435013,-1.2365894246448854,S,43.0,92.8,91.5,178.2,68.7
0.6160295372508878,0.14913096918078667,0.3887514337995337,0.5636922218106167,L,42.6,110.6,90.0,177.89999999999998,92.2
0.8983536712979855,-0.9284817677830229,-1.3872614151234202,-1.3055363813176497,M,43.1,99.3,86.0,166.5,67.8
-2.32014145683893,-1.0362430414794055,-0.9977849131666312,-1.0220877816629534,M,37.4,97.6,85.6,169.0,71.5
0.5595647104414675,-1.0362430414794055,-2.2596887795066265,-0.48583367420812307,L,42.5,107.0,85.6,160.9,78.5
-0.4568021721280826,0.14913096918078667,2.086868982331134,-0.8918546412810658,S,40.7,91.7,90.0,188.79999999999998,73.2
0.2772405763943698,-0.36273508087702444,-0.8887314926187276,-0.8382292305355826,M,42.0,102.3,88.1,169.70000000000002,73.9
-0.7391263061751803,0.6879373376626915,0.9963347768521297,-0.9608015979538302,S,40.2,93.4,92.0,181.8,72.3
0.2772405763943698,0.41853415342173905,0.4043304938778088,0.06574197917398844,L,42.0,107.4,91.0,178.0,85.7
1.971185380676956,0.014429377060310465,0.575700154738795,-1.13699937611756,M,45.0,97.9,89.5,179.1,70.0
2.0841150342957966,0.20301160602897791,1.1521253776348452,-0.677352998299134,M,45.2,98.0,90.2,182.8,76.0
-1.190844920650539,-2.2754976889877847,-1.247049874418975,-1.0067662357356724,M,39.4,98.4,81.0,167.4,71.7
0.3337054032037901,0.6609970192385978,-0.5927293511315717,0.8931054592471551,XL,42.1,116.1,91.9,171.6,96.5
0.6160295372508878,0.25689224287716916,0.37317237372126744,0.24193975733771822,L,42.6,107.7,90.4,177.8,88.0
0.503099883632047,-0.012510941363783242,0.6691745152084235,-0.6390491334809317,M,42.4,100.2,89.4,179.7,76.5
0.6724943640603082,0.09525033233259542,-0.4836759305836681,0.9620524159199195,XL,42.7,114.1,89.8,172.3,97.4
-0.4568021721280826,-0.09333189663607203,0.4666467341908959,-0.018526523426056995,L,40.7,105.2,89.1,178.4,84.6
-2.546000764076607,-1.4942284546890214,-1.028943033323177,-0.8765330953537848,L,37.0,105.9,83.9,168.79999999999998,73.4
0.2772405763943698,0.5801760639663089,-0.14093660886169565,-0.3402789878989544,M,42.0,102.4,91.6,174.5,80.4
-1.4167042278882163,-0.3896753993011181,-0.7173618317577458,-1.0757131924084367,S,39.0,93.8,88.0,170.79999999999998,70.8
-0.6261966525563436,0.7687582929349764,0.3887514337995337,0.24193975733771822,L,40.4,110.6,92.3,177.89999999999998,88.0
-0.2874076916998256,-0.7937801756625467,-1.075680213557989,-1.0220877816629534,M,41.0,98.7,86.5,168.5,71.5
0.4466350568226268,1.603908164081931,1.354653158652373,1.2684833344655368,XL,42.3,114.3,95.4,184.1,101.4
-0.6261966525563436,-2.4640799179564525,-1.776737917080209,-0.5624414038445275,L,40.4,109.7,80.3,164.0,77.5
1.463001939392181,0.9034598850554526,0.12390741246891904,1.8430413067385696,XXL,44.1,123.3,92.8,176.2,108.9
-0.5697318257469233,0.14913096918078667,0.778227935756327,0.8931054592471551,L,40.5,106.3,90.0,180.4,96.5
-0.6826614793657639,-0.6321382651179768,-0.28114814956614054,0.1193673899194717,L,40.3,105.3,87.1,173.6,86.4
-0.5132669989375029,0.014429377060310465,0.778227935756327,-0.8458900034992237,M,40.6,98.6,89.5,180.4,73.8
-0.6261966525563436,-0.9284817677830229,-0.5304131108184845,-0.8229076846083027,M,40.4,101.1,86.0,172.0,74.1
-0.005083557652727914,-0.8746011309348317,0.3887514337995337,0.6556214973743021,L,41.5,107.7,86.2,177.89999999999998,93.4
1.5194667662016013,2.0080129404433595,0.6380163950518821,-0.6237275875536507,M,44.2,100.4,96.9,179.5,76.7
-1.021450440222278,-1.0631833599034992,-0.7952571321490992,-0.3019751230807522,M,39.7,103.3,85.5,170.3,80.9
-0.34387251850924594,-0.6321382651179768,-0.8575733724621863,-0.39390439864443766,M,40.9,102.7,87.1,169.9,79.7
-0.40033734531866627,0.14913096918078667,0.8561232361476848,1.5136280693020299,XL,40.8,114.2,90.0,180.9,104.6
-0.5697318257469233,-1.3595268625685453,-1.3716823550451493,-0.470512128280842,M,40.5,101.7,84.4,166.6,78.7
0.2772405763943698,0.41853415342173905,0.35759331364299235,-0.3862436256807976,M,42.0,102.1,91.0,177.7,79.8
-0.5697318257469233,-1.1709446335998817,-1.8702122775498418,-0.5701021768081674,M,40.5,103.7,85.1,163.39999999999998,77.4
-0.5697318257469233,-0.8207204940866404,1.0586510171652168,-0.6313883605172917,M,40.5,99.4,86.4,182.20000000000002,76.6
2.2535095147240534,-0.09333189663607203,-0.4992549906619432,-0.3096358960443933,L,45.5,109.5,89.1,172.2,80.8
0.16431092277552908,-0.766839857238453,-1.776737917080209,-1.2136071057539644,M,41.8,101.2,86.6,164.0,69.0
-1.9813524959824116,-1.0901236783275927,-2.7582187020113187,-1.1753032409357622,M,38.0,102.9,85.4,157.7,69.5
-0.061548384462148255,-1.8713929126263562,-1.6209473162974934,-0.9378192790629092,M,41.4,101.4,82.5,165.0,72.6
-1.2473097474599593,-1.521168773113119,-0.17209472901823697,-1.9796844021180078,S,39.3,88.3,83.8,174.3,59.0
-0.7955911329846006,0.20301160602897791,0.1550655326254648,0.18065357362859497,M,40.1,102.4,90.2,176.4,87.2
0.05138126915669242,-0.2010931703324507,0.17064459270373547,0.18831434659223495,L,41.6,104.4,88.7,176.5,87.3
-0.4568021721280826,-0.5782576282697856,-0.45251781042712674,-0.5930844956990896,L,40.7,105.6,87.3,172.5,77.1
1.971185380676956,1.6308484825060248,1.1365463175565702,2.2797053656660733,XXL,45.0,125.2,95.5,182.7,114.6
0.503099883632047,0.5801760639663089,0.07717023223410259,0.24193975733771822,L,42.4,108.3,91.6,175.89999999999998,88.0
1.1242129785356627,0.7418179745108827,0.4199095539560795,1.4293595667019856,XL,43.5,116.2,92.2,178.1,103.5
0.39017023001321044,-0.2819141256047356,-1.262628934497246,1.0693032374108848,XL,42.2,116.2,88.4,167.3,98.8
1.632396419820438,1.25368402456869,0.513383914425708,1.099946329265447,L,44.4,110.4,94.1,178.7,99.2
2.5358336487711512,0.6071163823904066,0.6847535752866986,0.2725828491922804,L,46.0,108.4,91.7,179.8,88.4
-0.8520559597940209,-0.17415285190835697,-0.5304131108184845,-0.462851355317202,M,40.0,100.2,88.8,172.0,78.8
-0.9085207866034413,0.2299519244530716,0.5601210946605244,-0.7539607279355383,M,39.9,96.6,90.3,179.0,75.0
-1.1343800938411186,-1.7636316389299738,-1.1847336341058925,-0.7309784090446172,M,39.5,102.3,82.9,167.79999999999998,75.3
-0.9649856134128616,0.6609970192385978,0.04601211207756126,0.6632822703379421,XL,39.8,113.1,91.9,175.7,93.5
1.5194667662016013,1.25368402456869,-0.2188319092530534,-0.17174198269886568,L,44.2,104.2,94.1,174.0,82.6
-0.6261966525563436,-0.3896753993011181,-0.9043105526970028,-0.4551905823535609,XL,40.4,113.8,88.0,169.6,78.9
-0.6261966525563436,0.12219065075669296,0.575700154738795,0.19597511955587604,L,40.4,105.2,89.9,179.1,87.4
-0.2874076916998256,-1.3325865441444515,-0.9354686728535441,-0.39390439864443766,M,41.0,100.4,84.5,169.4,79.7
-0.9649856134128616,-1.0631833599034992,-1.1691545740276175,-1.6043065268996266,M,39.8,99.2,85.5,167.9,63.9
-0.5132669989375029,0.06831001390850171,-0.32788532980095253,-0.1564204367715846,M,40.6,100.8,89.7,173.3,82.8
-1.7554931887447343,0.7956986113590739,0.9340185365390425,-0.9684623709174702,S,38.4,93.3,92.4,181.4,72.2
0.7854240176791448,0.6071163823904066,-0.7017827716794708,0.9084270051744362,L,42.9,109.0,91.7,170.9,96.7
0.2772405763943698,-0.14721253348425944,-0.12535754878342498,0.9314093240653574,XL,42.0,118.3,88.9,174.6,97.0
-0.5697318257469233,1.0381614771759289,0.71591169544324,-0.22536739344434786,M,40.5,102.4,93.3,180.0,81.9
0.5595647104414675,0.5262954271181215,-0.5927293511315717,0.7475507729379864,XL,42.5,113.3,91.4,171.6,94.6
1.2936074589639197,-1.0362430414794055,-0.2967272096444112,-0.5624414038445275,M,43.8,102.5,85.6,173.5,77.5
-0.6826614793657639,-0.22803348875654822,-0.9666267930100898,-1.2442501976085265,S,40.3,95.1,88.6,169.2,68.6
0.22077574958494942,-0.36273508087702444,-0.8887314926187276,-0.3785828527171565,M,41.9,102.3,88.1,169.70000000000002,79.9
0.8418888444885652,0.9304002034795501,1.1209672574782994,-0.9914446898083913,M,43.0,96.2,92.9,182.6,71.9
-1.3037745742693756,-0.7937801756625467,-0.2188319092530534,-0.05683038824425917,L,39.2,110.8,86.5,174.0,84.1
-1.190844920650539,-0.4435560361493094,-0.03188318831379652,-1.573663435045065,S,39.4,95.5,87.8,175.2,64.3
0.4466350568226268,0.20301160602897791,1.1521253776348452,0.7628723188652675,L,42.3,109.9,90.2,182.8,94.8
-1.4731690546976366,-0.7398995388143554,-0.7329408918360121,-1.3744833379904131,S,38.9,92.0,86.7,170.70000000000002,66.9
-0.005083557652727914,0.2838325613012629,-0.5148340507402094,-0.19472430158978676,L,41.5,105.2,90.5,172.10000000000002,82.3
0.6724943640603082,0.8495792482072614,1.5260228195133634,-0.6160668145900107,M,42.7,98.2,92.6,185.20000000000002,76.8
-0.005083557652727914,-0.6590785835420705,-1.6053682562192226,-0.25601048529891,L,41.5,105.4,87.0,165.1,81.5
0.8983536712979855,0.17607128760488036,-0.7329408918360121,-0.07981270713518025,L,43.1,110.2,90.1,170.70000000000002,83.8
0.8418888444885652,1.2267437061445963,0.6380163950518821,-0.6160668145900107,M,43.0,98.8,94.0,179.5,76.8
-0.7955911329846006,-0.3896753993011181,-0.7329408918360121,-1.1753032409357622,M,40.1,96.3,88.0,170.70000000000002,69.5
-1.8119580155541546,0.14913096918078667,-1.1691545740276175,-1.1982855598266833,S,38.3,95.2,90.0,167.9,69.2
0.2772405763943698,1.0112211587518352,-0.2967272096444112,0.847140821465313,L,42.0,108.9,93.2,173.5,95.9
-0.17447803808098492,0.39159383499764533,-0.3590434499574939,-0.14109889084430352,L,41.2,106.4,90.9,173.10000000000002,83.0
-1.021450440222278,-0.36273508087702444,-0.7017827716794708,0.6786038162652231,L,39.7,110.5,88.1,170.9,93.7
-0.005083557652727914,-1.3325865441444515,-1.1068383337145302,0.418137535501448,L,41.5,109.7,84.5,168.3,90.3
-0.061548384462148255,0.8226389297831677,0.7470698155997857,-1.5966457539359862,M,41.4,97.3,92.5,180.20000000000002,64.0
1.5194667662016013,0.41853415342173905,-0.4836759305836681,-0.470512128280842,M,44.2,103.5,91.0,172.3,78.7
-0.4568021721280826,-0.3896753993011181,-0.5148340507402094,2.019239084902299,XL,40.7,117.6,88.0,172.10000000000002,111.2
0.4466350568226268,-0.3357947624529269,0.45106767411262083,-0.08747348009882025,M,42.3,101.9,88.2,178.29999999999998,83.7
-1.190844920650539,-1.6828106836576888,-2.1194772388021814,-1.4434302946631774,M,39.4,97.7,83.2,161.8,66.0
-0.9085207866034413,-0.3896753993011181,-0.5148340507402094,-0.5164767660626852,M,39.9,101.4,88.0,172.10000000000002,78.1
-0.2874076916998256,0.25689224287716916,1.1677044377131158,-0.21004584751706787,M,41.0,103.2,90.4,182.9,82.1
0.10784609596611276,-0.2010931703324507,-1.574210136062677,0.5636922218106167,XL,41.7,112.3,88.7,165.3,92.2
0.2772405763943698,0.6340567008145002,0.778227935756327,-0.8229076846083027,M,42.0,99.6,91.8,180.4,74.1
-0.061548384462148255,0.8226389297831677,0.48222579426916656,-0.9991054627720324,S,41.4,92.4,92.5,178.5,71.8
1.2371426321545034,0.6609970192385978,0.2641189531733639,-0.09513425306246134,M,43.7,100.9,91.9,177.1,83.6
-1.3037745742693756,-1.9522138678986412,-1.215891754262434,-0.9454800520265492,S,39.2,93.4,82.2,167.6,72.5
-0.6826614793657639,-0.6590785835420705,-1.6832635566105805,-1.5583418891177838,M,40.3,97.6,87.0,164.6,64.5
1.1242129785356627,0.5532357455422152,1.6350762400612626,-0.6313883605172917,M,43.5,96.4,91.5,185.9,76.6
1.463001939392181,0.31077287972535655,-0.6862037116012001,-0.7999253657173805,S,44.1,95.7,90.6,171.0,74.4
-1.2473097474599593,0.8765195666313589,0.5445420345822537,-1.6502711646814694,S,39.3,93.8,92.7,178.9,63.3
-1.868422842363571,-0.14721253348425944,-0.26556908948786545,-0.5624414038445275,M,38.2,99.2,88.9,173.70000000000002,77.5
-1.4167042278882163,-2.2216170521395937,-2.026002878332553,-2.4010269151182317,S,39.0,89.0,81.2,162.4,53.5
-2.0942821496012525,-1.0631833599034992,-1.3093661147320623,-0.6007452686627296,M,37.8,101.1,85.5,167.0,77.0
-0.40033734531866627,-1.1978849520239754,-1.215891754262434,-0.010865750462415908,L,40.8,108.4,85.0,167.6,84.7
-0.23094286489040525,-0.6051979466938793,-0.9666267930100898,0.877783913319874,XL,41.1,115.0,87.2,169.2,96.3
-1.1343800938411186,-1.7636316389299738,-2.057160998489094,-0.6620314523718528,M,39.5,98.6,82.9,162.20000000000002,76.2
-0.23094286489040525,-0.7129592203902617,0.09274929231237769,-0.31729666900803327,L,41.1,108.2,86.8,176.0,80.7
1.971185380676956,1.4692065719614549,-1.0445220934014432,1.536610388192952,XXL,45.0,126.3,94.9,168.70000000000002,104.9
-1.1343800938411186,-0.5243769914215943,-0.7640990119925578,-1.3898048839176942,S,39.5,92.3,87.5,170.5,66.7
1.180677805345083,1.6577888009301185,0.8717022962259554,0.15767125473767388,L,43.6,105.8,95.6,181.0,86.9
0.8983536712979855,0.4724147902699303,1.1988625578696572,1.2148579237200536,L,43.1,111.9,91.2,183.1,100.7
-2.4895359372671866,-1.7097510020817863,-1.4184195352799613,-0.6926745442264151,M,37.1,99.3,83.1,166.3,75.8
0.16431092277552908,0.8226389297831677,0.8561232361476848,0.31088671401048257,M,41.8,103.8,92.5,180.9,88.9
0.05138126915669242,0.5801760639663089,0.575700154738795,0.410476762537808,M,41.6,103.5,91.6,179.1,90.2
-1.190844920650539,-0.6590785835420705,-1.1847336341058925,-0.8688723223901448,M,39.4,101.9,87.0,167.79999999999998,73.5
0.9548184981074058,1.172863069296405,1.2144416179479323,0.6249784055197399,XL,43.2,113.5,93.8,183.20000000000002,93.0
1.5194667662016013,0.7418179745108827,-0.4369387503488561,-0.6313883605172917,M,44.2,100.1,92.2,172.6,76.6
0.6724943640603082,0.2838325613012629,0.014853991921019917,0.3032259410468415,L,42.7,107.8,90.5,175.5,88.8
0.6724943640603082,0.6340567008145002,0.9184394764607675,-0.462851355317202,M,42.7,101.8,91.8,181.29999999999998,78.8
1.0677481517262424,0.9304002034795501,1.2611787981827443,0.9160877781380763,L,43.4,109.2,92.9,183.5,96.8
-2.037817322791832,-0.9823624046312142,-0.9977849131666312,-1.4587518405904585,S,37.9,94.8,85.8,169.0,65.8
0.10784609596611276,-0.8746011309348317,-0.07862036854860853,-1.0144270086993135,S,41.7,95.6,86.2,174.9,71.6
0.3337054032037901,1.25368402456869,1.8220249610005195,0.08872429806490953,L,42.1,107.6,94.1,187.1,86.0
-0.23094286489040525,0.9573405219036438,1.8843412013136065,0.027438114355786265,M,41.1,102.0,93.0,187.5,85.2
0.3337054032037901,-0.4974366729975006,-0.37462251003576896,-0.2866535771534722,L,42.1,106.4,87.6,173.0,81.1
-0.23094286489040525,2.304356443108406,1.4948646993568178,1.1612325129745704,XL,41.1,112.1,98.0,185.0,100.0
-0.40033734531866627,-1.0631833599034992,-1.4184195352799613,-0.49349444717176305,M,40.8,100.5,85.5,166.3,78.4
-1.4167042278882163,0.8226389297831677,1.5571809396699048,-0.6926745442264151,M,39.0,99.3,92.5,185.4,75.8
0.22077574958494942,-1.224825270448069,-1.028943033323177,-2.140560634354457,XS,41.9,87.0,84.9,168.79999999999998,56.9
-0.4568021721280826,0.41853415342173905,0.7003326353649693,1.781755123029445,XL,40.7,116.1,91.0,179.9,108.1
0.6724943640603082,0.7687582929349764,0.27969801325163457,0.647960724410661,L,42.7,111.9,92.3,177.2,93.3
-0.9649856134128616,0.39159383499764533,1.1209672574782994,1.2378402426109747,L,39.8,111.0,90.9,182.6,101.0
-0.2874076916998256,-0.766839857238453,-0.32788532980095253,-0.7539607279355383,M,41.0,99.1,86.6,173.3,75.0
-0.8520559597940209,-0.9015414493589292,-1.262628934497246,-0.8612115494265048,M,40.0,103.1,86.1,167.3,73.6
-0.061548384462148255,-0.06639157821197449,-0.6394665313663837,-0.7156568631173361,M,41.4,100.4,89.2,171.3,75.5
-0.17447803808098492,0.4454744718458328,-0.8419943123839156,-0.4015651716080787,M,41.2,101.2,91.1,170.0,79.6
-1.4167042278882163,0.6879373376626915,0.326435193486451,-0.8152469116446616,M,39.0,97.9,92.0,177.5,74.2
-0.5132669989375029,-0.4974366729975006,-0.7796780720708285,0.1117066169558306,L,40.6,104.3,87.6,170.4,86.3
-0.4568021721280826,-0.25497380718064194,1.3079159784175607,-0.40922594457171874,M,40.7,98.9,88.5,183.8,79.5
-0.061548384462148255,0.20301160602897791,-0.03188318831379652,-0.7309784090446172,M,41.4,97.7,90.2,175.2,75.3
-0.6826614793657639,-0.6590785835420705,0.5601210946605244,0.3951552166105269,M,40.3,102.7,87.0,179.0,90.0
-0.6826614793657639,-1.1978849520239754,-1.028943033323177,-1.351501019099492,M,40.3,98.6,85.0,168.79999999999998,67.2
0.6724943640603082,-0.30885444402883316,-1.0912592736362596,0.4257983084650891,XL,42.7,114.1,88.3,168.4,90.4
0.5595647104414675,-1.1170639967516904,-1.0912592736362596,-0.48583367420812307,L,42.5,105.3,85.3,168.4,78.5
-0.40033734531866627,0.14913096918078667,0.014853991921019917,-0.7233176360809761,M,40.8,96.8,90.0,175.5,75.4
-0.2874076916998256,-0.6590785835420705,-0.5615712309750258,0.7935154107198297,XL,41.0,113.4,87.0,171.8,95.2
-0.6826614793657639,0.5532357455422152,-0.14093660886169565,0.9926955077744806,XL,40.3,119.4,91.5,174.5,97.8
-0.005083557652727914,0.014429377060310465,0.8405441760694141,-0.10279502602610134,M,41.5,103.9,89.5,180.8,83.5
0.4466350568226268,-0.12027221506016574,0.3887514337995337,-1.2136071057539644,M,42.3,98.2,89.0,177.89999999999998,69.0
0.22077574958494942,0.041369695484404174,0.3887514337995337,-1.4434302946631774,S,41.9,92.9,89.6,177.89999999999998,66.0
-0.5132669989375029,0.14913096918078667,0.20180271286027682,-0.4781729012444831,M,40.6,99.7,90.0,176.7,78.6
-0.6826614793657639,-1.3056462257203578,-1.5118938957495942,-0.914836960171987,M,40.3,103.5,84.6,165.7,72.9
-0.8520559597940209,-1.5481090915372127,-2.6647443415416903,-0.8612115494265048,M,40.0,102.5,83.7,158.29999999999998,73.6
-1.9813524959824116,-1.7097510020817863,-1.137996453871076,-1.7345396672815137,S,38.0,92.8,83.1,168.1,62.2
-0.17447803808098492,0.36465351657354783,0.9028604163825013,0.34152980586504367,L,41.2,106.5,90.8,181.20000000000002,89.3
1.5194667662016013,2.5468193089252646,1.3079159784175607,0.6709430433015822,L,44.2,110.5,98.9,183.8,93.6
0.5595647104414675,0.2838325613012629,-0.42135969027058096,0.21895743844679713,L,42.5,108.4,90.5,172.70000000000002,87.7
-2.207211803220089,-0.8207204940866404,-1.262628934497246,-0.48583367420812307,L,37.6,106.4,86.4,167.3,78.5
-0.34387251850924594,-0.3896753993011181,-0.26556908948786545,-0.3862436256807976,L,40.9,111.3,88.0,173.70000000000002,79.8
-0.8520559597940209,-0.4974366729975006,0.8872813563042261,-1.4893949324450195,S,40.0,93.7,87.6,181.1,65.4
0.05138126915669242,0.7148776560867851,1.2611787981827443,0.4334590814287291,M,41.6,102.9,92.1,183.5,90.5
-0.40033734531866627,-0.5243769914215943,0.09274929231237769,-0.6237275875536507,S,40.8,94.8,87.5,176.0,76.7
0.9548184981074058,1.1459227508723113,0.6068582748953364,-0.39390439864443766,M,43.2,101.2,93.7,179.29999999999998,79.7
2.027650207486376,1.09204211402412,1.0898091373217582,-0.5317983119899652,L,45.1,104.5,93.5,182.4,77.9
-1.3037745742693756,-1.1440043151757842,-0.5927293511315717,-1.1753032409357622,M,39.2,96.3,85.2,171.6,69.5
-1.699028361935314,0.014429377060310465,-0.14093660886169565,-0.6390491334809317,M,38.5,98.2,89.5,174.5,76.5
0.16431092277552908,-0.5243769914215943,0.17064459270373547,-0.6543706794082128,M,41.8,103.0,87.5,176.5,76.3
-0.005083557652727914,0.6879373376626915,0.10832835239064836,-0.39390439864443766,L,41.5,105.7,92.0,176.1,79.7
-1.5860987083164733,-0.9284817677830229,-0.6083084112098422,0.44111985439236906,L,38.7,107.9,86.0,171.5,90.6
-1.4731690546976366,-0.36273508087702444,0.030433051999290587,-0.9378192790629092,S,38.9,95.5,88.1,175.6,72.6
-1.2473097474599593,-1.4672881362649277,-1.8234750973150253,-1.5583418891177838,S,39.3,95.3,84.0,163.7,64.5
-0.34387251850924594,-0.3896753993011181,-0.7796780720708285,-0.8075861386810216,M,40.9,100.2,88.0,170.4,74.3
1.4065371125827604,1.603908164081931,1.0586510171652168,2.0958468145387035,XL,44.0,113.9,95.4,182.20000000000002,112.2
0.10784609596611276,0.20301160602897791,0.20180271286027682,-0.5624414038445275,M,41.7,101.8,90.2,176.7,77.5
0.8418888444885652,0.6879373376626915,0.8561232361476848,-0.6084060416263696,M,43.0,98.6,92.0,180.9,76.9
0.5595647104414675,0.8226389297831677,0.3420142535647217,0.8701231403562341,L,42.5,106.5,92.5,177.6,96.2
-0.6261966525563436,0.8495792482072614,0.6847535752866986,0.5177275840287734,M,40.4,102.8,92.6,179.8,91.6
0.7289591908697245,0.9573405219036438,0.06159117215583636,-0.003204977498775909,L,42.8,104.4,93.0,175.8,84.8
-0.40033734531866627,-0.8207204940866404,-1.262628934497246,-0.7309784090446172,L,40.8,105.3,86.4,167.3,75.3
-0.4568021721280826,1.0651017956000264,0.9807557167738545,-0.35560053382623547,M,40.7,102.2,93.4,181.7,80.2
0.5595647104414675,-0.12027221506016574,-0.14093660886169565,0.6173176325561,XL,42.5,112.1,89.0,174.5,92.9
0.3337054032037901,-0.22803348875654822,-0.28114814956614054,-0.7846038197901004,M,42.1,100.5,88.6,173.6,74.6
-1.868422842363571,-0.03945125978788078,-0.0941994286268792,-0.1487596638079435,L,38.2,104.7,89.3,174.8,82.9
1.180677805345083,0.39159383499764533,0.31085613340818036,-0.1640812097352246,M,43.6,103.1,90.9,177.4,82.7
0.05138126915669242,-0.5243769914215943,-0.28114814956614054,-0.8458900034992237,M,41.6,102.3,87.5,173.6,73.8
-0.7391263061751803,-0.3896753993011181,-0.14093660886169565,-0.6467099064445717,M,40.2,102.7,88.0,174.5,76.4
-0.9649856134128616,-0.3896753993011181,-1.278207994575521,-0.6926745442264151,L,39.8,104.2,88.0,167.2,75.8
-2.2636766300295093,-1.8713929126263562,-2.21295159927181,-0.8229076846083027,M,37.5,103.7,82.5,161.20000000000002,74.1
0.16431092277552908,0.17607128760488036,-0.42135969027058096,-0.40922594457171874,L,41.8,107.7,90.1,172.70000000000002,79.5
0.39017023001321044,0.12219065075669296,-0.7485199519142872,-0.39390439864443766,M,42.2,103.4,89.9,170.6,79.7
-1.3037745742693756,-0.5243769914215943,-1.7923169771584797,-0.2943143501171122,L,39.2,107.5,87.5,163.9,81.0
0.4466350568226268,-0.03945125978788078,-0.6706246515229294,0.1270281628831117,L,42.3,108.8,89.3,171.1,86.5
1.2936074589639197,1.4961468903855486,1.0430719570869418,-1.2748932894630876,S,43.8,92.0,95.0,182.1,68.2
-0.23094286489040525,-0.012510941363783242,-0.26556908948786545,0.18831434659223495,L,41.1,106.0,89.4,173.70000000000002,87.3
2.0841150342957966,1.25368402456869,1.1832834977913866,0.15767125473767388,L,45.2,104.7,94.1,183.0,86.9
-1.4167042278882163,-1.7905719573540713,-1.7923169771584797,-1.098695511299358,M,39.0,102.6,82.8,163.9,70.5
2.705228129199408,1.2267437061445963,1.5571809396699048,0.18831434659223495,L,46.3,109.2,94.0,185.4,87.3
-1.021450440222278,-1.1440043151757842,-0.45251781042712674,-0.6620314523718528,M,39.7,103.3,85.2,172.5,76.2
-1.868422842363571,-1.0631833599034992,-0.5771502910532965,-1.2212678787176043,M,38.2,97.6,85.5,171.70000000000002,68.9
-0.1180132112715686,-0.551317309845688,-0.04746224839206719,-1.4893949324450195,M,41.3,96.0,87.4,175.1,65.4
-1.4167042278882163,-0.9284817677830229,-0.5459921708967552,0.1040458439921906,L,39.0,105.3,86.0,171.9,86.2
-1.0779152670316983,-0.2819141256047356,-0.5771502910532965,-1.7498612132087947,S,39.6,91.8,88.4,171.70000000000002,62.0
-0.34387251850924594,-0.5782576282697856,-0.5615712309750258,-1.5123772513359417,S,40.9,89.5,87.3,171.8,65.1
0.503099883632047,0.17607128760488036,-0.5927293511315717,-0.11811657195338243,L,42.4,108.5,90.1,171.6,83.3
-0.4568021721280826,-0.6321382651179768,-0.9977849131666312,-2.1558821802817376,XS,40.7,86.6,87.1,169.0,56.7
-0.17447803808098492,0.25689224287716916,0.23296083301681814,-0.04916961528061808,L,41.2,107.5,90.4,176.89999999999998,84.2
-0.17447803808098492,-0.7937801756625467,-0.5927293511315717,-0.6467099064445717,M,41.2,102.0,86.5,171.6,76.4
0.503099883632047,1.9541323035951685,0.71591169544324,-0.1794027556625057,L,42.4,106.4,96.7,180.0,82.5
1.011283324916822,0.8765195666313589,1.276757858261015,0.2879043951195604,L,43.3,108.1,92.7,183.6,88.6
1.1242129785356627,1.09204211402412,0.778227935756327,0.7475507729379864,XL,43.5,114.2,93.5,180.4,94.6
-1.9248876691729913,-1.3325865441444515,-1.1535755139493467,-0.2866535771534722,M,38.1,101.4,84.5,168.0,81.1
1.5759315930110176,1.2267437061445963,0.6224373349736114,-0.1564204367715846,L,44.3,105.7,94.0,179.4,82.8
0.39017023001321044,0.4454744718458328,0.7314907555215105,0.31854748697412255,L,42.2,108.6,91.1,180.1,89.0
-2.546000764076607,-0.7129592203902617,0.513383914425708,-1.5966457539359862,S,37.0,89.8,86.8,178.7,64.0
1.011283324916822,1.8194307114746924,1.276757858261015,0.6862645892288632,XL,43.3,113.7,96.2,183.6,93.8
1.5759315930110176,-0.551317309845688,-0.17209472901823697,2.3026876845569957,XXL,44.3,125.8,87.4,174.3,114.9
-1.6425635351258936,-0.5782576282697856,-0.12535754878342498,0.35685135179232474,L,38.6,108.7,87.3,174.6,89.5
-0.1180132112715686,0.6340567008145002,0.48222579426916656,-0.8152469116446616,S,41.3,95.0,91.8,178.5,74.2
0.8418888444885652,0.7687582929349764,-0.4369387503488561,1.1459109670472893,XL,43.0,116.8,92.3,172.6,99.8
-0.9649856134128616,-1.3325865441444515,-0.20325284917477832,-1.2748932894630876,S,39.8,91.4,84.5,174.10000000000002,68.2
-1.7554931887447343,-0.25497380718064194,0.778227935756327,-0.8075861386810216,S,38.4,94.7,88.5,180.4,74.3
0.16431092277552908,0.17607128760488036,0.528962974503983,-0.3096358960443933,M,41.8,99.8,90.1,178.8,80.8
1.7453260734392786,2.573759627349358,1.1677044377131158,0.8394800485016719,XL,44.6,113.3,99.0,182.9,95.8
0.8983536712979855,2.439058035228882,1.276757858261015,2.1111683604659848,XXL,43.1,125.1,98.5,183.6,112.4
1.5759315930110176,0.8226389297831677,0.7314907555215105,0.48708449217421235,L,44.3,108.1,92.5,180.1,91.2
0.39017023001321044,0.9573405219036438,0.9963347768521297,2.0498821767568605,L,42.2,111.1,93.0,181.8,111.6
-0.34387251850924594,-1.3325865441444515,-1.4807357755930486,-1.6043065268996266,S,40.9,94.2,84.5,165.9,63.9
-1.4731690546976366,-1.0901236783275927,0.3420142535647217,-0.24834971233527003,M,38.9,102.9,85.4,177.6,81.6
-0.6261966525563436,0.014429377060310465,-0.23441096933132408,0.09638507102854953,L,40.4,106.8,89.5,173.9,86.1
-0.8520559597940209,0.09525033233259542,-0.8108361922273742,0.4028159895741669,L,40.0,109.2,89.8,170.2,90.1
-0.7391263061751803,-0.9284817677830229,-1.3093661147320623,-0.26367125826255006,L,40.2,108.5,86.0,167.0,81.4
-0.34387251850924594,-0.06639157821197449,-0.18767378909651208,-0.7233176360809761,M,40.9,100.0,89.2,174.2,75.4
1.8582557270581153,1.1189824324482138,0.71591169544324,0.15001048177403278,L,44.8,108.2,93.6,180.0,86.8
0.22077574958494942,1.6577888009301185,1.1988625578696572,0.34919057882868476,L,41.9,108.8,95.6,183.1,89.4
0.7854240176791448,-0.4974366729975006,0.24853989309509325,-1.1982855598266833,S,42.9,94.9,87.6,177.0,69.2
0.16431092277552908,0.4724147902699303,-0.8887314926187276,0.1270281628831117,L,41.8,111.7,91.2,169.70000000000002,86.5
1.180677805345083,1.5500275272337398,0.37317237372126744,1.6208788907929965,L,43.6,110.0,95.2,177.8,106.0
-1.529633881507057,-0.6860189019661642,-0.7329408918360121,0.3798336706832458,XL,38.8,112.4,86.9,170.70000000000002,89.8
-1.0779152670316983,-0.25497380718064194,-0.2967272096444112,-0.4322082634626398,M,39.6,100.5,88.5,173.5,79.2
-1.3037745742693756,-1.817512275778165,-1.5586310759844106,-0.11811657195338243,L,39.2,107.9,82.7,165.39999999999998,83.3
-0.005083557652727914,0.7687582929349764,0.6224373349736114,-0.2943143501171122,M,41.5,102.6,92.3,179.4,81.0
-0.17447803808098492,0.14913096918078667,0.7003326353649693,0.9697131888835595,L,41.2,111.3,90.0,179.9,97.5
0.503099883632047,1.684729119354216,1.8376040210787945,-0.8765330953537848,S,42.4,95.1,95.7,187.20000000000002,73.4
-0.6826614793657639,0.06831001390850171,0.014853991921019917,-1.12933860315392,S,40.3,91.0,89.7,175.5,70.1
-0.2874076916998256,1.4422662535373574,0.6380163950518821,-0.9914446898083913,M,41.0,97.1,94.8,179.5,71.9
-0.5697318257469233,-0.22803348875654822,-0.4992549906619432,-0.6467099064445717,M,40.5,98.9,88.6,172.2,76.4
-2.0942821496012525,-0.6590785835420705,1.7129715404526202,-1.121677830190279,S,37.8,92.5,87.0,186.4,70.2
-0.4568021721280826,-1.73669132050588,-1.4651567155147778,-1.0374093275902345,M,40.7,98.3,83.0,166.0,71.3
-1.2473097474599593,-0.25497380718064194,0.7470698155997857,-0.04150884231697808,M,39.3,100.3,88.5,180.20000000000002,84.3
-2.4895359372671866,-0.6051979466938793,1.1988625578696572,-0.4398690364262809,M,37.1,96.3,87.2,183.1,79.1
-0.8520559597940209,-1.0362430414794055,-0.9043105526970028,-1.2059463327903244,S,40.0,92.9,85.6,169.6,69.1
0.7854240176791448,-0.3896753993011181,0.27969801325163457,-0.8075861386810216,M,42.9,97.1,88.0,177.2,74.3
-0.8520559597940209,-1.6019897283854039,-0.9510477329318148,-1.8188081698815586,M,40.0,96.3,83.5,169.3,61.1
0.05138126915669242,0.20301160602897791,-0.6394665313663837,-1.6732534835723905,S,41.6,89.4,90.2,171.3,63.0
-1.2473097474599593,-2.0060945047468324,-1.589789196140952,-1.343840246135852,M,39.3,96.1,82.0,165.2,67.3
-0.005083557652727914,0.3377131981494541,-0.6083084112098422,-0.6467099064445717,M,41.5,99.7,90.7,171.5,76.4
0.10784609596611276,0.8226389297831677,-0.6394665313663837,-0.2866535771534722,M,41.7,102.2,92.5,171.3,81.1
-0.23094286489040525,0.014429377060310465,-0.6862037116012001,-0.5624414038445275,M,41.1,102.8,89.5,171.0,77.5
-0.8520559597940209,-0.2010931703324507,-0.04746224839206719,0.14234970881039277,M,40.0,102.6,88.7,175.1,86.7
-2.037817322791832,-1.3864671809926428,-1.3405242348886082,-2.1558821802817376,XS,37.9,84.2,84.3,166.79999999999998,56.7
-0.005083557652727914,0.499355108694024,-0.5304131108184845,0.6632822703379421,L,41.5,109.3,91.3,172.0,93.5
-2.37660628364835,-1.1978849520239754,-1.3872614151234202,-1.5353595702268628,S,37.3,89.7,85.0,166.5,64.8
-0.17447803808098492,0.5532357455422152,-1.3093661147320623,-0.5701021768081674,L,41.2,108.2,91.5,167.0,77.4
0.7289591908697245,1.09204211402412,1.790866840843978,-0.6926745442264151,M,42.8,97.5,93.5,186.9,75.8
-1.529633881507057,-0.7937801756625467,-1.137996453871076,-1.0144270086993135,M,38.8,98.5,86.5,168.1,71.6
0.3337054032037901,1.9002516667469773,0.6847535752866986,0.2572613032649993,L,42.1,105.7,96.5,179.8,88.2
-0.6261966525563436,-0.847660812510738,-1.1224173937928055,-1.1829640138994022,S,40.4,93.2,86.3,168.2,69.4
-1.6425635351258936,-0.2819141256047356,-1.137996453871076,-0.9224977331356281,M,38.6,100.1,88.4,168.1,72.8
-0.2874076916998256,0.6879373376626915,0.9807557167738545,-0.6390491334809317,M,41.0,100.0,92.0,181.7,76.5
-0.005083557652727914,2.061893577291547,0.5912792148170701,1.8966667174840517,XXL,41.5,120.1,97.1,179.20000000000002,109.6
-1.3037745742693756,-0.2010931703324507,0.8093860559128684,-1.0603916464811556,S,39.2,92.4,88.7,180.6,71.0
0.9548184981074058,0.4724147902699303,0.18622365278200614,0.410476762537808,L,43.2,108.0,91.2,176.6,90.2
0.7289591908697245,0.06831001390850171,-0.24999002940959475,-0.5777629497718085,M,42.8,96.8,89.7,173.8,77.3
-0.5697318257469233,-0.5243769914215943,-1.0912592736362596,-1.2442501976085265,M,40.5,98.2,87.5,168.4,68.6
-1.8119580155541546,-1.4672881362649277,-1.247049874418975,-2.209507591027221,S,38.3,89.4,84.0,167.4,56.0
-2.037817322791832,0.2299519244530716,0.49780485434743726,-0.5088159930990441,M,37.9,99.4,90.3,178.6,78.2
-0.17447803808098492,-0.7398995388143554,-0.8887314926187276,-1.114017057226639,S,41.2,95.7,86.7,169.70000000000002,70.3
0.05138126915669242,0.6879373376626915,1.1832834977913866,0.7781938647925486,L,41.6,106.3,92.0,183.0,95.0
-0.005083557652727914,-0.9284817677830229,-0.8887314926187276,-1.7958258509906375,S,41.5,88.5,86.0,169.70000000000002,61.4
0.6160295372508878,0.36465351657354783,0.965176656695584,-0.7079960901536961,M,42.6,98.2,90.8,181.6,75.6
-0.5697318257469233,0.25689224287716916,-1.4651567155147778,-0.8688723223901448,M,40.5,96.8,90.4,166.0,73.5
-0.9085207866034413,0.12219065075669296,-1.137996453871076,-0.5164767660626852,L,39.9,104.6,89.9,168.1,78.1
-0.005083557652727914,0.9034598850554526,1.744129660609166,0.5330491299560545,L,41.5,108.3,92.8,186.60000000000002,91.8
-0.23094286489040525,-0.9284817677830229,-1.8546332174715667,-1.3898048839176942,S,41.1,94.9,86.0,163.5,66.7
-1.360239401078796,0.41853415342173905,-0.5771502910532965,-1.2059463327903244,S,39.1,95.1,91.0,171.70000000000002,69.1
1.5194667662016013,1.8733113483228836,0.762648875678052,1.1688932859382104,L,44.2,111.4,96.4,180.29999999999998,100.1
-0.2874076916998256,-0.7398995388143554,-2.0415819384108236,-1.0910347383357177,M,41.0,96.7,86.7,162.3,70.6
-0.5697318257469233,0.014429377060310465,-0.14093660886169565,-0.5471198579172464,M,40.5,102.3,89.5,174.5,77.7
1.1242129785356627,1.4153259351132637,0.71591169544324,-0.22536739344434786,M,43.5,97.8,94.7,180.0,81.9
-0.6826614793657639,-0.9015414493589292,-1.262628934497246,0.3032259410468415,L,40.3,105.5,86.1,167.3,88.8
-1.4731690546976366,-1.3325865441444515,0.09274929231237769,-0.19472430158978676,M,38.9,101.8,84.5,176.0,82.3
0.22077574958494942,2.5468193089252646,1.868762141235336,-0.6543706794082128,M,41.9,97.5,98.9,187.4,76.3
0.8983536712979855,0.5532357455422152,-0.23441096933132408,0.7552115459016275,XL,43.1,112.5,91.5,173.9,94.7
0.6724943640603082,0.041369695484404174,-0.01630412823552585,-0.39390439864443766,M,42.7,101.7,89.6,175.29999999999998,79.7
2.0841150342957966,1.684729119354216,1.3234950384958315,0.5330491299560545,L,45.2,106.1,95.7,183.9,91.8
-1.021450440222278,-0.22803348875654822,0.762648875678052,-0.1794027556625057,M,39.7,101.6,88.6,180.29999999999998,82.5
-1.360239401078796,-0.6051979466938793,-0.5304131108184845,-0.6696922253354939,L,39.1,107.1,87.2,172.0,76.1
-0.4568021721280826,0.4454744718458328,0.528962974503983,-0.21004584751706787,M,40.7,101.6,91.1,178.8,82.1
-0.4568021721280826,0.39159383499764533,0.2641189531733639,-1.114017057226639,S,40.7,94.4,90.9,177.1,70.3
-0.061548384462148255,-0.9015414493589292,-0.9822058530883605,-1.8417904887724803,S,41.4,89.6,86.1,169.1,60.8
-0.6261966525563436,-0.8746011309348317,-0.4836759305836681,-1.1599816950084811,M,40.4,97.8,86.2,172.3,69.7
0.6724943640603082,2.2504758062602144,1.339074098574102,-0.5317983119899652,M,42.7,98.9,97.8,184.0,77.9
0.22077574958494942,0.8226389297831677,0.6068582748953364,0.3032259410468415,L,41.9,109.5,92.5,179.29999999999998,88.8
-0.061548384462148255,0.41853415342173905,0.37317237372126744,-0.4168867175353587,M,41.4,101.1,91.0,177.8,79.4
2.1970446879146333,0.5262954271181215,1.0430719570869418,-0.04150884231697808,M,45.4,103.1,91.4,182.1,84.3
-1.9248876691729913,-1.1170639967516904,-1.075680213557989,-1.0833739653720766,M,38.1,96.3,85.3,168.5,70.7
-0.5132669989375029,0.014429377060310465,-0.4992549906619432,0.2802436221559204,L,40.6,109.4,89.5,172.2,88.5
-0.061548384462148255,1.0381614771759289,0.49780485434743726,1.8736843985931306,XL,41.4,114.8,93.3,178.6,109.3
-0.7955911329846006,-0.3357947624529269,0.4043304938778088,-0.7233176360809761,M,40.1,96.5,88.2,178.0,75.4
-0.34387251850924594,-0.012510941363783242,0.8872813563042261,-0.17174198269886568,M,40.9,103.6,89.4,181.1,82.6
1.5759315930110176,1.4961468903855486,0.513383914425708,0.34919057882868476,L,44.3,110.1,95.0,178.7,89.4
-0.4568021721280826,-0.09333189663607203,-0.0941994286268792,-0.5854237227354485,M,40.7,100.5,89.1,174.8,77.2
-1.699028361935314,-0.41661571772521183,1.1832834977913866,-1.0144270086993135,S,38.5,93.0,87.9,183.0,71.6
0.05138126915669242,-1.3325865441444515,-1.527472955827865,-1.2825540624267286,M,41.6,96.2,84.5,165.6,68.1
1.463001939392181,1.3345049798409787,0.965176656695584,0.3032259410468415,L,44.1,104.0,94.4,181.6,88.8
0.22077574958494942,0.2838325613012629,-0.20325284917477832,-0.8688723223901448,S,41.9,94.5,90.5,174.10000000000002,73.5
-0.7391263061751803,-0.12027221506016574,-0.14093660886169565,-0.4398690364262809,M,40.2,99.0,89.0,174.5,79.1
-0.2874076916998256,0.7148776560867851,0.6380163950518821,-0.2713320312261911,M,41.0,99.0,92.1,179.5,81.3
-1.021450440222278,-0.5243769914215943,-0.0941994286268792,-0.25601048529891,L,39.7,108.1,87.5,174.8,81.5
0.2772405763943698,0.25689224287716916,0.8093860559128684,-0.14109889084430352,M,42.0,100.6,90.4,180.6,83.0
-1.2473097474599593,-1.1170639967516904,-0.8731524325404614,-0.9531408249901892,M,39.3,97.2,85.3,169.79999999999998,72.4
-0.17447803808098492,-0.22803348875654822,0.575700154738795,-1.3208579272449308,S,41.2,91.2,88.6,179.1,67.6
-1.2473097474599593,-0.6590785835420705,-0.7952571321490992,-1.3898048839176942,S,39.3,92.5,87.0,170.3,66.7
-1.699028361935314,0.5801760639663089,-0.1565156689399663,-0.8305684575719426,M,38.5,99.2,91.6,174.4,74.0
-2.7718600713142845,-1.7905719573540713,-1.2003126941841586,-1.8571120346997607,S,36.6,93.4,82.8,167.70000000000002,60.6
0.2772405763943698,0.20301160602897791,-0.28114814956614054,-0.17174198269886568,L,42.0,104.6,90.2,173.6,82.6
-0.1180132112715686,0.7418179745108827,0.49780485434743726,-0.7769430468264593,M,41.3,99.3,92.2,178.6,74.7
1.5759315930110176,1.9541323035951685,1.6194971799829918,1.7051473933930408,XL,44.3,115.2,96.7,185.8,107.1
1.5759315930110176,1.4961468903855486,1.2300206780261986,0.1040458439921906,M,44.3,102.7,95.0,183.29999999999998,86.2
0.7289591908697245,2.061893577291547,2.2738177032703955,0.640299951447021,M,42.8,100.8,97.1,190.0,93.2
0.6724943640603082,0.12219065075669296,-0.17209472901823697,-0.9378192790629092,M,42.7,97.9,89.9,174.3,72.6
-1.9248876691729913,-1.1978849520239754,-0.32788532980095253,-1.3131971542812897,M,38.1,97.9,85.0,173.3,67.7
-0.40033734531866627,0.7148776560867851,-0.14093660886169565,0.1346889358467517,M,40.8,100.2,92.1,174.5,86.6
-0.9649856134128616,0.20301160602897791,0.762648875678052,-0.9454800520265492,M,39.8,98.2,90.2,180.29999999999998,72.5
0.7854240176791448,-0.12027221506016574,-0.6394665313663837,-0.5624414038445275,M,42.9,101.9,89.0,171.3,77.5
-0.061548384462148255,0.3377131981494541,0.17064459270373547,-0.6313883605172917,M,41.4,99.6,90.7,176.5,76.6
0.05138126915669242,0.31077287972535655,0.20180271286027682,0.3721728977196058,L,41.6,106.6,90.6,176.7,89.7
-0.40033734531866627,0.2838325613012629,0.29527707332990527,-1.114017057226639,M,40.8,100.2,90.5,177.29999999999998,70.3
0.6724943640603082,-0.766839857238453,0.09274929231237769,-0.7539607279355383,M,42.7,97.5,86.6,176.0,75.0
0.10784609596611276,-0.25497380718064194,-0.14093660886169565,-0.018526523426056995,L,41.7,105.7,88.5,174.5,84.6
-2.32014145683893,-0.36273508087702444,0.23296083301681814,-1.6809142565360309,S,37.4,95.2,88.1,176.89999999999998,62.9
-0.6261966525563436,-0.7937801756625467,-1.574210136062677,-1.6119672998632673,S,40.4,94.3,86.5,165.3,63.8
-0.8520559597940209,0.6609970192385978,1.5104437594350884,0.33386903290140363,L,40.0,105.6,91.9,185.1,89.2
-0.5697318257469233,-0.5243769914215943,0.2173817729385519,-1.336179473172211,S,40.5,90.2,87.5,176.8,67.4
-1.9248876691729913,0.8765195666313589,0.6847535752866986,-0.9761231438811113,S,38.1,92.1,92.7,179.8,72.1
0.10784609596611276,-0.766839857238453,-1.527472955827865,-1.2212678787176043,M,41.7,98.3,86.6,165.6,68.9
-0.9649856134128616,-0.012510941363783242,0.1394864725471897,-0.8535507764628637,S,39.8,95.5,89.4,176.29999999999998,73.7
0.503099883632047,0.6879373376626915,0.4199095539560795,-0.6390491334809317,M,42.4,100.4,92.0,178.1,76.5
-0.005083557652727914,0.8495792482072614,0.1550655326254648,-0.24068893937162894,M,41.5,99.2,92.6,176.4,81.7
1.463001939392181,-0.03945125978788078,-0.7796780720708285,-0.1564204367715846,L,44.1,106.1,89.3,170.4,82.8
-1.529633881507057,-0.09333189663607203,-0.6083084112098422,-1.2825540624267286,M,38.8,98.0,89.1,171.5,68.1
-0.1180132112715686,-0.4974366729975006,0.31085613340818036,0.3032259410468415,L,41.3,106.7,87.6,177.4,88.8
-1.4731690546976366,-1.0362430414794055,-1.137996453871076,-0.4245474904989998,L,38.9,107.4,85.6,168.1,79.3
-0.9649856134128616,-0.25497380718064194,0.49780485434743726,0.07340275213762844,L,39.8,106.2,88.5,178.6,85.8
-0.17447803808098492,-1.3595268625685453,-1.137996453871076,-1.3744833379904131,M,41.2,97.9,84.4,168.1,66.9
-0.1180132112715686,0.41853415342173905,0.8405441760694141,-0.9684623709174702,S,41.3,91.7,91.0,180.8,72.2
-2.2636766300295093,-1.2787059072962603,-1.6209473162974934,-1.1446601490812,M,37.5,96.4,84.7,165.0,69.9
-1.4731690546976366,-0.09333189663607203,-1.247049874418975,0.31088671401048257,M,38.9,99.5,89.1,167.4,88.9
-2.4330711104577665,-2.410199281108261,-2.337584079897984,-1.098695511299358,M,37.2,99.8,80.5,160.4,70.5
-1.0779152670316983,-1.1978849520239754,-1.278207994575521,-1.4051264298449753,S,39.6,95.3,85.0,167.2,66.5
-1.0779152670316983,-0.14721253348425944,0.18622365278200614,-0.5011552201354041,M,39.6,98.0,88.9,176.6,78.3
0.9548184981074058,0.7418179745108827,1.728550600530891,0.9467308699926384,L,43.2,106.9,92.2,186.5,97.2
-0.7955911329846006,0.8226389297831677,0.8093860559128684,-0.10279502602610134,L,40.1,111.3,92.5,180.6,83.5
-0.8520559597940209,0.39159383499764533,-0.2188319092530534,-0.24834971233527003,L,40.0,108.0,90.9,174.0,81.6
-0.1180132112715686,-0.5782576282697856,-0.6394665313663837,-0.24834971233527003,L,41.3,108.8,87.3,171.3,81.6
-1.021450440222278,-1.2787059072962603,-0.2188319092530534,-1.2519109705721665,S,39.7,95.1,84.7,174.0,68.5
-0.061548384462148255,-0.17415285190835697,-0.2188319092530534,0.012116568428505179,M,41.4,100.2,88.8,174.0,85.0
1.011283324916822,1.3345049798409787,0.3420142535647217,-0.9608015979538302,M,43.3,96.2,94.4,177.6,72.3
0.503099883632047,2.304356443108406,1.5260228195133634,0.6632822703379421,L,42.4,108.8,98.0,185.20000000000002,93.5
0.3337054032037901,1.09204211402412,1.5416018795916342,-0.9684623709174702,S,42.1,94.9,93.5,185.3,72.2
1.4065371125827604,1.5769678456578335,2.5230826645227395,2.0268998578659394,XL,44.0,113.3,95.3,191.6,111.3
1.7453260734392786,1.3075646614168812,1.370232218730648,2.195436863066029,XL,44.6,119.4,94.3,184.20000000000002,113.5
-0.1180132112715686,-0.12027221506016574,-0.01630412823552585,-0.470512128280842,M,41.3,99.4,89.0,175.29999999999998,78.7
-0.7391263061751803,-0.30885444402883316,0.1550655326254648,-1.3591617920631331,M,40.2,97.6,88.3,176.4,67.1
-0.005083557652727914,0.09525033233259542,0.824965115991139,0.7705330918289086,L,41.5,109.5,89.8,180.7,94.9
-0.7955911329846006,0.6340567008145002,0.8717022962259554,0.46410217328329123,L,40.1,106.3,91.8,181.0,90.9
-0.061548384462148255,-0.766839857238453,-1.7300007368453925,-1.8724335806270418,S,41.4,95.6,86.6,164.3,60.4
0.8418888444885652,0.3377131981494541,0.1550655326254648,-0.1870635286261457,M,43.0,103.8,90.7,176.4,82.4
-1.4167042278882163,-0.30885444402883316,0.29527707332990527,0.2802436221559204,L,39.0,105.7,88.3,177.29999999999998,88.5
0.5595647104414675,-0.06639157821197449,0.35759331364299235,-0.5241375390263252,M,42.5,100.1,89.2,177.7,78.0
-0.7391263061751803,0.06831001390850171,-0.623887471288113,-1.0067662357356724,S,40.2,94.0,89.7,171.4,71.7
-0.17447803808098492,0.014429377060310465,0.5601210946605244,-0.5777629497718085,M,41.2,99.4,89.5,179.0,77.3
0.4466350568226268,0.6609970192385978,1.7597087206874324,-0.31729666900803327,M,42.3,99.8,91.9,186.7,80.7
-0.6261966525563436,-1.9791541863227389,-0.8887314926187276,-0.5547806308808874,L,40.4,106.2,82.1,169.70000000000002,77.6
-0.34387251850924594,0.041369695484404174,0.6535954551301528,0.6939253621925043,M,40.9,102.8,89.6,179.6,93.9
1.2936074589639197,0.5532357455422152,1.2455997381044737,0.8931054592471551,L,43.8,108.2,91.5,183.4,96.5
-0.17447803808098492,-0.22803348875654822,-0.42135969027058096,-0.26367125826255006,M,41.2,102.2,88.6,172.70000000000002,81.4
1.801790900248699,1.8194307114746924,1.0119138369304004,0.7245684540470654,L,44.7,107.9,96.2,181.9,94.3
0.6160295372508878,0.41853415342173905,0.528962974503983,-0.1334381178806635,L,42.6,104.4,91.0,178.8,83.1
0.16431092277552908,0.7956986113590739,-0.10977848870514988,-0.21004584751706787,L,41.8,104.4,92.4,174.70000000000002,82.1
1.5759315930110176,0.6340567008145002,-0.18767378909651208,0.5636922218106167,L,44.3,105.6,91.8,174.2,92.2
1.4065371125827604,0.6879373376626915,0.6691745152084235,1.4600026585565478,XXL,44.0,120.5,92.0,179.7,103.9
-0.23094286489040525,-0.6590785835420705,0.45106767411262083,-0.6467099064445717,M,41.1,97.7,87.0,178.29999999999998,76.4
-0.7391263061751803,-1.89833323105045,-0.4680968705053974,-1.4357695216995374,S,40.2,90.5,82.4,172.4,66.1
2.1970446879146333,1.1998033877205025,1.7597087206874324,0.9467308699926384,L,45.4,109.7,93.9,186.7,97.2
-1.3037745742693756,-1.7097510020817863,-1.1535755139493467,-1.7881650780269969,S,39.2,94.2,83.1,168.0,61.5
-1.0779152670316983,0.20301160602897791,-0.0007250681572507532,-0.9301585060992681,M,39.6,98.7,90.2,175.4,72.7
-2.658930417695448,-2.81430405746969,-2.026002878332553,-1.4664126135540985,S,36.8,93.2,79.0,162.4,65.7
-1.8119580155541546,-1.4672881362649277,-1.9481075779411952,-1.2442501976085265,M,38.3,96.8,84.0,162.9,68.6
0.22077574958494942,0.17607128760488036,0.6224373349736114,-1.2059463327903244,S,41.9,93.9,90.1,179.4,69.1
-2.1507469764106686,-2.0060945047468324,-2.586849041150328,-0.9071761872083469,M,37.7,101.7,82.0,158.8,73.0
0.10784609596611276,1.5230872088096423,-0.24999002940959475,-0.8458900034992237,M,41.7,96.4,95.1,173.8,73.8
0.05138126915669242,1.0651017956000264,0.8093860559128684,0.1193673899194717,M,41.6,101.0,93.4,180.6,86.4
1.1242129785356627,0.9842808403277375,0.6847535752866986,-0.5164767660626852,M,43.5,97.1,93.1,179.8,78.1
-0.23094286489040525,-0.7129592203902617,-2.0104238182542824,-0.470512128280842,M,41.1,103.2,86.8,162.5,78.7
0.503099883632047,-0.25497380718064194,-0.7173618317577458,1.6055573448657154,XL,42.4,118.3,88.5,170.79999999999998,105.8
-0.40033734531866627,-0.4974366729975006,-1.1691545740276175,0.09638507102854953,L,40.8,104.4,87.6,167.9,86.1
-1.021450440222278,0.09525033233259542,-0.06304130847033786,-0.07215193417153917,L,39.7,104.4,89.8,175.0,83.9
1.632396419820438,1.172863069296405,0.6535954551301528,0.8088369566471109,XL,44.4,114.9,93.8,179.6,95.4
-0.1180132112715686,1.2806243429927875,1.3858112788089185,-0.7386391820082572,M,41.3,97.6,94.2,184.3,75.2
0.16431092277552908,-0.7129592203902617,-0.18767378909651208,-0.026187296389696996,L,41.8,107.8,86.8,174.2,84.5
-2.1507469764106686,-1.521168773113119,-1.3561032949668743,-0.5930844956990896,M,37.7,103.9,83.8,166.70000000000002,77.1
-0.17447803808098492,-1.1978849520239754,-1.0133639732449018,-0.9608015979538302,M,41.2,102.4,85.0,168.9,72.3
1.4065371125827604,1.765550074626501,1.3858112788089185,-0.31729666900803327,M,44.0,102.1,96.0,184.3,80.7
1.5194667662016013,2.3582370799565973,2.1336061625659504,0.9850347348108406,L,44.2,107.5,98.2,189.1,97.7
1.2936074589639197,1.684729119354216,2.663294205227184,1.2225186966836936,L,43.8,106.8,95.7,192.5,100.8
0.6724943640603082,0.499355108694024,-0.5771502910532965,1.6132181178293565,XL,42.7,116.1,91.3,171.70000000000002,105.9
0.2772405763943698,0.6879373376626915,0.7003326353649693,0.8088369566471109,XL,42.0,115.6,92.0,179.9,95.4
-0.7955911329846006,-0.17415285190835697,-0.9198896127752734,0.8241585025743908,XL,40.1,112.9,88.8,169.5,95.6
1.5759315930110176,1.7386097562024072,0.29527707332990527,2.7316909705208596,XXL,44.3,126.6,95.9,177.29999999999998,120.5
-0.9649856134128616,-0.6051979466938793,0.8093860559128684,0.21129666548315604,L,39.8,105.9,87.2,180.6,87.6
-0.6261966525563436,-0.2010931703324507,-0.45251781042712674,0.7092469081197843,XL,40.4,118.8,88.7,172.5,94.1
0.3337054032037901,-0.36273508087702444,-1.215891754262434,-0.07981270713518025,L,42.1,110.9,88.1,167.6,83.8
-0.7391263061751803,-0.5243769914215943,-0.5927293511315717,0.08872429806490953,L,40.2,105.8,87.5,171.6,86.0
0.39017023001321044,1.6577888009301185,1.0119138369304004,1.1765540589018515,XL,42.2,115.3,95.6,181.9,100.2
-1.2473097474599593,-0.8746011309348317,-0.23441096933132408,-0.3862436256807976,M,39.3,102.7,86.2,173.9,79.8
-0.005083557652727914,-0.06639157821197449,0.37317237372126744,-0.2713320312261911,M,41.5,98.0,89.2,177.8,81.3
0.7854240176791448,0.31077287972535655,-0.4057806301923103,0.6786038162652231,L,42.9,109.1,90.6,172.8,93.7
-0.6261966525563436,0.14913096918078667,-1.324945174810333,-0.6543706794082128,M,40.4,101.1,90.0,166.9,76.3
-0.40033734531866627,-2.329378325835976,-0.8887314926187276,-1.7038965754269522,S,40.8,95.3,80.8,169.70000000000002,62.6
0.8418888444885652,0.39159383499764533,0.29527707332990527,0.2955651680832015,XL,43.0,112.3,90.9,177.29999999999998,88.7
-1.360239401078796,-1.0093027230553078,0.1550655326254648,-1.0603916464811556,M,39.1,96.3,85.7,176.4,71.0
-0.9649856134128616,-0.766839857238453,-0.5927293511315717,0.2955651680832015,L,39.8,107.9,86.6,171.6,88.7
0.22077574958494942,-0.17415285190835697,0.7470698155997857,-0.24068893937162894,M,41.9,100.4,88.8,180.20000000000002,81.7
1.4065371125827604,1.765550074626501,-0.7329408918360121,-0.5088159930990441,L,44.0,105.2,96.0,170.70000000000002,78.2
0.05138126915669242,0.5532357455422152,0.8093860559128684,-0.05683038824425917,M,41.6,100.4,91.5,180.6,84.1
-1.8119580155541546,-1.4134074994167365,-0.6550455914446587,-2.2937760936272658,XS,38.3,86.9,84.2,171.2,54.9
1.463001939392181,2.3582370799565973,1.8064459009222489,1.8660236256294906,XL,44.1,119.7,98.2,187.0,109.2
-0.2874076916998256,-0.47049635457340305,0.27969801325163457,-1.4204479757722563,S,41.0,90.0,87.7,177.2,66.3
-0.005083557652727914,0.7687582929349764,0.7938069958345977,1.7128081663566819,XXL,41.5,121.3,92.3,180.5,107.2
1.801790900248699,0.7687582929349764,1.027492897008671,2.2873661386297144,XXL,44.7,123.7,92.3,182.0,114.7
-0.7955911329846006,-0.12027221506016574,-1.1847336341058925,0.08106352510126952,XL,40.1,117.2,89.0,167.79999999999998,85.9
1.4065371125827604,1.3614452982650724,1.6194971799829918,0.9773739618471995,XL,44.0,114.1,94.5,185.8,97.6
-0.7391263061751803,0.6879373376626915,0.29527707332990527,0.16533202770131386,L,40.2,105.4,92.0,177.29999999999998,87.0
0.39017023001321044,0.6879373376626915,1.0430719570869418,-1.1599816950084811,XS,42.2,87.6,92.0,182.1,69.7
2.648763302389992,1.172863069296405,1.432548459043735,0.7169076810834254,L,46.2,106.0,93.8,184.60000000000002,94.2
-0.7391263061751803,-1.3595268625685453,-0.26556908948786545,-1.7498612132087947,S,40.2,91.0,84.4,173.70000000000002,62.0
0.5595647104414675,-0.7937801756625467,-0.26556908948786545,0.7015861351561443,XL,42.5,113.1,86.5,173.70000000000002,94.0
-0.17447803808098492,-0.4435560361493094,-0.9510477329318148,-0.8688723223901448,M,41.2,98.6,87.8,169.3,73.5
0.9548184981074058,-0.22803348875654822,0.43548861403435013,-0.3019751230807522,M,43.2,102.9,88.6,178.2,80.9
0.22077574958494942,0.5801760639663089,0.07717023223410259,1.5059672963383899,XXL,41.9,120.2,91.6,175.89999999999998,104.5
1.971185380676956,-0.12027221506016574,-0.3434643898792276,1.6898258474657608,XXL,45.0,121.7,89.0,173.2,106.9
-0.40033734531866627,-1.4672881362649277,-0.7329408918360121,-0.17174198269886568,L,40.8,108.6,84.0,170.70000000000002,82.6
-0.23094286489040525,0.12219065075669296,-0.04746224839206719,-1.0374093275902345,M,41.1,96.7,89.9,175.1,71.3
0.3337054032037901,-0.06639157821197449,0.1394864725471897,0.44878062735601015,L,42.1,105.2,89.2,176.29999999999998,90.7
0.05138126915669242,-0.17415285190835697,0.778227935756327,0.21129666548315604,L,41.6,105.8,88.8,180.4,87.6
1.463001939392181,0.41853415342173905,-0.18767378909651208,2.1418114523205456,XL,44.1,119.7,91.0,174.2,112.8
0.8983536712979855,-0.5243769914215943,1.074230077243483,1.6438612096839176,XXL,43.1,123.7,87.5,182.29999999999998,106.3
-1.9248876691729913,-1.1440043151757842,0.824965115991139,-1.343840246135852,S,38.1,94.6,85.2,180.7,67.3
0.7289591908697245,0.6879373376626915,0.326435193486451,0.34152980586504367,XL,42.8,117.7,92.0,177.5,89.3
-0.005083557652727914,0.6879373376626915,0.6691745152084235,-0.49349444717176305,M,41.5,103.0,92.0,179.7,78.4
-0.9085207866034413,-0.3896753993011181,-0.3590434499574939,-1.0067662357356724,M,39.9,97.0,88.0,173.10000000000002,71.7
0.7289591908697245,-0.6590785835420705,-0.1565156689399663,-0.5547806308808874,S,42.8,92.1,87.0,174.4,77.6
0.3337054032037901,-0.847660812510738,-1.262628934497246,-0.7616215008991782,M,42.1,101.7,86.3,167.3,74.9
-1.7554931887447343,-1.2787059072962603,-1.652105436454039,-1.1829640138994022,S,38.4,94.8,84.7,164.79999999999998,69.4
1.8582557270581153,2.2774161246843123,1.7752877807657075,-0.36326130678987656,M,44.8,98.8,97.9,186.8,80.1
0.2772405763943698,0.4724147902699303,0.29527707332990527,-0.5394590849536063,M,42.0,101.7,91.2,177.29999999999998,77.8
2.1405798611052127,1.8194307114746924,2.632136085070643,0.5790137677378978,L,45.3,106.6,96.2,192.3,92.4
-1.868422842363571,1.2267437061445963,0.3887514337995337,0.2802436221559204,L,38.2,106.6,94.0,177.89999999999998,88.5
-0.17447803808098492,0.9034598850554526,0.8872813563042261,-0.700335317190055,M,41.2,97.7,92.8,181.1,75.7
-0.1180132112715686,-0.25497380718064194,-0.6083084112098422,0.6862645892288632,L,41.3,110.8,88.5,171.5,93.8
-0.4568021721280826,-0.17415285190835697,-0.10977848870514988,0.5790137677378978,XL,40.7,112.7,88.8,174.70000000000002,92.4
0.4466350568226268,0.2299519244530716,-0.1565156689399663,0.3032259410468415,L,42.3,111.1,90.3,174.4,88.8
-0.6826614793657639,-0.22803348875654822,0.45106767411262083,-1.4357695216995374,S,40.3,94.0,88.6,178.29999999999998,66.1
0.39017023001321044,0.9842808403277375,0.1550655326254648,0.47176294624693127,XL,42.2,114.5,93.1,176.4,91.0
-0.4568021721280826,0.5262954271181215,-0.8264152523056449,-0.3019751230807522,L,40.7,109.1,91.4,170.1,80.9
-0.9085207866034413,-0.4974366729975006,-0.4680968705053974,-1.7422004402451543,S,39.9,88.0,87.6,172.4,62.1
0.7289591908697245,0.2838325613012629,0.17064459270373547,-0.4015651716080787,M,42.8,103.8,90.5,176.5,79.6
0.39017023001321044,-1.3325865441444515,-1.9325285178629246,-1.6272888457905477,S,42.2,91.4,84.5,163.0,63.6
0.16431092277552908,0.4454744718458328,-0.6394665313663837,-1.8417904887724803,S,41.8,89.2,91.1,171.3,60.8
2.5358336487711512,2.2504758062602144,1.3079159784175607,2.7699948353390615,XXL,46.0,122.6,97.8,183.8,121.0
-0.7955911329846006,-0.9823624046312142,-0.7796780720708285,0.05042043324670735,XL,40.1,115.2,85.8,170.4,85.5
-1.021450440222278,-0.9284817677830229,0.27969801325163457,-0.7999253657173805,M,39.7,98.2,86.0,177.2,74.4
0.4466350568226268,0.6340567008145002,0.7938069958345977,0.49474526513785233,L,42.3,110.6,91.8,180.5,91.3
1.35007228577334,0.8495792482072614,0.7938069958345977,1.728129712283963,XL,43.9,115.9,92.6,180.5,107.4
-0.9649856134128616,-0.6590785835420705,-1.1535755139493467,-1.0374093275902345,M,39.8,99.9,87.0,168.0,71.3
0.05138126915669242,1.9810726220192623,1.3234950384958315,0.410476762537808,M,41.6,101.1,96.8,183.9,90.2
-0.40033734531866627,0.499355108694024,-0.4836759305836681,-0.1487596638079435,L,40.8,106.0,91.3,172.3,82.9
-1.360239401078796,-0.3896753993011181,0.71591169544324,0.15767125473767388,L,39.1,105.7,88.0,180.0,86.9
-0.005083557652727914,1.1998033877205025,1.6662343602178038,0.1346889358467517,M,41.5,99.7,93.9,186.1,86.6
0.3337054032037901,-0.30885444402883316,-0.4680968705053974,-0.5854237227354485,L,42.1,107.3,88.3,172.4,77.2
0.6724943640603082,0.5532357455422152,0.9028604163825013,-0.36326130678987656,M,42.7,100.2,91.5,181.20000000000002,80.1
-0.6826614793657639,-0.9284817677830229,-1.4028404752016908,-0.9454800520265492,M,40.3,99.4,86.0,166.4,72.5
-1.8119580155541546,-0.766839857238453,-0.7485199519142872,-1.3898048839176942,S,38.3,94.1,86.6,170.6,66.7
-1.9248876691729913,-1.1978849520239754,-1.0445220934014432,-1.2902148353903686,S,38.1,94.2,85.0,168.70000000000002,68.0
0.7289591908697245,2.3851773983806908,1.6194971799829918,1.766433577102165,XL,42.8,115.7,98.3,185.8,107.9
-0.2874076916998256,-1.2787059072962603,-1.9481075779411952,-0.7922645927537405,M,41.0,99.1,84.7,162.9,74.5
0.05138126915669242,0.41853415342173905,1.5883390598264506,-0.4322082634626398,M,41.6,97.5,91.0,185.60000000000002,79.2
1.0677481517262424,0.7956986113590739,0.04601211207756126,1.559592707083873,XL,43.4,116.7,92.4,175.7,105.2
-0.061548384462148255,0.06831001390850171,-0.06304130847033786,-1.4204479757722563,S,41.4,92.9,89.7,175.0,66.3
-1.6425635351258936,0.41853415342173905,-0.2967272096444112,0.4334590814287291,XL,38.6,112.6,91.0,173.5,90.5
-0.7391263061751803,-0.9823624046312142,-0.23441096933132408,-2.002666721008929,XS,40.2,86.4,85.8,173.9,58.7
-0.5132669989375029,-1.817512275778165,-1.8702122775498418,-1.2365894246448854,M,40.6,97.2,82.7,163.39999999999998,68.7
-1.3037745742693756,0.31077287972535655,0.27969801325163457,1.8507020797022096,XXL,39.2,123.5,90.6,177.2,109.0
-1.4731690546976366,-2.1407960968673088,-2.399900320211071,-2.086935223608974,S,38.9,89.0,81.5,160.0,57.6
-0.4568021721280826,-1.0631833599034992,-1.5118938957495942,0.5636922218106167,L,40.7,105.8,85.5,165.7,92.2
1.6888612466298583,2.1696548509879294,2.24265958311385,-0.25601048529891,M,44.5,98.3,97.5,189.79999999999998,81.5
0.6160295372508878,1.9810726220192623,1.1832834977913866,0.48708449217421235,M,42.6,101.9,96.8,183.0,91.2
-0.4568021721280826,-0.9284817677830229,-0.6550455914446587,0.012116568428505179,L,40.7,108.4,86.0,171.2,85.0
0.22077574958494942,-0.14721253348425944,-0.9510477329318148,0.5483706758833355,L,41.9,110.4,88.9,169.3,92.0
-0.6261966525563436,0.06831001390850171,0.9807557167738545,-0.8382292305355826,M,40.4,101.7,89.7,181.7,73.9
0.6724943640603082,1.3614452982650724,0.5601210946605244,1.6362004367202776,XL,42.7,117.5,94.5,179.0,106.2
1.971185380676956,0.9573405219036438,0.5445420345822537,1.536610388192952,XXL,45.0,120.6,93.0,178.9,104.9
0.7289591908697245,0.41853415342173905,-0.4057806301923103,-1.4434302946631774,S,42.8,95.3,91.0,172.8,66.0
-0.5697318257469233,-1.3864671809926428,-1.0912592736362596,-1.7345396672815137,S,40.5,91.4,84.3,168.4,62.2
1.0677481517262424,1.5769678456578335,1.6662343602178038,1.32976951817466,L,43.4,110.1,95.3,186.1,102.2
-0.1180132112715686,0.4724147902699303,0.1394864725471897,-1.1599816950084811,S,41.3,91.5,91.2,176.29999999999998,69.7
0.2772405763943698,0.4454744718458328,-0.06304130847033786,-0.4245474904989998,M,42.0,98.6,91.1,175.0,79.3
-1.1343800938411186,0.6071163823904066,0.1394864725471897,0.3874944436468869,L,39.5,108.8,91.7,176.29999999999998,89.9
-0.1180132112715686,0.4454744718458328,1.5571809396699048,-0.9301585060992681,S,41.3,94.8,91.1,185.4,72.7
-0.9085207866034413,-0.766839857238453,-1.324945174810333,-1.2136071057539644,M,39.9,96.3,86.6,166.9,69.0
2.648763302389992,1.7924903930505947,1.6194971799829918,2.233740727884231,XXL,46.2,121.1,96.1,185.8,114.0
-0.34387251850924594,0.25689224287716916,0.49780485434743726,1.1229286481563683,XL,40.9,116.2,90.4,178.6,99.5
1.0677481517262424,0.5532357455422152,-0.6550455914446587,0.2955651680832015,L,43.4,109.1,91.5,171.2,88.7
-0.2874076916998256,-0.17415285190835697,-0.03188318831379652,0.34919057882868476,L,41.0,106.9,88.8,175.2,89.4
-0.40033734531866627,-0.7129592203902617,-1.574210136062677,-0.04916961528061808,L,40.8,107.7,86.8,165.3,84.2
-0.4568021721280826,-0.25497380718064194,-1.0445220934014432,-0.3402789878989544,M,40.7,100.6,88.5,168.70000000000002,80.4
-1.190844920650539,-0.7937801756625467,-1.0133639732449018,-0.677352998299134,M,39.4,99.7,86.5,168.9,76.0
1.0677481517262424,0.499355108694024,-1.247049874418975,0.49474526513785233,L,43.4,109.0,91.3,167.4,91.3
-0.8520559597940209,-0.12027221506016574,1.0119138369304004,-1.343840246135852,S,40.0,93.1,89.0,181.9,67.3
-0.7955911329846006,-0.7129592203902617,0.528962974503983,0.06574197917398844,M,40.1,103.7,86.8,178.8,85.7
-0.2874076916998256,0.14913096918078667,-1.1691545740276175,-1.2289286516812454,M,41.0,96.4,90.0,167.9,68.8
0.05138126915669242,0.3377131981494541,0.1394864725471897,0.2802436221559204,L,41.6,108.7,90.7,176.29999999999998,88.5
-0.34387251850924594,0.14913096918078667,-0.32788532980095253,-1.0757131924084367,M,40.9,96.4,90.0,173.3,70.8
-0.8520559597940209,-1.1978849520239754,-0.7952571321490992,-0.8075861386810216,M,40.0,101.1,85.0,170.3,74.3
0.7289591908697245,-0.12027221506016574,0.9340185365390425,1.0463209185199638,L,42.8,108.1,89.0,181.4,98.5
-0.17447803808098492,0.6879373376626915,1.1053881974000288,0.410476762537808,L,41.2,109.5,92.0,182.5,90.2
-0.005083557652727914,1.7116694377783097,0.9495975966173132,0.027438114355786265,M,41.5,98.1,95.8,181.5,85.2
-0.40033734531866627,0.06831001390850171,0.37317237372126744,0.019777341392145178,M,40.8,102.0,89.7,177.8,85.1
-2.658930417695448,-1.224825270448069,-0.1565156689399663,-1.2519109705721665,M,36.8,96.3,84.9,174.4,68.5
-1.529633881507057,-0.3357947624529269,0.4199095539560795,1.6591827556111987,XXL,38.8,120.5,88.2,178.1,106.5
0.4466350568226268,0.2838325613012629,-0.5927293511315717,1.49830652337475,XL,42.3,118.1,90.5,171.6,104.4
1.632396419820438,0.41853415342173905,0.18622365278200614,0.9160877781380763,XL,44.4,114.9,91.0,176.6,96.8
1.801790900248699,1.1459227508723113,-0.28114814956614054,0.410476762537808,L,44.7,109.2,93.7,173.6,90.2
1.632396419820438,1.765550074626501,0.8717022962259554,0.6862645892288632,XL,44.4,115.7,96.0,181.0,93.8
0.503099883632047,0.6879373376626915,1.3234950384958315,0.6096568595924589,L,42.4,108.4,92.0,183.9,92.8
-0.4568021721280826,-0.3896753993011181,-1.3405242348886082,0.18831434659223495,L,40.7,108.4,88.0,166.79999999999998,87.3
-1.0779152670316983,-0.12027221506016574,0.4666467341908959,-0.6084060416263696,L,39.6,104.8,89.0,178.4,76.9
1.463001939392181,0.6071163823904066,0.04601211207756126,0.33386903290140363,L,44.1,108.3,91.7,175.7,89.2
0.4466350568226268,0.6609970192385978,0.35759331364299235,0.877783913319874,XL,42.3,118.4,91.9,177.7,96.3
-0.23094286489040525,0.5532357455422152,-0.07862036854860853,0.7552115459016275,L,41.1,111.5,91.5,174.9,94.7
-0.4568021721280826,-0.12027221506016574,1.370232218730648,-1.4051264298449753,S,40.7,94.6,89.0,184.20000000000002,66.5
-0.34387251850924594,-0.12027221506016574,0.43548861403435013,-0.7233176360809761,M,40.9,98.0,89.0,178.2,75.4
0.4466350568226268,-0.12027221506016574,-0.3123062697226819,0.6632822703379421,XL,42.3,112.3,89.0,173.4,93.5
1.180677805345083,1.5230872088096423,2.227080523035579,0.7781938647925486,XL,43.6,112.1,95.1,189.7,95.0
-0.005083557652727914,-1.73669132050588,-1.6209473162974934,-0.20238507455342677,XL,41.5,112.7,83.0,165.0,82.2
1.7453260734392786,1.3883856166891662,0.09274929231237769,1.559592707083873,XL,44.6,116.7,94.6,176.0,105.2
1.7453260734392786,1.9271919851710708,1.2923369183392857,-0.7769430468264593,M,44.6,99.2,96.6,183.7,74.7
0.3337054032037901,0.7956986113590739,-0.5615712309750258,-0.026187296389696996,L,42.1,104.2,92.4,171.8,84.5
-0.7391263061751803,-0.47049635457340305,-1.5586310759844106,-0.04150884231697808,L,40.2,110.2,87.7,165.39999999999998,84.3
-1.4731690546976366,0.41853415342173905,1.2455997381044737,0.5866745407015378,L,38.9,110.6,91.0,183.4,92.5
0.16431092277552908,0.7418179745108827,0.8717022962259554,0.5943353136651778,L,41.8,104.4,92.2,181.0,92.6
-0.9649856134128616,-0.8207204940866404,-0.4992549906619432,-0.7539607279355383,M,39.8,96.7,86.4,172.2,75.0
-1.529633881507057,-1.0093027230553078,-1.6832635566105805,-0.8841938683174259,M,38.8,101.5,85.7,164.6,73.3
-0.23094286489040525,-0.9284817677830229,-0.4057806301923103,-0.25601048529891,L,41.1,105.7,86.0,172.8,81.5
0.22077574958494942,-0.5782576282697856,0.10832835239064836,0.20363589251951605,L,41.9,107.7,87.3,176.1,87.5
-0.34387251850924594,-0.14721253348425944,0.4043304938778088,-0.6007452686627296,M,40.9,96.6,88.9,178.0,77.0
-0.40033734531866627,-0.3896753993011181,-0.5459921708967552,0.15767125473767388,XL,40.8,115.2,88.0,171.9,86.9
0.05138126915669242,0.041369695484404174,1.1832834977913866,0.012116568428505179,M,41.6,98.3,89.6,183.0,85.0
0.5595647104414675,0.9573405219036438,-0.04746224839206719,0.8701231403562341,XL,42.5,118.2,93.0,175.1,96.2
1.8582557270581153,0.31077287972535655,0.06159117215583636,-0.2866535771534722,M,44.8,102.9,90.6,175.8,81.1
0.05138126915669242,-0.3896753993011181,-1.137996453871076,0.06574197917398844,XL,41.6,112.2,88.0,168.1,85.7
-0.8520559597940209,0.9842808403277375,0.7938069958345977,0.2342789843740782,L,40.0,104.2,93.1,180.5,87.9
1.4065371125827604,0.5801760639663089,0.18622365278200614,0.2572613032649993,L,44.0,111.2,91.6,176.6,88.2
-0.2874076916998256,-1.2787059072962603,-0.2188319092530534,-1.0450701005538745,S,41.0,92.8,84.7,174.0,71.2
-0.8520559597940209,-0.22803348875654822,0.2173817729385519,-0.12577734491702242,M,40.0,103.6,88.6,176.8,83.2
-0.9649856134128616,-1.6828106836576888,-0.7952571321490992,-0.8152469116446616,M,39.8,100.6,83.2,170.3,74.2
1.8582557270581153,1.0112211587518352,1.41696939896546,-0.11811657195338243,L,44.8,104.3,93.2,184.5,83.3
1.2371426321545034,1.603908164081931,1.5416018795916342,2.3180092304842757,XL,43.7,119.5,95.4,185.3,115.1
-0.4568021721280826,-0.4435560361493094,0.030433051999290587,-0.4322082634626398,L,40.7,107.2,87.8,175.6,79.2
-0.2874076916998256,0.7956986113590739,1.6194971799829918,0.1040458439921906,M,41.0,99.2,92.4,185.8,86.2
-0.4568021721280826,-1.0362430414794055,0.1394864725471897,-0.7309784090446172,M,40.7,103.8,85.6,176.29999999999998,75.3
-0.40033734531866627,0.4724147902699303,0.06159117215583636,-0.19472430158978676,M,40.8,99.8,91.2,175.8,82.3
1.011283324916822,0.3377131981494541,0.2173817729385519,-0.08747348009882025,M,43.3,101.7,90.7,176.8,83.7
-0.4568021721280826,-0.03945125978788078,0.7314907555215105,0.640299951447021,L,40.7,111.8,89.3,180.1,93.2
-0.17447803808098492,0.25689224287716916,0.10832835239064836,0.2342789843740782,L,41.2,105.1,90.4,176.1,87.9
0.10784609596611276,-0.7937801756625467,0.030433051999290587,-0.22536739344434786,L,41.7,106.7,86.5,175.6,81.9
0.5595647104414675,1.7924903930505947,1.1832834977913866,1.6285396637566365,XL,42.5,119.2,96.1,183.0,106.1
-0.5697318257469233,-1.1170639967516904,-0.4369387503488561,-0.8841938683174259,M,40.5,99.2,85.3,172.6,73.3
-0.34387251850924594,-0.7937801756625467,-0.5615712309750258,-0.23302816640798896,M,40.9,103.1,86.5,171.8,81.8
-1.021450440222278,-0.012510941363783242,-0.5771502910532965,0.44878062735601015,L,39.7,111.8,89.4,171.70000000000002,90.7
1.0677481517262424,1.3614452982650724,0.8872813563042261,0.20363589251951605,L,43.4,111.6,94.5,181.1,87.5
0.8418888444885652,0.499355108694024,0.4043304938778088,0.410476762537808,L,43.0,107.8,91.3,178.0,90.2
-0.7391263061751803,-1.89833323105045,-1.4028404752016908,-1.4204479757722563,M,40.2,100.8,82.4,166.4,66.3
-0.1180132112715686,0.20301160602897791,-0.04746224839206719,-0.8305684575719426,M,41.3,98.4,90.2,175.1,74.0
0.39017023001321044,0.17607128760488036,-0.8575733724621863,-1.4357695216995374,S,42.2,94.5,90.1,169.9,66.1
1.2936074589639197,0.8226389297831677,1.0119138369304004,1.1076071022290872,L,43.8,111.6,92.5,181.9,99.3
-2.1507469764106686,-2.113855778443215,-1.3872614151234202,-0.6313883605172917,M,37.7,103.7,81.6,166.5,76.6
0.2772405763943698,0.6340567008145002,-1.0601011534797182,-0.4322082634626398,L,42.0,108.2,91.8,168.6,79.2
-0.34387251850924594,0.7418179745108827,0.2641189531733639,1.0386601455563238,L,40.9,111.6,92.2,177.1,98.4
0.05138126915669242,0.6879373376626915,0.71591169544324,-0.5701021768081674,M,41.6,100.9,92.0,180.0,77.4
1.2371426321545034,0.41853415342173905,0.45106767411262083,0.2342789843740782,XL,43.7,117.4,91.0,178.29999999999998,87.9
0.4466350568226268,0.041369695484404174,0.030433051999290587,0.6096568595924589,L,42.3,109.4,89.6,175.6,92.8
-1.1343800938411186,-0.6321382651179768,-0.4992549906619432,-0.3479397608625955,M,39.5,97.2,87.1,172.2,80.3
0.503099883632047,1.09204211402412,0.10832835239064836,0.2725828491922804,L,42.4,107.8,93.5,176.1,88.4
0.7854240176791448,0.9573405219036438,1.4948646993568178,-0.09513425306246134,M,42.9,99.0,93.0,185.0,83.6
0.9548184981074058,-0.3896753993011181,0.965176656695584,-0.2943143501171122,L,43.2,104.3,88.0,181.6,81.0
1.0677481517262424,1.3345049798409787,0.27969801325163457,0.6709430433015822,L,43.4,110.9,94.4,177.2,93.6
-0.5132669989375029,-0.47049635457340305,-0.2967272096444112,-1.7575219861724354,S,40.6,90.8,87.7,173.5,61.9
-0.9085207866034413,-0.3357947624529269,-0.7640990119925578,-0.5854237227354485,L,39.9,104.2,88.2,170.5,77.2
-0.9649856134128616,0.014429377060310465,0.762648875678052,0.4564414003196502,M,39.8,101.8,89.5,180.29999999999998,90.8
0.7854240176791448,-0.5243769914215943,-0.06304130847033786,-1.4357695216995374,S,42.9,94.9,87.5,175.0,66.1
0.8418888444885652,1.0381614771759289,0.35759331364299235,1.8507020797022096,XL,43.0,116.7,93.3,177.7,109.0
-0.4568021721280826,0.41853415342173905,0.07717023223410259,0.8318192755380319,XL,40.7,112.0,91.0,175.89999999999998,95.7
-0.061548384462148255,0.5532357455422152,0.513383914425708,0.21895743844679713,L,41.4,109.4,91.5,178.7,87.7
0.6160295372508878,0.4454744718458328,0.18622365278200614,1.0922855563018061,XL,42.6,112.3,91.1,176.6,99.1
-1.2473097474599593,-0.7129592203902617,0.12390741246891904,-1.8800943535906824,S,39.3,88.8,86.8,176.2,60.3
-2.2636766300295093,-1.3864671809926428,-1.028943033323177,-0.4398690364262809,M,37.5,98.8,84.3,168.79999999999998,79.1
0.8418888444885652,2.304356443108406,1.4948646993568178,-0.4398690364262809,M,43.0,99.1,98.0,185.0,79.1
0.39017023001321044,0.8226389297831677,0.1550655326254648,-0.5930844956990896,M,42.2,97.6,92.5,176.4,77.1
0.2772405763943698,-0.2010931703324507,0.6847535752866986,0.6019960866288189,M,42.0,103.7,88.7,179.8,92.7
-0.7391263061751803,-0.9823624046312142,-1.1847336341058925,-0.36326130678987656,L,40.2,106.2,85.8,167.79999999999998,80.1
0.39017023001321044,0.5801760639663089,-0.24999002940959475,0.9237485511017173,XL,42.2,117.5,91.6,173.8,96.9
0.5595647104414675,-0.3896753993011181,-0.23441096933132408,-0.5624414038445275,M,42.5,101.8,88.0,173.9,77.5
-1.8119580155541546,-2.5987815100769285,-2.7582187020113187,-2.178864499172659,XS,38.3,85.8,79.8,157.7,56.4
-0.17447803808098492,0.3377131981494541,-0.7329408918360121,-0.9224977331356281,M,41.2,99.3,90.7,170.70000000000002,72.8
0.9548184981074058,1.6577888009301185,1.6973924803743496,1.4140380207747045,L,43.2,110.9,95.6,186.3,103.3
-0.7955911329846006,0.9304002034795501,1.027492897008671,-1.0603916464811556,S,40.1,94.9,92.9,182.0,71.0
0.3337054032037901,0.14913096918078667,0.965176656695584,0.7628723188652675,L,42.1,109.2,90.0,181.6,94.8
-0.17447803808098492,0.9573405219036438,1.5883390598264506,1.314447972247379,L,41.2,111.2,93.0,185.60000000000002,102.0
-0.061548384462148255,0.14913096918078667,0.8093860559128684,0.6632822703379421,M,41.4,103.8,90.0,180.6,93.5
1.9147205538675356,2.304356443108406,2.8035057459316293,1.2148579237200536,L,44.9,111.2,98.0,193.4,100.7
-0.1180132112715686,-0.22803348875654822,0.31085613340818036,-1.2289286516812454,S,41.3,94.5,88.6,177.4,68.8
1.5194667662016013,0.7956986113590739,0.71591169544324,0.7092469081197843,XL,44.2,112.6,92.4,180.0,94.1
-0.7955911329846006,-0.6051979466938793,-1.262628934497246,-1.2136071057539644,M,40.1,97.7,87.2,167.3,69.0
0.7854240176791448,1.3075646614168812,1.354653158652373,0.6632822703379421,L,42.9,106.7,94.3,184.1,93.5
-0.6826614793657639,0.014429377060310465,0.10832835239064836,0.640299951447021,L,40.3,109.4,89.5,176.1,93.2
1.5759315930110176,1.4692065719614549,1.8376040210787945,1.0003562807381217,L,44.3,107.6,94.9,187.20000000000002,97.9
-1.4731690546976366,0.14913096918078667,-0.4369387503488561,0.5253883569924145,XL,38.9,117.2,90.0,172.6,91.7
-0.6261966525563436,-0.30885444402883316,0.1550655326254648,0.012116568428505179,L,40.4,107.6,88.3,176.4,85.0
-1.021450440222278,-1.1978849520239754,-1.3093661147320623,-2.3474015043727485,XS,39.7,87.8,85.0,167.0,54.2
-0.2874076916998256,0.499355108694024,0.17064459270373547,0.7628723188652675,L,41.0,111.0,91.3,176.5,94.8
-0.9085207866034413,0.31077287972535655,-0.5304131108184845,0.07340275213762844,XL,39.9,114.6,90.6,172.0,85.8
-0.6826614793657639,-0.12027221506016574,-0.5615712309750258,0.49474526513785233,XL,40.3,113.8,89.0,171.8,91.3
-0.7955911329846006,-0.12027221506016574,0.4666467341908959,-0.11045579898974134,L,40.1,106.6,89.0,178.4,83.4
-0.8520559597940209,-1.7636316389299738,-1.6053682562192226,0.32620825993776253,L,40.0,111.2,82.9,165.1,89.1
0.503099883632047,0.17607128760488036,0.8405441760694141,1.0693032374108848,L,42.4,111.2,90.1,180.8,98.8
-1.1343800938411186,-0.3896753993011181,-0.2188319092530534,-0.36326130678987656,M,39.5,101.4,88.0,174.0,80.1
-0.23094286489040525,-0.6590785835420705,-0.6862037116012001,0.7015861351561443,XL,41.1,114.3,87.0,171.0,94.0
0.10784609596611276,-0.06639157821197449,-0.5459921708967552,0.3798336706832458,L,41.7,110.9,89.2,171.9,89.8
-0.5132669989375029,-0.36273508087702444,0.6224373349736114,-1.5583418891177838,S,40.6,90.2,88.1,179.4,64.5
0.5595647104414675,-1.1978849520239754,-0.28114814956614054,-1.7268788943178737,S,42.5,88.6,85.0,173.6,62.3
-0.4568021721280826,-1.0901236783275927,-2.1506353589587226,-0.6084060416263696,L,40.7,104.7,85.4,161.60000000000002,76.9
-0.23094286489040525,0.5801760639663089,-0.1565156689399663,-1.6962358024633115,S,41.1,91.7,91.6,174.4,62.7
0.8983536712979855,1.1459227508723113,0.965176656695584,0.05042043324670735,L,43.1,104.7,93.7,181.6,85.5
0.6724943640603082,-0.12027221506016574,-0.07862036854860853,0.05042043324670735,L,42.7,107.6,89.0,174.9,85.5
0.5595647104414675,0.14913096918078667,-0.07862036854860853,0.2496005303013582,XL,42.5,114.3,90.0,174.9,88.1
0.8983536712979855,-0.3896753993011181,-1.3405242348886082,-0.6390491334809317,L,43.1,108.2,88.0,166.79999999999998,76.5
-0.34387251850924594,-0.03945125978788078,-0.7173618317577458,-0.7079960901536961,M,40.9,103.4,89.3,170.79999999999998,75.6
-0.6261966525563436,-0.9284817677830229,-1.6988426166888513,-0.2713320312261911,L,40.4,104.8,86.0,164.5,81.3
0.8418888444885652,1.3614452982650724,1.1053881974000288,0.8241585025743908,L,43.0,108.3,94.5,182.5,95.6
-0.34387251850924594,0.20301160602897791,0.71591169544324,-0.6390491334809317,M,40.9,100.4,90.2,180.0,76.5
0.16431092277552908,1.0381614771759289,0.8717022962259554,-0.19472430158978676,L,41.8,104.4,93.3,181.0,82.3
-0.8520559597940209,-1.3595268625685453,-0.5615712309750258,-0.1794027556625057,L,40.0,104.1,84.4,171.8,82.5
0.4466350568226268,1.4961468903855486,0.8405441760694141,1.9273098093386138,XL,42.3,113.8,95.0,180.8,110.0
1.4065371125827604,0.3377131981494541,0.9340185365390425,-0.5777629497718085,M,44.0,99.1,90.7,181.4,77.3
-0.5132669989375029,-1.3864671809926428,-1.636526376375764,-0.31729666900803327,L,40.6,107.3,84.3,164.9,80.7
0.8418888444885652,1.0112211587518352,1.6039181199047168,1.9196490363749739,XL,43.0,117.6,93.2,185.7,109.9
0.503099883632047,0.499355108694024,0.17064459270373547,1.6132181178293565,XXL,42.4,123.8,91.3,176.5,105.9
1.632396419820438,0.6879373376626915,-0.0941994286268792,1.49830652337475,XL,44.4,116.5,92.0,174.8,104.4
-0.1180132112715686,-0.3357947624529269,-0.37462251003576896,-0.018526523426056995,L,41.3,105.7,88.2,173.0,84.6
1.463001939392181,1.3345049798409787,1.8064459009222489,2.869584883866387,XXL,44.1,123.8,94.4,187.0,122.3
-0.1180132112715686,1.684729119354216,1.8064459009222489,1.1612325129745704,L,41.3,105.9,95.7,187.0,100.0
-0.061548384462148255,0.14913096918078667,0.4043304938778088,-0.10279502602610134,M,41.4,97.8,90.0,178.0,83.5
-0.5697318257469233,-0.766839857238453,0.10832835239064836,-1.2136071057539644,M,40.5,98.2,86.6,176.1,69.0
0.7854240176791448,0.041369695484404174,0.6068582748953364,1.1765540589018515,XL,42.9,112.5,89.6,179.29999999999998,100.2
0.9548184981074058,0.5532357455422152,0.4199095539560795,0.7092469081197843,L,43.2,105.3,91.5,178.1,94.1
0.05138126915669242,-0.551317309845688,-0.7640990119925578,-0.11045579898974134,XL,41.6,113.4,87.4,170.5,83.4
0.10784609596611276,-0.36273508087702444,0.10832835239064836,2.2720445927024335,XXL,41.7,122.3,88.1,176.1,114.5
1.463001939392181,1.6577888009301185,1.276757858261015,-0.11811657195338243,L,44.1,105.6,95.6,183.6,83.3
-0.005083557652727914,-1.1978849520239754,-1.7923169771584797,0.7398899999743465,XXL,41.5,121.3,85.0,163.9,94.5
0.503099883632047,0.6071163823904066,0.8561232361476848,0.15001048177403278,L,42.4,110.9,91.7,180.9,86.8
-0.34387251850924594,-0.36273508087702444,-0.24999002940959475,0.6862645892288632,XL,40.9,113.7,88.1,173.8,93.8
0.5595647104414675,-0.14721253348425944,-0.04746224839206719,0.9007662322107951,L,42.5,110.4,88.9,175.1,96.6
-0.005083557652727914,-1.0631833599034992,-0.20325284917477832,1.2225186966836936,XL,41.5,112.7,85.5,174.10000000000002,100.8
-0.2874076916998256,-0.12027221506016574,-0.7329408918360121,0.5560314488469756,L,41.0,111.9,89.0,170.70000000000002,92.1
0.503099883632047,-0.25497380718064194,-0.28114814956614054,1.3374302911383,XL,42.4,112.7,88.5,173.6,102.3
-0.5697318257469233,-0.9284817677830229,-1.636526376375764,0.7705330918289086,XL,40.5,118.5,86.0,164.9,94.9
1.2936074589639197,0.2838325613012629,0.20180271286027682,0.7781938647925486,XL,43.8,112.6,90.5,176.7,95.0
0.05138126915669242,1.1189824324482138,1.1988625578696572,2.195436863066029,XL,41.6,116.6,93.6,183.1,113.5
-2.4330711104577665,-1.3325865441444515,-2.072740058567369,-0.8688723223901448,L,37.2,105.8,84.5,162.1,73.5
-0.40033734531866627,0.41853415342173905,-0.10977848870514988,-0.7692822738628193,M,40.8,101.8,91.0,174.70000000000002,74.8
-0.17447803808098492,-0.6051979466938793,-0.4057806301923103,-0.6390491334809317,M,41.2,100.2,87.2,172.8,76.5
0.10784609596611276,0.7687582929349764,0.7314907555215105,-0.04916961528061808,M,41.7,102.9,92.3,180.1,84.2
1.463001939392181,0.6879373376626915,0.9340185365390425,0.2879043951195604,L,44.1,105.4,92.0,181.4,88.6
-0.6826614793657639,1.4961468903855486,1.8064459009222489,-0.9378192790629092,S,40.3,95.7,95.0,187.0,72.6
1.2936074589639197,0.7418179745108827,1.6662343602178038,-0.1487596638079435,M,43.8,102.1,92.2,186.1,82.9
0.503099883632047,0.36465351657354783,0.8093860559128684,-0.1564204367715846,M,42.4,101.2,90.8,180.6,82.8
-0.6826614793657639,-0.17415285190835697,0.6224373349736114,0.5253883569924145,XL,40.3,112.8,88.8,179.4,91.7
2.5922984755805714,0.5801760639663089,0.7938069958345977,1.6515219826475587,XL,46.1,117.4,91.6,180.5,106.4
-0.061548384462148255,0.2838325613012629,1.3858112788089185,-0.3402789878989544,M,41.4,101.2,90.5,184.3,80.4
2.2535095147240534,2.1965951694120234,1.4481275191220013,0.7858546377561886,L,45.5,111.2,97.6,184.7,95.1
-0.2874076916998256,-1.8444525942022625,-0.9354686728535441,-1.0297485546265934,M,41.0,99.6,82.6,169.4,71.4
-0.2874076916998256,-1.6828106836576888,-1.262628934497246,-2.071613677681693,S,41.0,89.9,83.2,167.3,57.8
-0.1180132112715686,1.2267437061445963,1.868762141235336,-0.3479397608625955,M,41.3,101.7,94.0,187.4,80.3
-0.7391263061751803,0.2838325613012629,-0.28114814956614054,-0.5624414038445275,L,40.2,107.6,90.5,173.6,77.5
1.801790900248699,1.765550074626501,0.5445420345822537,0.6862645892288632,XL,44.7,113.3,96.0,178.9,93.8
0.22077574958494942,-0.7937801756625467,-1.278207994575521,0.8701231403562341,XL,41.9,117.7,86.5,167.2,96.2
1.463001939392181,1.7386097562024072,1.7129715404526202,0.24193975733771822,L,44.1,107.4,95.9,186.4,88.0
1.5194667662016013,1.1998033877205025,1.339074098574102,0.8164977296107508,XL,44.2,115.1,93.9,184.0,95.5
-0.7391263061751803,-1.1978849520239754,0.31085613340818036,-1.933719764336165,XS,40.2,85.7,85.0,177.4,59.6
-0.5132669989375029,-0.17415285190835697,-1.4028404752016908,-0.4168867175353587,L,40.6,106.0,88.8,166.4,79.4
-0.34387251850924594,0.6071163823904066,0.4199095539560795,-1.2748932894630876,S,40.9,90.4,91.7,178.1,68.2
0.8418888444885652,0.36465351657354783,0.37317237372126744,0.1117066169558306,M,43.0,103.4,90.8,177.8,86.3
1.011283324916822,0.9573405219036438,0.09274929231237769,-0.36326130678987656,M,43.3,100.7,93.0,176.0,80.1
0.10784609596611276,-0.3357947624529269,-0.37462251003576896,-0.9608015979538302,M,41.7,96.2,88.2,173.0,72.3
2.7616929560088286,1.172863069296405,2.11802710248768,1.3374302911383,L,46.4,111.4,93.8,189.0,102.3
2.705228129199408,2.3582370799565973,2.678873265305455,1.2378402426109747,L,46.3,104.8,98.2,192.6,101.0
0.16431092277552908,-0.3896753993011181,0.6380163950518821,-0.14109889084430352,L,41.8,106.8,88.0,179.5,83.0
-0.8520559597940209,0.06831001390850171,-0.37462251003576896,-0.49349444717176305,M,40.0,102.7,89.7,173.0,78.4
2.4229039951523106,1.8194307114746924,0.48222579426916656,1.6898258474657608,XL,45.8,115.1,96.2,178.5,106.9
1.5759315930110176,0.5532357455422152,0.7938069958345977,-0.3019751230807522,M,44.3,103.9,91.5,180.5,80.9
-0.7955911329846006,-0.7398995388143554,-1.8078960372367547,-0.4168867175353587,L,40.1,104.7,86.7,163.79999999999998,79.4
-1.2473097474599593,-0.7937801756625467,0.5445420345822537,-1.8571120346997607,S,39.3,90.6,86.5,178.9,60.6
-0.40033734531866627,-0.7937801756625467,-1.075680213557989,-1.4893949324450195,M,40.8,96.1,86.5,168.5,65.4
-1.3037745742693756,-1.1170639967516904,-0.9510477329318148,-0.7692822738628193,L,39.2,104.0,85.3,169.3,74.8
-1.190844920650539,-1.817512275778165,-0.8419943123839156,-1.2748932894630876,M,39.4,96.8,82.7,170.0,68.2
-0.005083557652727914,-1.0631833599034992,-0.24999002940959475,-0.11811657195338243,L,41.5,104.1,85.5,173.8,83.3
1.2371426321545034,1.3883856166891662,1.681813420296079,1.3527518370655813,XL,43.7,117.3,94.6,186.20000000000002,102.5
-1.5860987083164733,-0.9284817677830229,-0.9043105526970028,-0.1564204367715846,L,38.7,105.1,86.0,169.6,82.8
0.39017023001321044,1.0381614771759289,0.6847535752866986,0.32620825993776253,L,42.2,106.1,93.3,179.8,89.1
1.1242129785356627,1.1459227508723113,0.2173817729385519,0.7705330918289086,XL,43.5,112.8,93.7,176.8,94.9
-2.0942821496012525,-1.9252735494745474,-1.9481075779411952,-1.121677830190279,M,37.8,97.9,82.3,162.9,70.2
1.2371426321545034,2.223535487836121,2.1803433428007626,0.8088369566471109,XL,43.7,115.9,97.7,189.39999999999998,95.4
2.1970446879146333,1.3345049798409787,0.528962974503983,1.2225186966836936,XL,45.4,118.7,94.4,178.8,100.8
-1.021450440222278,0.5262954271181215,0.8405441760694141,0.24193975733771822,L,39.7,111.5,91.4,180.8,88.0
-0.1180132112715686,0.9842808403277375,1.4481275191220013,1.950292128229535,XL,41.3,115.8,93.1,184.7,110.3
-0.9649856134128616,-0.8207204940866404,-1.215891754262434,-1.13699937611756,S,39.8,93.3,86.4,167.6,70.0
1.2371426321545034,-0.17415285190835697,0.31085613340818036,0.09638507102854953,L,43.7,107.6,88.8,177.4,86.1
-0.40033734531866627,-0.6321382651179768,-1.4651567155147778,-0.4781729012444831,L,40.8,105.3,87.1,166.0,78.6
-0.8520559597940209,-0.3357947624529269,0.09274929231237769,-0.4322082634626398,M,40.0,100.4,88.2,176.0,79.2
-0.17447803808098492,-0.06639157821197449,0.04601211207756126,-0.48583367420812307,M,41.2,99.1,89.2,175.7,78.5
-0.4568021721280826,-0.12027221506016574,0.10832835239064836,-1.3131971542812897,S,40.7,90.6,89.0,176.1,67.7
-0.6261966525563436,-0.3896753993011181,-1.1847336341058925,-0.04150884231697808,L,40.4,106.8,88.0,167.79999999999998,84.3
0.7854240176791448,0.5532357455422152,0.6535954551301528,0.4564414003196502,L,42.9,109.3,91.5,179.6,90.8
-1.699028361935314,-1.8444525942022625,-1.7611588570019383,-0.700335317190055,M,38.5,98.7,82.6,164.1,75.7
-2.1507469764106686,0.7148776560867851,1.6039181199047168,-1.6809142565360309,S,37.7,94.0,92.1,185.7,62.9
-1.699028361935314,-1.0093027230553078,-0.7173618317577458,-2.2784545476999845,XS,38.5,83.7,85.7,170.79999999999998,55.1
-0.34387251850924594,0.6879373376626915,0.965176656695584,0.8701231403562341,XL,40.9,113.7,92.0,181.6,96.2
-1.9813524959824116,-1.7905719573540713,-1.1535755139493467,-0.7462999549718983,M,38.0,97.3,82.8,168.0,75.1
0.05138126915669242,0.8226389297831677,0.06159117215583636,0.6939253621925043,XL,41.6,113.2,92.5,175.8,93.9
-1.1343800938411186,1.0112211587518352,2.24265958311385,1.5825750259747942,L,39.5,109.1,93.2,189.79999999999998,105.5
-1.4731690546976366,-0.5782576282697856,-0.32788532980095253,-1.6502711646814694,S,38.9,92.8,87.3,173.3,63.3
-1.699028361935314,-1.1170639967516904,-1.1535755139493467,-1.106356284262998,M,38.5,100.6,85.3,168.0,70.4
-0.4568021721280826,0.14913096918078667,1.2455997381044737,-1.0297485546265934,M,40.7,96.0,90.0,183.4,71.4
-2.1507469764106686,-1.3325865441444515,-1.3561032949668743,0.08106352510126952,L,37.7,109.9,84.5,166.70000000000002,85.9
0.39017023001321044,0.9573405219036438,1.1209672574782994,0.640299951447021,L,42.2,108.9,93.0,182.6,93.2
0.39017023001321044,-0.12027221506016574,0.762648875678052,-0.35560053382623547,M,42.2,100.8,89.0,180.29999999999998,80.2
-1.2473097474599593,-0.30885444402883316,-0.2188319092530534,-0.026187296389696996,L,39.3,108.7,88.3,174.0,84.5
1.2936074589639197,0.7687582929349764,0.35759331364299235,-1.2365894246448854,S,43.8,93.1,92.3,177.7,68.7
-0.40033734531866627,0.14913096918078667,-1.1847336341058925,-0.19472430158978676,L,40.8,110.6,90.0,167.79999999999998,82.3
1.011283324916822,0.6879373376626915,-0.4369387503488561,0.5790137677378978,XL,43.3,114.2,92.0,172.6,92.4
0.6724943640603082,0.2299519244530716,-1.0133639732449018,-0.3402789878989544,M,42.7,100.8,90.3,168.9,80.4
1.180677805345083,1.2267437061445963,1.5260228195133634,-0.24834971233527003,M,43.6,99.5,94.0,185.20000000000002,81.6
0.39017023001321044,0.8226389297831677,0.5601210946605244,-0.39390439864443766,L,42.2,104.4,92.5,179.0,79.7
1.801790900248699,1.8463710298987859,1.41696939896546,1.0922855563018061,XL,44.7,114.6,96.3,184.5,99.1
0.5595647104414675,0.9304002034795501,0.9807557167738545,-0.1487596638079435,M,42.5,101.1,92.9,181.7,82.9
2.366439168342894,0.5801760639663089,-0.04746224839206719,1.4523418855929067,XL,45.7,117.2,91.6,175.1,103.8
-0.2874076916998256,-0.22803348875654822,-0.5771502910532965,-0.5164767660626852,L,41.0,108.5,88.6,171.70000000000002,78.1
-0.5697318257469233,0.17607128760488036,-0.6706246515229294,-0.9991054627720324,L,40.5,106.6,90.1,171.1,71.8
-0.005083557652727914,0.20301160602897791,-1.1847336341058925,0.2342789843740782,XL,41.5,117.9,90.2,167.79999999999998,87.9
-0.7391263061751803,-0.9015414493589292,-0.24999002940959475,-0.3785828527171565,M,40.2,103.2,86.1,173.8,79.9
0.10784609596611276,-0.22803348875654822,0.45106767411262083,-0.3019751230807522,M,41.7,103.8,88.6,178.29999999999998,80.9
-0.5697318257469233,0.12219065075669296,-0.9198896127752734,0.31854748697412255,L,40.5,111.7,89.9,169.5,89.0
-0.23094286489040525,-0.06639157821197449,-0.4369387503488561,-0.9761231438811113,M,41.1,100.6,89.2,172.6,72.1
0.503099883632047,-1.2517655888721666,-1.6053682562192226,0.47176294624693127,L,42.4,110.7,84.8,165.1,91.0
-0.9085207866034413,-0.6860189019661642,-0.9977849131666312,-0.4551905823535609,L,39.9,104.4,86.9,169.0,78.9
-0.2874076916998256,-0.09333189663607203,0.5601210946605244,0.2342789843740782,L,41.0,108.3,89.1,179.0,87.9
-0.1180132112715686,-0.17415285190835697,-0.1565156689399663,0.34152980586504367,XL,41.3,114.1,88.8,174.4,89.3
-0.4568021721280826,-0.17415285190835697,0.17064459270373547,0.31088671401048257,L,40.7,106.3,88.8,176.5,88.9
1.35007228577334,1.0651017956000264,1.479285639278547,1.2148579237200536,XL,43.9,113.9,93.4,184.9,100.7
0.8418888444885652,1.684729119354216,0.5601210946605244,1.728129712283963,XL,43.0,119.6,95.7,179.0,107.4
-0.8520559597940209,-1.6828106836576888,-1.278207994575521,-0.5624414038445275,L,40.0,105.7,83.2,167.2,77.5
0.16431092277552908,0.5262954271181215,-0.2188319092530534,-0.5317983119899652,L,41.8,106.2,91.4,174.0,77.9
-0.9649856134128616,-0.17415285190835697,-0.04746224839206719,-1.3668225650267731,M,39.8,96.8,88.8,175.1,67.0
-0.8520559597940209,-1.7905719573540713,-1.3093661147320623,-2.5465816014273996,XS,40.0,84.0,82.8,167.0,51.6
0.2772405763943698,-0.36273508087702444,0.2173817729385519,0.2955651680832015,L,42.0,104.6,88.1,176.8,88.7
-1.0779152670316983,-0.9284817677830229,-1.4028404752016908,-1.5660026620814238,S,39.6,95.9,86.0,166.4,64.4
0.7289591908697245,1.7386097562024072,1.5727599997481754,0.7705330918289086,L,42.8,111.5,95.9,185.5,94.9
-0.8520559597940209,-0.9015414493589292,-1.2314708143407045,-1.0603916464811556,S,40.0,94.7,86.1,167.5,71.0
-1.2473097474599593,-1.4672881362649277,-0.9510477329318148,-0.7692822738628193,M,39.3,99.9,84.0,169.3,74.8
1.801790900248699,0.499355108694024,0.824965115991139,-0.3096358960443933,L,44.7,104.1,91.3,180.7,80.8
-0.1180132112715686,0.31077287972535655,0.5601210946605244,-0.8229076846083027,M,41.3,98.4,90.6,179.0,74.1
-1.5860987083164733,-1.1978849520239754,-0.6706246515229294,-1.8188081698815586,S,38.7,91.9,85.0,171.1,61.1
-0.2874076916998256,-0.5782576282697856,-1.1847336341058925,-1.4587518405904585,M,41.0,98.7,87.3,167.79999999999998,65.8
-1.2473097474599593,-1.3595268625685453,-0.20325284917477832,-0.1870635286261457,L,39.3,104.0,84.4,174.10000000000002,82.4
0.6724943640603082,0.6879373376626915,0.18622365278200614,-0.7309784090446172,M,42.7,99.2,92.0,176.6,75.3
-0.7955911329846006,0.499355108694024,0.778227935756327,0.05808120621034735,M,40.1,101.7,91.3,180.4,85.6
-0.6826614793657639,0.8226389297831677,0.29527707332990527,0.6939253621925043,L,40.3,109.7,92.5,177.29999999999998,93.9
-0.061548384462148255,-2.1946767337154998,-1.7300007368453925,-0.6620314523718528,M,41.4,102.9,81.3,164.3,76.2
0.3337054032037901,0.2838325613012629,-0.5615712309750258,-0.9454800520265492,M,42.1,97.2,90.5,171.8,72.5
-0.7955911329846006,-0.9823624046312142,-1.1535755139493467,-1.13699937611756,S,40.1,94.9,85.8,168.0,70.0
0.2772405763943698,0.499355108694024,-0.4369387503488561,-0.4781729012444831,M,42.0,102.6,91.3,172.6,78.6
-0.061548384462148255,-0.3896753993011181,-1.2937870546537915,1.1152678751927283,XXL,41.4,121.2,88.0,167.1,99.4
1.4065371125827604,0.9573405219036438,1.1988625578696572,0.6939253621925043,L,44.0,108.1,93.0,183.1,93.9
-0.4568021721280826,-0.41661571772521183,-0.37462251003576896,-1.5047164783723006,S,40.7,95.9,87.9,173.0,65.2
0.2772405763943698,0.4454744718458328,0.8561232361476848,0.004455795464865179,M,42.0,103.9,91.1,180.9,84.9
-0.061548384462148255,-0.03945125978788078,-0.4369387503488561,-0.3019751230807522,M,41.4,103.9,89.3,172.6,80.9
0.05138126915669242,0.014429377060310465,-0.9977849131666312,0.8164977296107508,L,41.6,106.2,89.5,169.0,95.5
1.1242129785356627,-0.06639157821197449,0.8405441760694141,-0.07981270713518025,M,43.5,103.9,89.2,180.8,83.8
1.801790900248699,1.3883856166891662,1.1521253776348452,0.5024060381014934,L,44.7,105.7,94.6,182.8,91.4
0.4466350568226268,0.9034598850554526,0.17064459270373547,1.8047374419203672,XL,42.3,118.2,92.8,176.5,108.4
-0.2874076916998256,1.0651017956000264,0.513383914425708,1.4906457504111088,XL,41.0,115.3,93.4,178.7,104.3
-0.7391263061751803,0.5262954271181215,0.7938069958345977,-1.6809142565360309,M,40.2,101.4,91.4,180.5,62.9
-0.4568021721280826,-1.0093027230553078,-0.42135969027058096,-0.37092207975351654,M,40.7,101.7,85.7,172.70000000000002,80.0
-0.17447803808098492,0.3377131981494541,-0.0941994286268792,0.15767125473767388,XL,41.2,112.2,90.7,174.8,86.9
1.4065371125827604,2.0349532588674535,1.8531830811570653,0.7628723188652675,L,44.0,108.6,97.0,187.3,94.8
0.8418888444885652,-0.3357947624529269,-0.9198896127752734,-1.351501019099492,S,43.0,95.8,88.2,169.5,67.2
1.2371426321545034,0.41853415342173905,0.10832835239064836,-0.8229076846083027,M,43.7,100.7,91.0,176.1,74.1
1.2371426321545034,1.2267437061445963,0.6691745152084235,1.2531617885382558,XL,43.7,117.1,94.0,179.7,101.2
0.6724943640603082,-0.2819141256047356,-0.37462251003576896,0.05808120621034735,L,42.7,104.7,88.4,173.0,85.6
-0.23094286489040525,-0.30885444402883316,-0.9977849131666312,-0.462851355317202,L,41.1,108.2,88.3,169.0,78.8
1.632396419820438,0.41853415342173905,0.45106767411262083,1.1765540589018515,XL,44.4,117.7,91.0,178.29999999999998,100.2
-1.2473097474599593,-0.2819141256047356,1.1677044377131158,-1.2212678787176043,S,39.3,93.4,88.4,182.9,68.9
1.7453260734392786,1.765550074626501,1.0586510171652168,0.21895743844679713,XL,44.6,113.2,96.0,182.20000000000002,87.7
-0.17447803808098492,-0.6590785835420705,-0.1565156689399663,0.06574197917398844,L,41.2,108.2,87.0,174.4,85.7
-0.005083557652727914,0.5532357455422152,0.762648875678052,0.3951552166105269,L,41.5,106.8,91.5,180.29999999999998,90.0
-0.5697318257469233,-0.6051979466938793,0.17064459270373547,0.8394800485016719,L,40.5,110.3,87.2,176.5,95.8
1.6888612466298583,0.4454744718458328,-1.028943033323177,-0.7309784090446172,L,44.5,108.0,91.1,168.79999999999998,75.3
0.22077574958494942,0.06831001390850171,-1.4339985953582366,-0.23302816640798896,M,41.9,102.3,89.7,166.2,81.8
-0.7391263061751803,-1.6828106836576888,-1.4184195352799613,-1.9260589913725246,S,40.2,91.3,83.2,166.3,59.7
-0.40033734531866627,-2.0060945047468324,-1.4184195352799613,-0.9071761872083469,L,40.8,104.2,82.0,166.3,73.0
-0.6826614793657639,0.06831001390850171,-0.5148340507402094,-0.32495744197167437,M,40.3,96.9,89.7,172.10000000000002,80.6
-0.4568021721280826,-0.5782576282697856,0.24853989309509325,-0.677352998299134,M,40.7,100.3,87.3,177.0,76.0
-0.9649856134128616,-0.5243769914215943,-0.45251781042712674,-1.3821441109540542,S,39.8,93.8,87.5,172.5,66.8
0.9548184981074058,1.6308484825060248,0.528962974503983,0.8931054592471551,L,43.2,108.7,95.5,178.8,96.5
0.4466350568226268,0.7687582929349764,2.1647642827224964,-0.4168867175353587,M,42.3,96.8,92.3,189.3,79.4
-0.2874076916998256,0.8765195666313589,0.6224373349736114,-1.098695511299358,S,41.0,95.1,92.7,179.4,70.5
1.5759315930110176,1.0651017956000264,0.1394864725471897,1.743451258211243,L,44.3,111.2,93.4,176.29999999999998,107.6
0.39017023001321044,1.5769678456578335,1.1988625578696572,0.8318192755380319,XL,42.2,113.3,95.3,183.1,95.7
0.2772405763943698,-1.1709446335998817,-1.776737917080209,0.8394800485016719,XL,42.0,116.2,85.1,164.0,95.8
-0.6261966525563436,-0.012510941363783242,-1.0445220934014432,1.0309993725926827,XL,40.4,117.7,89.4,168.70000000000002,98.3
0.4466350568226268,0.8765195666313589,1.1365463175565702,-1.3285187002085708,M,42.3,96.3,92.7,182.7,67.5
0.7289591908697245,0.17607128760488036,0.6847535752866986,-0.3862436256807976,M,42.8,100.1,90.1,179.8,79.8
1.5194667662016013,0.8226389297831677,-0.7173618317577458,0.48708449217421235,L,44.2,106.5,92.5,170.79999999999998,91.2
0.3337054032037901,-0.012510941363783242,-0.01630412823552585,0.21129666548315604,M,42.1,103.7,89.4,175.29999999999998,87.6
-0.9649856134128616,0.31077287972535655,0.6068582748953364,-0.5011552201354041,M,39.8,99.4,90.6,179.29999999999998,78.3
1.463001939392181,0.9573405219036438,1.6194971799829918,0.004455795464865179,M,44.1,103.0,93.0,185.8,84.9
-1.190844920650539,-0.3896753993011181,-1.2003126941841586,-1.8800943535906824,XS,39.4,86.7,88.0,167.70000000000002,60.3
-0.7391263061751803,-0.30885444402883316,-0.1565156689399663,0.2955651680832015,L,40.2,106.3,88.3,174.4,88.7
0.7854240176791448,1.4153259351132637,0.7938069958345977,0.7552115459016275,L,42.9,106.6,94.7,180.5,94.7
-1.2473097474599593,-1.5481090915372127,-2.0415819384108236,-1.0757131924084367,M,39.3,98.8,83.7,162.3,70.8
0.8418888444885652,1.4961468903855486,-0.0007250681572507532,0.08872429806490953,M,43.0,102.2,95.0,175.4,86.0
-0.17447803808098492,0.4724147902699303,-0.17209472901823697,-0.8075861386810216,M,41.2,100.3,91.2,174.3,74.3
-0.6826614793657639,-0.6051979466938793,-0.5615712309750258,0.7475507729379864,L,40.3,111.0,87.2,171.8,94.6
-0.9085207866034413,-1.1440043151757842,-0.8887314926187276,0.31088671401048257,L,39.9,106.8,85.2,169.70000000000002,88.9
1.801790900248699,1.765550074626501,1.977815561783235,0.8241585025743908,L,44.7,105.8,96.0,188.1,95.6
-1.1343800938411186,-0.9823624046312142,0.014853991921019917,-1.8877551265543224,S,39.5,90.8,85.8,175.5,60.2
1.7453260734392786,0.5532357455422152,-0.24999002940959475,2.3333307764115565,XXL,44.6,124.7,91.5,173.8,115.3
-0.005083557652727914,-0.6590785835420705,0.49780485434743726,0.7552115459016275,L,41.5,109.6,87.0,178.6,94.7
-0.5132669989375029,-1.1440043151757842,-0.623887471288113,-0.9837839168447513,M,40.6,98.1,85.2,171.4,72.0
-1.529633881507057,-1.3325865441444515,-0.7952571321490992,-0.7386391820082572,M,38.8,98.3,84.5,170.3,75.2
-0.9085207866034413,-1.1978849520239754,-1.6209473162974934,-1.3744833379904131,S,39.9,94.2,85.0,165.0,66.9
1.5759315930110176,0.12219065075669296,1.3234950384958315,1.6362004367202776,L,44.3,110.8,89.9,183.9,106.2
1.463001939392181,-0.17415285190835697,-1.589789196140952,1.8353805337749285,XL,44.1,118.4,88.8,165.2,108.8
0.3337054032037901,-0.8207204940866404,-0.4369387503488561,-1.0603916464811556,M,42.1,98.4,86.4,172.6,71.0
-0.17447803808098492,-0.4435560361493094,-0.24999002940959475,1.1382501940836494,XL,41.2,113.3,87.8,173.8,99.7
1.632396419820438,0.31077287972535655,-0.2188319092530534,0.5177275840287734,XL,44.4,113.9,90.6,174.0,91.6
0.16431092277552908,-0.2010931703324507,-1.6676844965323099,0.7552115459016275,XL,41.8,117.0,88.7,164.7,94.7
-0.061548384462148255,0.5801760639663089,-0.8108361922273742,-0.6696922253354939,L,41.4,105.3,91.6,170.2,76.1
0.2772405763943698,-1.1709446335998817,-1.8234750973150253,0.7781938647925486,XL,42.0,119.6,85.1,163.7,95.0
-0.9649856134128616,-1.3595268625685453,-1.5118938957495942,-0.5777629497718085,M,39.8,103.7,84.4,165.7,77.3
0.16431092277552908,1.1459227508723113,0.326435193486451,-0.018526523426056995,L,41.8,104.6,93.7,177.5,84.6
-0.2874076916998256,0.09525033233259542,0.35759331364299235,0.5253883569924145,XL,41.0,112.2,89.8,177.7,91.7
0.7854240176791448,0.6879373376626915,0.31085613340818036,1.2225186966836936,XL,42.9,113.3,92.0,177.4,100.8
-0.6261966525563436,-0.012510941363783242,-0.7485199519142872,-0.21004584751706787,L,40.4,108.1,89.4,170.6,82.1
0.3337054032037901,0.6071163823904066,0.528962974503983,-0.7769430468264593,M,42.1,100.8,91.7,178.8,74.7
2.8181577828182487,2.492938672077073,2.055710862174593,1.980935220084097,XL,46.5,115.9,98.7,188.6,110.7
-0.23094286489040525,0.39159383499764533,-1.1068383337145302,-0.5701021768081674,M,41.1,99.3,90.9,168.3,77.4
-0.8520559597940209,0.4724147902699303,0.49780485434743726,-0.04916961528061808,L,40.0,110.4,91.2,178.6,84.2
-0.8520559597940209,-0.012510941363783242,-0.6550455914446587,-0.4322082634626398,L,40.0,104.8,89.4,171.2,79.2
1.0677481517262424,0.6609970192385978,0.09274929231237769,-0.003204977498775909,L,43.4,110.2,91.9,176.0,84.8
-0.6261966525563436,-0.8746011309348317,-0.6706246515229294,-0.12577734491702242,L,40.4,108.3,86.2,171.1,83.2
-1.868422842363571,-0.3896753993011181,-0.5304131108184845,0.24193975733771822,L,38.2,111.3,88.0,172.0,88.0
-0.1180132112715686,-0.3896753993011181,0.6847535752866986,0.2955651680832015,M,41.3,103.9,88.0,179.8,88.7
0.2772405763943698,0.5532357455422152,-0.37462251003576896,1.6745043015384797,XXL,42.0,123.4,91.5,173.0,106.7
-1.190844920650539,-0.8207204940866404,-0.2188319092530534,0.4564414003196502,L,39.4,108.1,86.4,174.0,90.8
-0.4568021721280826,-0.03945125978788078,0.014853991921019917,-1.1446601490812,S,40.7,95.4,89.3,175.5,69.9
0.05138126915669242,1.9541323035951685,1.2923369183392857,1.2301794696473347,XL,41.6,112.0,96.7,183.7,100.9
-0.061548384462148255,0.17607128760488036,-0.4369387503488561,-0.2713320312261911,L,41.4,106.3,90.1,172.6,81.3
-0.17447803808098492,1.6308484825060248,0.5601210946605244,0.9084270051744362,XL,41.2,114.1,95.5,179.0,96.7
-0.4568021721280826,-0.6590785835420705,-0.3590434499574939,-0.9531408249901892,S,40.7,95.7,87.0,173.10000000000002,72.4
-0.6261966525563436,-1.1709446335998817,-1.4184195352799613,-1.4740733865177396,S,40.4,94.8,85.1,166.3,65.6
0.39017023001321044,0.9573405219036438,0.9963347768521297,1.5749142530111542,XL,42.2,115.1,93.0,181.8,105.4
0.6724943640603082,0.39159383499764533,0.35759331364299235,0.8394800485016719,L,42.7,107.7,90.9,177.7,95.8
1.632396419820438,1.3614452982650724,0.49780485434743726,2.195436863066029,XL,44.4,118.7,94.5,178.6,113.5
0.4466350568226268,0.9304002034795501,0.7003326353649693,0.2879043951195604,XL,42.3,112.3,92.9,179.9,88.6
-0.17447803808098492,1.172863069296405,1.5727599997481754,-0.11045579898974134,L,41.2,107.2,93.8,185.5,83.4
-0.6826614793657639,-0.7398995388143554,-0.4369387503488561,-0.11045579898974134,M,40.3,100.5,86.7,172.6,83.4
-0.6261966525563436,-0.12027221506016574,-0.7173618317577458,0.1040458439921906,M,40.4,102.5,89.0,170.79999999999998,86.2
-1.4167042278882163,-0.766839857238453,-0.0941994286268792,-0.8458900034992237,S,39.0,95.5,86.6,174.8,73.8
-1.2473097474599593,-0.3896753993011181,0.04601211207756126,-0.677352998299134,M,39.3,96.0,88.0,175.7,76.0
0.8418888444885652,1.4692065719614549,0.71591169544324,-0.5394590849536063,L,43.0,105.5,94.9,180.0,77.8
0.9548184981074058,0.7687582929349764,-0.07862036854860853,0.6326391784833799,XL,43.2,112.6,92.3,174.9,93.1
-0.6826614793657639,-0.8207204940866404,-0.7485199519142872,-1.1753032409357622,S,40.3,93.4,86.4,170.6,69.5
-1.1343800938411186,-0.14721253348425944,-0.10977848870514988,-0.25601048529891,L,39.5,104.7,88.9,174.70000000000002,81.5
0.39017023001321044,0.499355108694024,0.965176656695584,1.2071971507564125,XL,42.2,113.4,91.3,181.6,100.6
-2.0942821496012525,-1.3864671809926428,-0.5459921708967552,-1.8571120346997607,S,37.8,90.5,84.3,171.9,60.6
-0.6261966525563436,-0.12027221506016574,0.5601210946605244,-0.5394590849536063,S,40.4,92.6,89.0,179.0,77.8
-2.4330711104577665,-0.9823624046312142,-1.028943033323177,-1.5200380242995817,S,37.2,93.6,85.8,168.79999999999998,65.0
1.5759315930110176,0.14913096918078667,0.12390741246891904,2.1264899063932647,XXL,44.3,122.8,90.0,176.2,112.6
1.4065371125827604,-0.6860189019661642,-0.9354686728535441,0.44878062735601015,L,44.0,107.0,86.9,169.4,90.7
0.6724943640603082,1.172863069296405,0.1550655326254648,-0.25601048529891,M,42.7,103.6,93.8,176.4,81.5
0.4466350568226268,-0.2010931703324507,-0.42135969027058096,-1.343840246135852,S,42.3,95.7,88.7,172.70000000000002,67.3
-0.34387251850924594,0.2838325613012629,1.339074098574102,-0.9301585060992681,M,40.9,98.7,90.5,184.0,72.7
-0.1180132112715686,0.6879373376626915,-0.2967272096444112,-0.1487596638079435,L,41.3,105.4,92.0,173.5,82.9
-0.17447803808098492,-0.09333189663607203,0.06159117215583636,0.6709430433015822,L,41.2,109.1,89.1,175.8,93.6
0.4466350568226268,0.7418179745108827,0.7470698155997857,0.640299951447021,L,42.3,109.0,92.2,180.20000000000002,93.2
1.1242129785356627,-0.14721253348425944,0.7470698155997857,0.2342789843740782,L,43.5,105.6,88.9,180.20000000000002,87.9
0.7289591908697245,1.6308484825060248,0.71591169544324,0.7858546377561886,XL,42.8,114.0,95.5,180.0,95.1
-0.2874076916998256,0.041369695484404174,0.23296083301681814,-0.7079960901536961,M,41.0,98.4,89.6,176.89999999999998,75.6
1.2371426321545034,2.4121177168047883,2.227080523035579,-0.5241375390263252,M,43.7,97.6,98.4,189.7,78.0
-0.2874076916998256,0.6071163823904066,-0.9977849131666312,0.5943353136651778,XL,41.0,114.7,91.7,169.0,92.6
0.9548184981074058,1.7924903930505947,2.3828711238182945,-0.21004584751706787,L,43.2,105.7,96.1,190.7,82.1
-1.529633881507057,0.2838325613012629,0.3887514337995337,1.9119882634113328,XL,38.8,118.3,90.5,177.89999999999998,109.8
2.1405798611052127,1.0112211587518352,1.6662343602178038,0.8241585025743908,L,45.3,109.8,93.2,186.1,95.6
-0.6826614793657639,-0.3896753993011181,-1.075680213557989,-1.6502711646814694,S,40.3,94.2,88.0,168.5,63.3
0.6160295372508878,0.6071163823904066,0.6691745152084235,0.9390700970289974,L,42.6,108.3,91.7,179.7,97.1
0.05138126915669242,1.2806243429927875,-1.0445220934014432,-0.677352998299134,M,41.6,97.9,94.2,168.70000000000002,76.0
-0.17447803808098492,0.4724147902699303,0.7938069958345977,0.5943353136651778,L,41.2,110.4,91.2,180.5,92.6
0.503099883632047,0.9573405219036438,0.014853991921019917,1.8047374419203672,XXL,42.4,120.2,93.0,175.5,108.4
-2.37660628364835,-0.25497380718064194,-0.8108361922273742,-2.19418604509994,XS,37.3,86.2,88.5,170.2,56.2
-0.23094286489040525,0.499355108694024,-0.12535754878342498,0.19597511955587604,L,41.1,104.2,91.3,174.6,87.4
-1.699028361935314,-2.1946767337154998,-1.3093661147320623,-1.6502711646814694,S,38.5,94.7,81.3,167.0,63.3
-1.1343800938411186,-1.7636316389299738,-2.026002878332553,-0.17174198269886568,L,39.5,107.7,82.9,162.4,82.6
1.6888612466298583,1.0381614771759289,-0.04746224839206719,1.4140380207747045,XL,44.5,115.2,93.3,175.1,103.3
-0.6826614793657639,0.5801760639663089,0.24853989309509325,-0.5854237227354485,M,40.3,100.2,91.6,177.0,77.2
0.10784609596611276,-0.6860189019661642,-0.4992549906619432,0.24193975733771822,L,41.7,105.9,86.9,172.2,88.0
-0.005083557652727914,0.5262954271181215,-1.137996453871076,1.544271161156592,XL,41.5,119.6,91.4,168.1,105.0
0.6160295372508878,1.3075646614168812,0.3887514337995337,1.0233385996290427,XL,42.6,112.8,94.3,177.89999999999998,98.2
-0.17447803808098492,1.8194307114746924,2.741189505618542,-1.2212678787176043,S,41.2,91.0,96.2,193.0,68.9
-1.0779152670316983,-0.9284817677830229,0.6535954551301528,0.035098887319426265,M,39.6,102.2,86.0,179.6,85.3
-0.7391263061751803,-0.6860189019661642,-1.4963148356713236,1.0386601455563238,XL,40.2,118.1,86.9,165.79999999999998,98.4
-0.9649856134128616,-2.1407960968673088,-2.6803234016199564,-1.2825540624267286,M,39.8,97.1,81.5,158.20000000000002,68.1
0.7854240176791448,1.5500275272337398,0.824965115991139,2.1494722252841867,XXL,42.9,122.7,95.2,180.7,112.9
1.971185380676956,1.1189824324482138,-0.17209472901823697,1.1152678751927283,L,45.0,111.0,93.6,174.3,99.4
0.2772405763943698,1.684729119354216,-0.623887471288113,1.5749142530111542,L,42.0,111.2,95.7,171.4,105.4
-1.868422842363571,-1.4134074994167365,-0.8887314926187276,-1.4127872028086153,M,38.2,98.7,84.2,169.70000000000002,66.4
-0.7391263061751803,-0.766839857238453,-0.42135969027058096,-0.7309784090446172,M,40.2,102.2,86.6,172.70000000000002,75.3
-0.17447803808098492,0.41853415342173905,-0.7017827716794708,1.8890059445204117,XXL,41.2,121.6,91.0,170.9,109.5
-0.9649856134128616,-0.7937801756625467,-0.04746224839206719,-1.2978756083540086,S,39.8,92.7,86.5,175.1,67.9
-0.2874076916998256,0.041369695484404174,-0.5459921708967552,-0.700335317190055,M,41.0,96.2,89.6,171.9,75.7
0.8418888444885652,0.7418179745108827,0.9807557167738545,1.1305894211200083,L,43.0,106.6,92.2,181.7,99.6
0.3337054032037901,2.1157742141397384,2.6944523253837303,1.0156778266654016,M,42.1,103.5,97.3,192.70000000000002,98.1
1.971185380676956,1.8194307114746924,1.5104437594350884,2.0498821767568605,XL,45.0,112.3,96.2,185.1,111.6
0.503099883632047,0.3377131981494541,0.8405441760694141,-0.914836960171987,M,42.4,96.9,90.7,180.8,72.9
0.39017023001321044,-0.3896753993011181,-1.4184195352799613,1.0309993725926827,XXL,42.2,120.3,88.0,166.3,98.3
-0.34387251850924594,1.09204211402412,1.2455997381044737,0.1270281628831117,M,40.9,97.8,93.5,183.4,86.5
-0.7391263061751803,-0.766839857238453,-0.8419943123839156,-1.6655927106087498,S,40.2,89.1,86.6,170.0,63.1
-0.23094286489040525,0.41853415342173905,0.8405441760694141,0.8931054592471551,L,41.1,111.6,91.0,180.8,96.5
0.39017023001321044,-0.12027221506016574,-0.4992549906619432,-0.5394590849536063,M,42.2,103.9,89.0,172.2,77.8
1.011283324916822,0.41853415342173905,0.326435193486451,0.21129666548315604,M,43.3,100.4,91.0,177.5,87.6
0.10784609596611276,0.6879373376626915,1.1209672574782994,1.3757341559565024,XL,41.7,112.2,92.0,182.6,102.8
2.4229039951523106,1.0112211587518352,0.20180271286027682,0.6632822703379421,L,45.8,110.6,93.2,176.7,93.5
0.2772405763943698,-0.6321382651179768,-1.075680213557989,-0.49349444717176305,M,42.0,103.2,87.1,168.5,78.4
-0.9085207866034413,0.20301160602897791,-0.2967272096444112,0.5024060381014934,XL,39.9,114.6,90.2,173.5,91.4
-0.005083557652727914,-0.5782576282697856,-1.3405242348886082,0.20363589251951605,L,41.5,105.4,87.3,166.79999999999998,87.5
-0.4568021721280826,-0.25497380718064194,-1.1847336341058925,-1.6196280728269072,S,40.7,94.2,88.5,167.79999999999998,63.7
1.0677481517262424,0.9034598850554526,0.8405441760694141,0.6939253621925043,L,43.4,109.0,92.8,180.8,93.9
-0.7391263061751803,0.8226389297831677,1.432548459043735,-0.914836960171987,S,40.2,94.4,92.5,184.60000000000002,72.9
-1.2473097474599593,-0.9823624046312142,0.2641189531733639,-0.05683038824425917,M,39.3,100.6,85.8,177.1,84.1
-0.8520559597940209,0.2299519244530716,0.31085613340818036,0.21895743844679713,L,40.0,106.6,90.3,177.4,87.7
-0.6826614793657639,-0.5243769914215943,-0.0941994286268792,0.8931054592471551,XL,40.3,114.7,87.5,174.8,96.5
0.9548184981074058,1.5230872088096423,0.5445420345822537,1.0922855563018061,L,43.2,108.3,95.1,178.9,99.1
1.6888612466298583,1.172863069296405,1.1053881974000288,1.1688932859382104,XL,44.5,113.0,93.8,182.5,100.1
1.5759315930110176,0.8765195666313589,-0.8731524325404614,0.18065357362859497,L,44.3,106.2,92.7,169.79999999999998,87.2
0.6160295372508878,1.3345049798409787,1.4948646993568178,2.1647937712114667,XL,42.6,117.4,94.4,185.0,113.1
-1.3037745742693756,-0.766839857238453,0.18622365278200614,-0.7999253657173805,M,39.2,97.3,86.6,176.6,74.4
-1.868422842363571,-1.4672881362649277,-1.8078960372367547,-1.5430203431905027,S,38.2,91.9,84.0,163.79999999999998,64.7
0.16431092277552908,0.6879373376626915,0.9963347768521297,1.306787199283739,XL,41.8,117.2,92.0,181.8,101.9
0.05138126915669242,-1.0631833599034992,-1.4028404752016908,-1.2825540624267286,S,41.6,92.7,85.5,166.4,68.1
1.632396419820438,1.9271919851710708,2.3049758234269366,0.33386903290140363,L,44.4,107.6,96.6,190.2,89.2
0.4466350568226268,1.0381614771759289,-0.4992549906619432,-0.1870635286261457,M,42.3,103.7,93.3,172.2,82.4
0.4466350568226268,0.9034598850554526,1.2300206780261986,-0.4245474904989998,M,42.3,98.1,92.8,183.29999999999998,79.3
1.463001939392181,1.4961468903855486,1.4481275191220013,2.432920824938882,XL,44.1,118.2,95.0,184.7,116.6
-0.2874076916998256,-1.0093027230553078,-0.9977849131666312,0.7628723188652675,L,41.0,111.7,85.7,169.0,94.8
0.8983536712979855,1.172863069296405,0.824965115991139,1.8736843985931306,XL,43.1,115.4,93.8,180.7,109.3
-1.2473097474599593,-1.2517655888721666,-1.6053682562192226,-1.2289286516812454,M,39.3,99.3,84.8,165.1,68.8
0.6724943640603082,1.7116694377783097,0.2173817729385519,1.559592707083873,XL,42.7,116.7,95.8,176.8,105.2
-1.2473097474599593,0.31077287972535655,0.9028604163825013,-0.6160668145900107,M,39.3,100.7,90.6,181.20000000000002,76.8
1.2936074589639197,0.014429377060310465,-0.17209472901823697,0.6019960866288189,L,43.8,110.1,89.5,174.3,92.7
-0.8520559597940209,-0.6590785835420705,-0.6083084112098422,-0.21770662048070785,L,40.0,105.9,87.0,171.5,82.0
1.2371426321545034,-0.012510941363783242,-1.137996453871076,0.21895743844679713,XL,43.7,113.1,89.4,168.1,87.7
1.4065371125827604,1.2806243429927875,1.4481275191220013,-0.1794027556625057,L,44.0,105.4,94.2,184.7,82.5
-1.190844920650539,-1.0631833599034992,-1.0912592736362596,-0.6620314523718528,M,39.4,98.8,85.5,168.4,76.2
0.7289591908697245,1.4961468903855486,1.728550600530891,0.34919057882868476,L,42.8,105.9,95.0,186.5,89.4
-1.699028361935314,-0.2819141256047356,-0.3434643898792276,-0.4398690364262809,L,38.5,105.3,88.4,173.2,79.1
-0.8520559597940209,-1.2517655888721666,-1.5430520159061356,-1.3131971542812897,M,40.0,96.5,84.8,165.5,67.7
0.4466350568226268,-0.3896753993011181,0.07717023223410259,0.012116568428505179,M,42.3,103.8,88.0,175.89999999999998,85.0
1.0677481517262424,0.5801760639663089,0.1550655326254648,-0.7539607279355383,M,43.4,99.7,91.6,176.4,75.0
0.16431092277552908,1.0112211587518352,-0.2188319092530534,-0.5241375390263252,M,41.8,102.8,93.2,174.0,78.0
-0.9649856134128616,-0.36273508087702444,0.18622365278200614,-0.7386391820082572,M,39.8,97.5,88.1,176.6,75.2
-2.207211803220089,-1.0901236783275927,-1.527472955827865,-1.0910347383357177,M,37.6,100.8,85.4,165.6,70.6
-1.699028361935314,-2.0060945047468324,-1.137996453871076,-1.933719764336165,S,38.5,90.1,82.0,168.1,59.6
-0.23094286489040525,-0.551317309845688,-1.4963148356713236,0.09638507102854953,M,41.1,99.4,87.4,165.79999999999998,86.1
-2.037817322791832,-2.3024380074118787,-2.586849041150328,-2.2707937747363443,S,37.9,88.9,80.9,158.8,55.2
-0.40033734531866627,-0.5243769914215943,-0.0007250681572507532,-0.9608015979538302,S,40.8,94.7,87.5,175.4,72.3
0.3337054032037901,0.6340567008145002,0.528962974503983,0.44878062735601015,L,42.1,110.7,91.8,178.8,90.7
0.5595647104414675,0.14913096918078667,0.8093860559128684,-1.2136071057539644,S,42.5,93.8,90.0,180.6,69.0
0.2772405763943698,-0.766839857238453,-0.8887314926187276,0.847140821465313,XL,42.0,112.2,86.6,169.70000000000002,95.9
1.801790900248699,0.6879373376626915,0.24853989309509325,-1.2136071057539644,S,44.7,95.9,92.0,177.0,69.0
0.39017023001321044,0.14913096918078667,0.6535954551301528,-0.06449116120789916,L,42.2,105.5,90.0,179.6,84.0
0.2772405763943698,0.499355108694024,0.9495975966173132,-0.4322082634626398,M,42.0,101.7,91.3,181.5,79.2
-0.34387251850924594,-0.12027221506016574,0.030433051999290587,-1.0910347383357177,S,40.9,94.3,89.0,175.6,70.6
1.2371426321545034,-0.5243769914215943,-0.8264152523056449,-0.4398690364262809,M,43.7,103.1,87.5,170.1,79.1
1.801790900248699,0.9842808403277375,-0.04746224839206719,0.2955651680832015,XL,44.7,112.8,93.1,175.1,88.7
0.9548184981074058,0.6609970192385978,0.7314907555215105,0.17299280066495387,M,43.2,103.2,91.9,180.1,87.1
-0.6261966525563436,-0.7398995388143554,-0.26556908948786545,0.19597511955587604,M,40.4,102.8,86.7,173.70000000000002,87.4
0.2772405763943698,0.4454744718458328,0.48222579426916656,-0.27899280418983113,L,42.0,104.6,91.1,178.5,81.2
0.6724943640603082,0.041369695484404174,0.2641189531733639,0.20363589251951605,L,42.7,104.7,89.6,177.1,87.5
-0.17447803808098492,-0.12027221506016574,0.2641189531733639,-0.5854237227354485,M,41.2,96.2,89.0,177.1,77.2
-1.190844920650539,-1.9791541863227389,-2.7114815217765025,-1.4893949324450195,S,39.4,94.9,82.1,158.0,65.4
-0.17447803808098492,-0.14721253348425944,-1.075680213557989,0.18065357362859497,L,41.2,111.4,88.9,168.5,87.2
-1.1343800938411186,-1.5481090915372127,-1.2314708143407045,-1.13699937611756,M,39.5,97.1,83.7,167.5,70.0
-1.868422842363571,-0.14721253348425944,-1.2314708143407045,-0.48583367420812307,M,38.2,103.3,88.9,167.5,78.5
0.2772405763943698,0.17607128760488036,-0.9977849131666312,0.16533202770131386,L,42.0,111.8,90.1,169.0,87.0
-1.2473097474599593,-1.655870365233595,-2.50895374075897,-1.13699937611756,M,39.3,102.7,83.3,159.3,70.0
-0.23094286489040525,-0.06639157821197449,-0.26556908948786545,-0.1870635286261457,L,41.1,106.4,89.2,173.70000000000002,82.4
-0.1180132112715686,-0.03945125978788078,-0.9510477329318148,-0.2713320312261911,L,41.3,107.3,89.3,169.3,81.3
-0.005083557652727914,0.12219065075669296,-0.7485199519142872,0.18831434659223495,L,41.5,108.8,89.9,170.6,87.3
1.6888612466298583,1.3614452982650724,2.086868982331134,-0.470512128280842,M,44.5,96.8,94.5,188.79999999999998,78.7
-0.4568021721280826,0.36465351657354783,-0.7485199519142872,-0.7692822738628193,M,40.7,102.0,90.8,170.6,74.8
0.8418888444885652,0.6879373376626915,1.354653158652373,-0.4245474904989998,M,43.0,98.7,92.0,184.1,79.3
1.8582557270581153,2.573759627349358,2.367292063740024,0.7169076810834254,L,44.8,106.1,99.0,190.6,94.2
0.503099883632047,0.9573405219036438,1.744129660609166,0.14234970881039277,M,42.4,99.4,93.0,186.60000000000002,86.7
0.8418888444885652,0.9573405219036438,0.528962974503983,0.31088671401048257,XL,43.0,112.7,93.0,178.8,88.9
1.9147205538675356,2.2774161246843123,2.0712899222528636,0.9314093240653574,L,44.9,106.9,97.9,188.7,97.0
-0.34387251850924594,0.4454744718458328,-1.0445220934014432,0.6862645892288632,L,40.9,110.7,91.1,168.70000000000002,93.8
0.6160295372508878,0.7687582929349764,-0.4680968705053974,1.5136280693020299,XXL,42.6,124.2,92.3,172.4,104.6
0.05138126915669242,0.6879373376626915,-0.6862037116012001,-0.6160668145900107,M,41.6,98.9,92.0,171.0,76.8
0.2772405763943698,0.4454744718458328,0.1394864725471897,1.957952901193176,XXL,42.0,121.1,91.1,176.29999999999998,110.4
-0.5697318257469233,-0.766839857238453,-0.4992549906619432,1.0922855563018061,XL,40.5,113.5,86.6,172.2,99.1
-1.0779152670316983,-1.1978849520239754,-0.4992549906619432,-0.08747348009882025,M,39.6,101.7,85.0,172.2,83.7
0.4466350568226268,-0.4974366729975006,-1.4807357755930486,-1.2365894246448854,M,42.3,100.0,87.6,165.9,68.7
0.8418888444885652,-0.03945125978788078,-0.20325284917477832,0.2802436221559204,L,43.0,109.2,89.3,174.10000000000002,88.5
-0.8520559597940209,-0.41661571772521183,-0.6862037116012001,0.15767125473767388,L,40.0,111.3,87.9,171.0,86.9
-0.4568021721280826,1.3614452982650724,0.31085613340818036,1.4216987937383456,XL,40.7,112.7,94.5,177.4,103.4
-0.9649856134128616,-1.4942284546890214,-0.37462251003576896,-0.4322082634626398,M,39.8,101.9,83.9,173.0,79.2
0.2772405763943698,0.20301160602897791,0.6847535752866986,-1.5123772513359417,S,42.0,93.9,90.2,179.8,65.1
-0.23094286489040525,0.36465351657354783,-0.24999002940959475,-0.1334381178806635,L,41.1,104.4,90.8,173.8,83.1
1.0677481517262424,1.684729119354216,0.4199095539560795,1.1535717400109304,XL,43.4,112.5,95.7,178.1,99.9
-0.23094286489040525,-1.224825270448069,-2.0415819384108236,0.9160877781380763,XXL,41.1,121.9,84.9,162.3,96.8
-0.7391263061751803,-0.4435560361493094,-0.45251781042712674,-0.010865750462415908,L,40.2,104.3,87.8,172.5,84.7
0.6160295372508878,0.41853415342173905,0.030433051999290587,-0.8535507764628637,M,42.6,100.9,91.0,175.6,73.7
1.1242129785356627,0.7687582929349764,0.71591169544324,0.004455795464865179,L,43.5,109.7,92.3,180.0,84.9
0.39017023001321044,1.09204211402412,0.37317237372126744,1.0463209185199638,L,42.2,107.9,93.5,177.8,98.5
-0.2874076916998256,-0.12027221506016574,-1.247049874418975,-0.5701021768081674,M,41.0,102.5,89.0,167.4,77.4
0.05138126915669242,-0.03945125978788078,0.31085613340818036,0.05042043324670735,M,41.6,99.7,89.3,177.4,85.5
1.5759315930110176,0.14913096918078667,-0.7640990119925578,2.011578311938658,XXL,44.3,125.0,90.0,170.5,111.1
0.5595647104414675,0.4454744718458328,-0.07862036854860853,-0.1487596638079435,L,42.5,107.5,91.1,174.9,82.9
0.2772405763943698,0.7148776560867851,1.0430719570869418,0.9007662322107951,XL,42.0,116.1,92.1,182.1,96.6
-0.40033734531866627,-1.1978849520239754,-0.9822058530883605,-1.4051264298449753,M,40.8,101.4,85.0,169.1,66.5
-0.4568021721280826,-0.7937801756625467,-1.0601011534797182,0.15001048177403278,L,40.7,108.7,86.5,168.6,86.8
1.4065371125827604,1.0651017956000264,1.074230077243483,0.6556214973743021,L,44.0,110.0,93.4,182.29999999999998,93.4
1.801790900248699,2.0349532588674535,0.2641189531733639,2.1035075875023437,XXL,44.7,129.7,97.0,177.1,112.3
-0.40033734531866627,0.014429377060310465,-0.06304130847033786,0.8088369566471109,L,40.8,111.7,89.5,175.0,95.4
-0.4568021721280826,-0.6590785835420705,-1.0445220934014432,-0.5547806308808874,M,40.7,101.7,87.0,168.70000000000002,77.6
-0.2874076916998256,-1.224825270448069,-1.7455797969236677,-0.9301585060992681,M,41.0,101.4,84.9,164.2,72.7
-0.5697318257469233,-1.1440043151757842,-0.3123062697226819,0.5100668110651334,XL,40.5,113.2,85.2,173.4,91.5
0.7854240176791448,1.3614452982650724,0.04601211207756126,1.743451258211243,XL,42.9,117.3,94.5,175.7,107.6
0.39017023001321044,0.5532357455422152,0.4666467341908959,1.3680733829928624,XL,42.2,114.4,91.5,178.4,102.7
0.39017023001321044,-0.47049635457340305,-1.075680213557989,-0.3862436256807976,L,42.2,107.2,87.7,168.5,79.8
-0.2874076916998256,0.31077287972535655,-0.18767378909651208,-0.07215193417153917,M,41.0,101.7,90.6,174.2,83.9
1.35007228577334,0.5801760639663089,0.528962974503983,0.3032259410468415,L,43.9,106.6,91.6,178.8,88.8
-0.7391263061751803,-0.36273508087702444,-0.9354686728535441,0.32620825993776253,XL,40.2,112.7,88.1,169.4,89.1
1.1242129785356627,1.4692065719614549,1.8531830811570653,1.1459109670472893,L,43.5,110.1,94.9,187.3,99.8
-1.360239401078796,-1.817512275778165,-1.8546332174715667,-0.6237275875536507,L,39.1,105.7,82.7,163.5,76.7
1.971185380676956,2.1157742141397384,1.2300206780261986,2.5325108734662085,XL,45.0,119.4,97.3,183.29999999999998,117.9
1.1242129785356627,2.3312967615324993,2.5698198447575558,1.8200589878476472,XL,43.5,112.7,98.1,191.9,108.6
-1.2473097474599593,1.2806243429927875,1.1053881974000288,0.7935154107198297,L,39.3,107.2,94.2,182.5,95.2
0.3337054032037901,-0.22803348875654822,-0.3123062697226819,0.22661821141043711,L,42.1,104.1,88.6,173.4,87.8
-0.8520559597940209,-0.8746011309348317,-1.4184195352799613,-0.20238507455342677,L,40.0,105.3,86.2,166.3,82.2
-0.8520559597940209,-0.3896753993011181,-0.5615712309750258,0.16533202770131386,L,40.0,108.8,88.0,171.8,87.0
0.4466350568226268,0.5532357455422152,0.9340185365390425,0.8088369566471109,L,42.3,108.0,91.5,181.4,95.4
-0.7391263061751803,0.7956986113590739,0.09274929231237769,-0.10279502602610134,L,40.2,106.6,92.4,176.0,83.5
-1.7554931887447343,-1.655870365233595,-1.9169494577846538,-1.351501019099492,M,38.4,97.7,83.3,163.1,67.2
0.4466350568226268,0.7418179745108827,-0.2188319092530534,0.6862645892288632,XL,42.3,114.9,92.2,174.0,93.8
1.2936074589639197,1.4961468903855486,-0.07862036854860853,0.49474526513785233,L,43.8,110.6,95.0,174.9,91.3
1.0677481517262424,0.7687582929349764,0.04601211207756126,0.7552115459016275,XL,43.4,114.4,92.3,175.7,94.7
0.4466350568226268,0.6879373376626915,1.8064459009222489,0.8854446862835151,XL,42.3,112.4,92.0,187.0,96.4
-1.1343800938411186,-0.30885444402883316,-0.0007250681572507532,-0.9837839168447513,M,39.5,97.1,88.3,175.4,72.0
-2.207211803220089,-1.1709446335998817,-0.8419943123839156,-1.3974656568813353,S,37.6,94.8,85.1,170.0,66.6
-0.6261966525563436,-1.4672881362649277,-1.1068383337145302,-1.13699937611756,M,40.4,103.4,84.0,168.3,70.0
-1.021450440222278,-0.847660812510738,-0.5771502910532965,-0.6237275875536507,L,39.7,105.6,86.3,171.70000000000002,76.7
0.4466350568226268,0.9573405219036438,1.027492897008671,-0.48583367420812307,M,42.3,96.9,93.0,182.0,78.5
0.4466350568226268,1.7924903930505947,1.4013903388871893,1.9273098093386138,XXL,42.3,123.3,96.1,184.4,110.0
-0.005083557652727914,-0.2819141256047356,-0.42135969027058096,-0.5164767660626852,L,41.5,106.2,88.4,172.70000000000002,78.1
-1.5860987083164733,-0.36273508087702444,-0.8887314926187276,-0.6696922253354939,M,38.7,101.5,88.1,169.70000000000002,76.1
-1.021450440222278,-1.1709446335998817,-0.9198896127752734,-0.9608015979538302,M,39.7,98.6,85.1,169.5,72.3
-0.23094286489040525,0.14913096918078667,0.4199095539560795,-0.21770662048070785,M,41.1,98.7,90.0,178.1,82.0
0.503099883632047,0.20301160602897791,0.4666467341908959,-0.3862436256807976,L,42.4,107.2,90.2,178.4,79.8
-1.3037745742693756,0.14913096918078667,-0.5459921708967552,-0.5317983119899652,M,39.2,102.4,90.0,171.9,77.9
1.2371426321545034,-0.3896753993011181,0.04601211207756126,-0.3862436256807976,M,43.7,103.7,88.0,175.7,79.8
-0.17447803808098492,-0.551317309845688,-0.1565156689399663,-1.2902148353903686,S,41.2,94.9,87.4,174.4,68.0
0.7854240176791448,1.2267437061445963,0.513383914425708,1.8966667174840517,XXL,42.9,125.4,94.0,178.7,109.6
0.39017023001321044,0.014429377060310465,-0.32788532980095253,0.07340275213762844,XL,42.2,113.0,89.5,173.3,85.8
-0.6261966525563436,-1.655870365233595,-0.8731524325404614,-0.1487596638079435,L,40.4,107.7,83.3,169.79999999999998,82.9
0.503099883632047,0.8226389297831677,0.31085613340818036,-0.5701021768081674,M,42.4,99.9,92.5,177.4,77.4
0.39017023001321044,0.9573405219036438,1.074230077243483,1.076964010374526,L,42.2,109.3,93.0,182.29999999999998,98.9
1.2371426321545034,1.2267437061445963,-0.01630412823552585,-0.03384806935333699,L,43.7,107.1,94.0,175.29999999999998,84.4
1.180677805345083,0.6340567008145002,0.6068582748953364,0.019777341392145178,L,43.6,110.6,91.8,179.29999999999998,85.1
-0.6826614793657639,-0.7398995388143554,-1.1691545740276175,-0.8995154142447069,M,40.3,102.4,86.7,167.9,73.1
-1.1343800938411186,-0.4435560361493094,-1.1224173937928055,-0.5547806308808874,M,39.5,103.8,87.8,168.2,77.6
-0.2874076916998256,0.2299519244530716,0.10832835239064836,-0.7233176360809761,M,41.0,99.4,90.3,176.1,75.4
0.10784609596611276,0.5801760639663089,-0.5771502910532965,0.877783913319874,XL,41.7,114.9,91.6,171.70000000000002,96.3
-0.005083557652727914,-0.03945125978788078,0.014853991921019917,0.1117066169558306,L,41.5,104.4,89.3,175.5,86.3
1.1242129785356627,-0.12027221506016574,-1.137996453871076,0.6096568595924589,XL,43.5,118.0,89.0,168.1,92.8
0.6160295372508878,-0.03945125978788078,0.71591169544324,-0.09513425306246134,L,42.6,104.3,89.3,180.0,83.6
-1.4731690546976366,-1.0093027230553078,-0.7485199519142872,0.09638507102854953,L,38.9,105.8,85.7,170.6,86.1
0.10784609596611276,0.14913096918078667,0.528962974503983,-0.4781729012444831,M,41.7,100.7,90.0,178.8,78.6
2.648763302389992,1.0112211587518352,-0.6550455914446587,1.5825750259747942,XL,46.2,117.7,93.2,171.2,105.5
-0.8520559597940209,-1.2787059072962603,-1.4184195352799613,-1.1906247868630433,S,40.0,95.0,84.7,166.3,69.3
-0.9649856134128616,-1.6289300468094976,-1.2314708143407045,-1.2672325164994476,S,39.8,95.3,83.4,167.5,68.3
-0.17447803808098492,-0.9823624046312142,-0.7329408918360121,-2.002666721008929,S,41.2,88.8,85.8,170.70000000000002,58.7
-1.360239401078796,-1.2787059072962603,-1.8546332174715667,-1.0450701005538745,M,39.1,99.9,84.7,163.5,71.2
0.503099883632047,0.41853415342173905,-0.9354686728535441,-0.7846038197901004,M,42.4,102.9,91.0,169.4,74.6
1.801790900248699,1.765550074626501,-0.2188319092530534,1.1229286481563683,XXL,44.7,122.3,96.0,174.0,99.5
0.5595647104414675,0.09525033233259542,-1.1535755139493467,-0.010865750462415908,L,42.5,106.8,89.8,168.0,84.7
0.16431092277552908,0.2299519244530716,-0.8731524325404614,-0.14109889084430352,L,41.8,107.4,90.3,169.79999999999998,83.0
0.503099883632047,1.6308484825060248,1.4637065792002764,0.2496005303013582,M,42.4,99.4,95.5,184.8,88.1
0.8418888444885652,0.2838325613012629,-0.8887314926187276,0.3721728977196058,L,43.0,110.5,90.5,169.70000000000002,89.7
-0.005083557652727914,1.9002516667469773,0.9340185365390425,0.1040458439921906,L,41.5,108.2,96.5,181.4,86.2
1.011283324916822,1.0381614771759289,1.0119138369304004,1.0003562807381217,L,43.3,105.2,93.3,181.9,97.9
0.2772405763943698,0.6071163823904066,-0.4057806301923103,0.15001048177403278,M,42.0,102.2,91.7,172.8,86.8
0.8418888444885652,0.5532357455422152,-0.4836759305836681,-1.1906247868630433,M,43.0,98.6,91.5,172.3,69.3
0.8418888444885652,0.7418179745108827,0.8405441760694141,0.3032259410468415,L,43.0,111.1,92.2,180.8,88.8
-0.4568021721280826,-0.7937801756625467,0.49780485434743726,-0.6926745442264151,M,40.7,98.6,86.5,178.6,75.8
-0.40033734531866627,0.14913096918078667,-0.9043105526970028,-1.114017057226639,S,40.8,95.0,90.0,169.6,70.3
0.2772405763943698,-0.36273508087702444,-0.10977848870514988,-0.8075861386810216,M,42.0,100.5,88.1,174.70000000000002,74.3
0.6160295372508878,2.3582370799565973,0.326435193486451,0.5943353136651778,M,42.6,102.5,98.2,177.5,92.6
-0.9649856134128616,0.6340567008145002,0.7470698155997857,0.418137535501448,L,39.8,105.3,91.8,180.20000000000002,90.3
2.5358336487711512,1.3075646614168812,2.1336061625659504,0.4564414003196502,L,46.0,109.2,94.3,189.1,90.8
-0.5697318257469233,-1.1170639967516904,-1.3872614151234202,-2.1865252721362998,XS,40.5,87.9,85.3,166.5,56.3
-0.4568021721280826,-0.8746011309348317,0.6068582748953364,0.2342789843740782,M,40.7,100.9,86.2,179.29999999999998,87.9
-0.40033734531866627,-0.2010931703324507,-0.8264152523056449,-0.07215193417153917,L,40.8,106.4,88.7,170.1,83.9
1.5759315930110176,0.6879373376626915,0.8405441760694141,-0.6084060416263696,M,44.3,98.5,92.0,180.8,76.9
-0.4568021721280826,-0.012510941363783242,0.17064459270373547,-0.31729666900803327,L,40.7,104.4,89.4,176.5,80.7
1.4065371125827604,2.0080129404433595,1.868762141235336,2.0881860415750624,XXL,44.0,127.2,96.9,187.4,112.1
-0.8520559597940209,-1.4672881362649277,-1.0601011534797182,-1.3208579272449308,M,40.0,97.0,84.0,168.6,67.6
0.10784609596611276,-1.4672881362649277,-1.215891754262434,1.1918756048291326,XL,41.7,118.5,84.0,167.6,100.4
-0.17447803808098492,-0.6051979466938793,-1.0133639732449018,-0.5164767660626852,L,41.2,107.2,87.2,168.9,78.1
-0.5132669989375029,0.041369695484404174,-0.6706246515229294,-1.0680524194447956,M,40.6,97.9,89.6,171.1,70.9
0.8983536712979855,0.6609970192385978,2.0712899222528636,-0.4475298093899209,S,43.1,93.2,91.9,188.7,79.0
-0.5132669989375029,0.041369695484404174,-0.45251781042712674,-1.2289286516812454,S,40.6,93.2,89.6,172.5,68.8
-0.8520559597940209,-0.5243769914215943,0.12390741246891904,-0.7692822738628193,M,40.0,98.9,87.5,176.2,74.8
-1.0779152670316983,-2.3024380074118787,-1.0133639732449018,-0.7846038197901004,M,39.6,99.2,80.9,168.9,74.6
1.632396419820438,0.4724147902699303,-0.2967272096444112,0.7398899999743465,XL,44.4,115.5,91.2,173.5,94.5
-0.6826614793657639,-0.7937801756625467,-0.7173618317577458,-0.39390439864443766,M,40.3,102.4,86.5,170.79999999999998,79.7
1.0677481517262424,0.014429377060310465,0.4043304938778088,0.21895743844679713,L,43.4,107.6,89.5,178.0,87.7
-0.40033734531866627,0.2838325613012629,0.45106767411262083,-0.3785828527171565,M,40.8,100.4,90.5,178.29999999999998,79.9
0.39017023001321044,0.3377131981494541,0.37317237372126744,0.3951552166105269,L,42.2,110.5,90.7,177.8,90.0
0.503099883632047,1.765550074626501,0.9340185365390425,0.7245684540470654,L,42.4,110.2,96.0,181.4,94.3
-1.190844920650539,-0.6321382651179768,-1.2314708143407045,0.647960724410661,XL,39.4,118.2,87.1,167.5,93.3
0.2772405763943698,-0.12027221506016574,-0.32788532980095253,0.22661821141043711,L,42.0,108.8,89.0,173.3,87.8
-0.5697318257469233,0.014429377060310465,-0.24999002940959475,1.766433577102165,XXL,40.5,120.2,89.5,173.8,107.9
-1.2473097474599593,0.14913096918078667,-0.6706246515229294,-0.4398690364262809,L,39.3,105.4,90.0,171.1,79.1
-0.1180132112715686,-1.1709446335998817,-1.3872614151234202,-0.5241375390263252,L,41.3,109.7,85.1,166.5,78.0
1.4065371125827604,0.5532357455422152,0.9028604163825013,0.48708449217421235,XL,44.0,113.2,91.5,181.20000000000002,91.2
1.1242129785356627,1.8463710298987859,0.7314907555215105,1.980935220084097,XL,43.5,117.4,96.3,180.1,110.7
0.3337054032037901,0.14913096918078667,-0.06304130847033786,0.877783913319874,XL,42.1,114.3,90.0,175.0,96.3
-1.190844920650539,-0.5243769914215943,-1.0601011534797182,0.7935154107198297,XL,39.4,115.8,87.5,168.6,95.2
0.7854240176791448,0.5532357455422152,0.7470698155997857,1.5825750259747942,XL,42.9,117.6,91.5,180.20000000000002,105.5
0.4466350568226268,1.765550074626501,1.027492897008671,1.0233385996290427,L,42.3,110.3,96.0,182.0,98.2
-0.5697318257469233,-0.6590785835420705,0.04601211207756126,0.8931054592471551,XL,40.5,113.7,87.0,175.7,96.5
1.011283324916822,1.25368402456869,0.4043304938778088,0.847140821465313,L,43.3,110.8,94.1,178.0,95.9
-1.021450440222278,0.499355108694024,0.4043304938778088,-0.6237275875536507,M,39.7,103.2,91.3,178.0,76.7
-0.005083557652727914,-0.30885444402883316,-1.1224173937928055,-0.026187296389696996,L,41.5,107.7,88.3,168.2,84.5
1.2371426321545034,-0.36273508087702444,-0.6706246515229294,0.8318192755380319,XL,43.7,117.3,88.1,171.1,95.7
-1.2473097474599593,-0.3357947624529269,-1.1691545740276175,-0.3019751230807522,L,39.3,110.4,88.2,167.9,80.9
-0.5132669989375029,-0.9284817677830229,-1.247049874418975,-0.06449116120789916,L,40.6,111.7,86.0,167.4,84.0
-0.17447803808098492,0.9573405219036438,0.014853991921019917,-0.04150884231697808,M,41.2,102.4,93.0,175.5,84.3
-0.17447803808098492,-0.5243769914215943,-0.7485199519142872,-0.04916961528061808,L,41.2,107.6,87.5,170.6,84.2
1.2936074589639197,1.2267437061445963,1.4948646993568178,0.16533202770131386,L,43.8,105.8,94.0,185.0,87.0
-0.34387251850924594,-1.440347817840834,-1.215891754262434,-1.5276987972632217,S,40.9,94.9,84.1,167.6,64.9
2.1405798611052127,1.6308484825060248,2.398450183896565,0.7322292270107065,L,45.3,105.7,95.5,190.79999999999998,94.4
1.5759315930110176,0.7687582929349764,1.1053881974000288,0.5943353136651778,L,44.3,108.2,92.3,182.5,92.6
0.5595647104414675,1.9541323035951685,0.7003326353649693,0.9543916429562784,XXL,42.5,121.7,96.7,179.9,97.3
-1.360239401078796,0.8495792482072614,0.8717022962259554,-0.2943143501171122,M,39.1,101.6,92.6,181.0,81.0
1.632396419820438,0.7148776560867851,0.5912792148170701,-0.35560053382623547,L,44.4,105.2,92.1,179.20000000000002,80.2
-0.5132669989375029,-0.7937801756625467,-0.4992549906619432,-1.3898048839176942,S,40.6,92.3,86.5,172.2,66.7
0.16431092277552908,-0.03945125978788078,-0.6394665313663837,-0.06449116120789916,L,41.8,105.6,89.3,171.3,84.0
0.8418888444885652,0.41853415342173905,0.326435193486451,0.5713529947742567,XL,43.0,115.5,91.0,177.5,92.3
1.7453260734392786,2.304356443108406,1.6662343602178038,0.2955651680832015,L,44.6,111.0,98.0,186.1,88.7
-0.17447803808098492,-1.1440043151757842,-1.4651567155147778,-0.4475298093899209,M,41.2,103.6,85.2,166.0,79.0
0.22077574958494942,0.041369695484404174,-0.0007250681572507532,1.942631355265895,XXL,41.9,123.7,89.6,175.4,110.2
-2.32014145683893,-0.2010931703324507,0.12390741246891904,-0.1487596638079435,L,37.4,104.3,88.7,176.2,82.9
-2.0942821496012525,-1.1170639967516904,-0.4680968705053974,0.2649220762286393,L,37.8,106.8,85.3,172.4,88.3
-1.4167042278882163,-0.9823624046312142,-1.979265698097741,-0.17174198269886568,XL,39.0,117.7,85.8,162.7,82.6
-0.2874076916998256,-0.4974366729975006,-0.3590434499574939,1.728129712283963,XL,41.0,115.8,87.6,173.10000000000002,107.4
-1.1343800938411186,0.7687582929349764,1.681813420296079,-0.7539607279355383,M,39.5,99.2,92.3,186.20000000000002,75.0
-1.190844920650539,0.8226389297831677,1.2455997381044737,1.1918756048291326,XL,39.4,112.8,92.5,183.4,100.4
-0.8520559597940209,0.17607128760488036,0.24853989309509325,0.8318192755380319,XL,40.0,112.0,90.1,177.0,95.7
0.39017023001321044,-0.766839857238453,-1.2314708143407045,0.34919057882868476,L,42.2,110.4,86.6,167.5,89.4
0.39017023001321044,0.2838325613012629,-0.5148340507402094,0.004455795464865179,L,42.2,106.7,90.5,172.10000000000002,84.9
0.10784609596611276,-0.8207204940866404,-1.262628934497246,0.6249784055197399,XL,41.7,112.6,86.4,167.3,93.0
1.0677481517262424,-0.6590785835420705,-0.06304130847033786,1.4829849774474688,XL,43.4,114.2,87.0,175.0,104.2
0.05138126915669242,1.7386097562024072,0.4043304938778088,0.44878062735601015,L,41.6,108.6,95.9,178.0,90.7
-0.6826614793657639,1.172863069296405,1.339074098574102,-1.2748932894630876,S,40.3,92.8,93.8,184.0,68.2
0.22077574958494942,2.1696548509879294,1.8531830811570653,0.410476762537808,L,41.9,108.9,97.5,187.3,90.2
1.801790900248699,0.8226389297831677,0.4043304938778088,2.609118603102613,XXL,44.7,125.3,92.5,178.0,118.9
0.22077574958494942,0.36465351657354783,0.2173817729385519,0.5636922218106167,XL,41.9,117.6,90.8,176.8,92.2
1.8582557270581153,1.7116694377783097,1.0430719570869418,1.2378402426109747,XL,44.8,115.1,95.8,182.1,101.0
0.39017023001321044,-0.17415285190835697,-0.8731524325404614,-0.4015651716080787,XL,42.2,112.3,88.8,169.79999999999998,79.6
0.10784609596611276,0.4724147902699303,-0.9977849131666312,1.536610388192952,XXL,41.7,123.3,91.2,169.0,104.9
0.6724943640603082,0.2838325613012629,0.29527707332990527,1.1152678751927283,L,42.7,111.7,90.5,177.29999999999998,99.4
0.3337054032037901,-0.7129592203902617,-0.1565156689399663,0.08106352510126952,L,42.1,107.9,86.8,174.4,85.9
-1.6425635351258936,-0.9823624046312142,-0.32788532980095253,-0.914836960171987,M,38.6,98.8,85.8,173.3,72.9
-0.061548384462148255,-0.6860189019661642,0.9184394764607675,-1.1676424679721222,S,41.4,93.2,86.9,181.29999999999998,69.6
0.10784609596611276,1.25368402456869,1.2455997381044737,1.4523418855929067,XL,41.7,117.9,94.1,183.4,103.8
0.2772405763943698,-0.5243769914215943,1.7129715404526202,0.7322292270107065,L,42.0,104.5,87.5,186.4,94.4
0.39017023001321044,0.41853415342173905,0.824965115991139,0.035098887319426265,L,42.2,106.7,91.0,180.7,85.3
-0.40033734531866627,0.14913096918078667,0.71591169544324,-0.04150884231697808,L,40.8,105.3,90.0,180.0,84.3
-2.0942821496012525,-1.0362430414794055,-0.45251781042712674,-1.4434302946631774,S,37.8,90.1,85.6,172.5,66.0
-0.1180132112715686,-0.47049635457340305,-0.0941994286268792,0.6786038162652231,XL,41.3,113.6,87.7,174.8,93.7
-0.6261966525563436,0.7687582929349764,0.1394864725471897,0.7092469081197843,XL,40.4,114.6,92.3,176.29999999999998,94.1
-0.5132669989375029,0.09525033233259542,-0.4057806301923103,-0.6007452686627296,M,40.6,102.4,89.8,172.8,77.0
-0.005083557652727914,-0.30885444402883316,-0.7173618317577458,0.6786038162652231,XL,41.5,112.2,88.3,170.79999999999998,93.7
-1.868422842363571,-1.9522138678986412,-1.5118938957495942,-1.343840246135852,S,38.2,94.2,82.2,165.7,67.3
-0.34387251850924594,-0.2819141256047356,-0.2188319092530534,-0.14109889084430352,L,40.9,105.4,88.4,174.0,83.0
-0.4568021721280826,0.12219065075669296,-1.0601011534797182,-0.5011552201354041,L,40.7,106.3,89.9,168.6,78.3
0.2772405763943698,-1.2517655888721666,-2.072740058567369,0.3951552166105269,L,42.0,111.4,84.8,162.1,90.0
-0.2874076916998256,-1.1978849520239754,-1.9481075779411952,-0.4475298093899209,M,41.0,103.9,85.0,162.9,79.0
0.9548184981074058,-0.36273508087702444,-0.7329408918360121,1.2761441074291768,XL,43.2,117.7,88.1,170.70000000000002,101.5
-0.17447803808098492,-0.4435560361493094,-0.5771502910532965,-2.102256769536255,S,41.2,91.6,87.8,171.70000000000002,57.4
-0.061548384462148255,0.041369695484404174,0.20180271286027682,-0.6390491334809317,S,41.4,94.6,89.6,176.7,76.5
0.7854240176791448,2.0349532588674535,1.4481275191220013,0.5407099029196956,L,42.9,109.4,97.0,184.7,91.9
-1.4167042278882163,1.0381614771759289,0.5601210946605244,-0.39390439864443766,M,39.0,102.4,93.3,179.0,79.7
-1.868422842363571,-0.5243769914215943,-0.8887314926187276,-0.8995154142447069,M,38.2,96.1,87.5,169.70000000000002,73.1
-0.2874076916998256,0.7687582929349764,0.06159117215583636,1.6591827556111987,XXL,41.0,120.9,92.3,175.8,106.5
-0.9085207866034413,-1.3595268625685453,-1.7300007368453925,-1.3285187002085708,L,39.9,105.3,84.4,164.3,67.5
-0.5132669989375029,-0.3896753993011181,-0.01630412823552585,-0.5394590849536063,L,40.6,106.4,88.0,175.29999999999998,77.8
0.39017023001321044,0.014429377060310465,0.07717023223410259,-0.8382292305355826,M,42.2,96.3,89.5,175.89999999999998,73.9
-0.6261966525563436,-0.9823624046312142,-0.0941994286268792,-0.5317983119899652,M,40.4,98.5,85.8,174.8,77.9
0.7289591908697245,1.4422662535373574,1.2455997381044737,2.7470125164481405,XXL,42.8,126.8,94.8,183.4,120.7
-0.34387251850924594,0.36465351657354783,-0.6550455914446587,-0.9914446898083913,S,40.9,95.6,90.8,171.2,71.9
1.5759315930110176,0.5532357455422152,0.513383914425708,0.17299280066495387,L,44.3,108.6,91.5,178.7,87.1
-0.4568021721280826,-0.8746011309348317,-1.6988426166888513,1.4216987937383456,XXL,40.7,124.2,86.2,164.5,103.4
-0.2874076916998256,-0.17415285190835697,0.014853991921019917,-0.27899280418983113,M,41.0,103.7,88.8,175.5,81.2
0.2772405763943698,-0.30885444402883316,0.17064459270373547,-0.31729666900803327,M,42.0,103.5,88.3,176.5,80.7
-1.868422842363571,-1.0093027230553078,-0.5771502910532965,-1.4127872028086153,S,38.2,92.2,85.7,171.70000000000002,66.4
2.1405798611052127,1.09204211402412,-0.07862036854860853,1.1765540589018515,XL,45.3,118.9,93.5,174.9,100.2
-1.3037745742693756,0.6071163823904066,0.06159117215583636,-0.4551905823535609,M,39.2,97.6,91.7,175.8,78.9
-1.9248876691729913,-1.6019897283854039,-2.337584079897984,-0.09513425306246134,L,38.1,105.7,83.5,160.4,83.6
-1.360239401078796,-0.5243769914215943,-0.12535754878342498,-0.7156568631173361,S,39.1,95.8,87.5,174.6,75.5
0.10784609596611276,0.499355108694024,-0.7017827716794708,0.2802436221559204,L,41.7,106.7,91.3,170.9,88.5
-1.0779152670316983,-0.2010931703324507,-1.527472955827865,-0.10279502602610134,L,39.6,107.6,88.7,165.6,83.5
1.2936074589639197,0.7148776560867851,-1.0912592736362596,1.2608225615018958,XL,43.8,119.1,92.1,168.4,101.3
1.2371426321545034,0.6879373376626915,0.4199095539560795,-1.0374093275902345,S,43.7,91.8,92.0,178.1,71.3
0.05138126915669242,-0.5782576282697856,-0.06304130847033786,-0.5547806308808874,M,41.6,102.9,87.3,175.0,77.6
-0.005083557652727914,-1.73669132050588,-0.26556908948786545,0.410476762537808,L,41.5,107.8,83.0,173.70000000000002,90.2
0.6724943640603082,0.8226389297831677,2.1336061625659504,-0.4168867175353587,S,42.7,94.9,92.5,189.1,79.4
-0.23094286489040525,0.5532357455422152,0.528962974503983,-0.04916961528061808,L,41.1,105.4,91.5,178.8,84.2
-0.8520559597940209,-0.7129592203902617,-0.5615712309750258,0.640299951447021,L,40.0,111.2,86.8,171.8,93.2
-1.9813524959824116,-2.0060945047468324,-1.776737917080209,-1.3898048839176942,M,38.0,96.4,82.0,164.0,66.7
2.0841150342957966,1.5230872088096423,1.276757858261015,1.4906457504111088,XXL,45.2,120.8,95.1,183.6,104.3
-0.8520559597940209,-1.9791541863227389,-2.337584079897984,-0.8612115494265048,M,40.0,102.4,82.1,160.4,73.6
-1.2473097474599593,-1.3864671809926428,-0.7329408918360121,-0.3019751230807522,L,39.3,105.8,84.3,170.70000000000002,80.9
-0.40033734531866627,-0.06639157821197449,-1.137996453871076,-0.14109889084430352,L,40.8,108.6,89.2,168.1,83.0
-0.23094286489040525,1.3883856166891662,1.339074098574102,-0.35560053382623547,L,41.1,104.3,94.6,184.0,80.2
-1.1343800938411186,-0.7129592203902617,-0.6706246515229294,-1.8571120346997607,XS,39.5,87.1,86.8,171.1,60.6
0.4466350568226268,1.172863069296405,0.824965115991139,-0.36326130678987656,L,42.3,104.2,93.8,180.7,80.1
-0.40033734531866627,-0.06639157821197449,-0.23441096933132408,-1.3821441109540542,M,40.8,98.6,89.2,173.9,66.8
0.5595647104414675,0.14913096918078667,-0.7952571321490992,-0.2866535771534722,L,42.5,104.1,90.0,170.3,81.1
-0.1180132112715686,-0.3896753993011181,0.24853989309509325,-1.9720236291543674,S,41.3,88.2,88.0,177.0,59.1
-0.17447803808098492,0.06831001390850171,-0.10977848870514988,0.5790137677378978,L,41.2,111.7,89.7,174.70000000000002,92.4
0.6160295372508878,1.2267437061445963,1.4637065792002764,0.6862645892288632,XL,42.6,117.0,94.0,184.8,93.8
0.16431092277552908,0.041369695484404174,0.528962974503983,-0.8688723223901448,M,41.8,98.1,89.6,178.8,73.5
1.8582557270581153,1.25368402456869,0.9340185365390425,0.2802436221559204,XL,44.8,112.8,94.1,181.4,88.5
0.6724943640603082,0.7956986113590739,-0.0007250681572507532,0.05042043324670735,M,42.7,103.8,92.4,175.4,85.5
-0.7391263061751803,-0.6590785835420705,-1.0912592736362596,-0.07215193417153917,L,40.2,105.3,87.0,168.4,83.9
-0.8520559597940209,-0.12027221506016574,0.1550655326254648,-1.3055363813176497,S,40.0,91.4,89.0,176.4,67.8
0.3337054032037901,-0.12027221506016574,-0.39020157011403966,-0.2866535771534722,L,42.1,104.4,89.0,172.9,81.1
0.503099883632047,-0.3896753993011181,-0.12535754878342498,0.6249784055197399,L,42.4,106.5,88.0,174.6,93.0
0.16431092277552908,-1.73669132050588,-1.028943033323177,-0.018526523426056995,L,41.8,107.5,83.0,168.79999999999998,84.6
-1.190844920650539,-1.1440043151757842,-0.39020157011403966,-0.914836960171987,M,39.4,96.8,85.2,172.9,72.9
0.3337054032037901,0.6071163823904066,1.2611787981827443,-1.9950059480452889,S,42.1,89.8,91.7,183.5,58.8
0.9548184981074058,1.0112211587518352,-0.23441096933132408,0.7092469081197843,XL,43.2,117.5,93.2,173.9,94.1
0.9548184981074058,0.8226389297831677,0.43548861403435013,1.1842148318654915,XL,43.2,114.7,92.5,178.2,100.3
-0.5132669989375029,-0.012510941363783242,-0.14093660886169565,-0.24068893937162894,M,40.6,102.6,89.4,174.5,81.7
0.2772405763943698,0.36465351657354783,-0.07862036854860853,-0.3402789878989544,L,42.0,106.6,90.8,174.9,80.4
-1.4731690546976366,-0.2010931703324507,-0.5304131108184845,-0.9071761872083469,M,38.9,100.8,88.7,172.0,73.0
-0.2874076916998256,-0.09333189663607203,-0.2967272096444112,-0.3402789878989544,M,41.0,99.2,89.1,173.5,80.4
-0.061548384462148255,1.2267437061445963,-0.06304130847033786,0.004455795464865179,L,41.4,104.8,94.0,175.0,84.9
0.503099883632047,1.1189824324482138,0.27969801325163457,1.3527518370655813,XL,42.4,117.3,93.6,177.2,102.5
0.7289591908697245,1.172863069296405,1.2144416179479323,0.1193673899194717,L,42.8,104.6,93.8,183.20000000000002,86.4
0.39017023001321044,1.3075646614168812,1.4948646993568178,1.8813451715567717,XL,42.2,117.0,94.3,185.0,109.4
-0.17447803808098492,-0.9284817677830229,-1.4028404752016908,0.2572613032649993,L,41.2,108.6,86.0,166.4,88.2
-1.529633881507057,-0.4435560361493094,-1.2314708143407045,0.6709430433015822,XL,38.8,112.2,87.8,167.5,93.6
0.10784609596611276,0.7148776560867851,0.824965115991139,0.5483706758833355,L,41.7,107.8,92.1,180.7,92.0
0.10784609596611276,-0.5243769914215943,0.17064459270373547,0.1040458439921906,L,41.7,108.7,87.5,176.5,86.2
1.5759315930110176,-0.012510941363783242,0.5912792148170701,0.09638507102854953,L,44.3,104.2,89.4,179.20000000000002,86.1
0.2772405763943698,1.4961468903855486,0.6380163950518821,0.9850347348108406,XXL,42.0,120.3,95.0,179.5,97.7
-0.1180132112715686,-0.3896753993011181,-0.01630412823552585,-1.0833739653720766,S,41.3,93.5,88.0,175.29999999999998,70.7
1.1242129785356627,2.573759627349358,0.965176656695584,0.9237485511017173,L,43.5,110.6,99.0,181.6,96.9
0.10784609596611276,-1.521168773113119,-2.399900320211071,-0.9991054627720324,L,41.7,104.2,83.8,160.0,71.8
0.05138126915669242,-1.3325865441444515,-1.5430520159061356,-1.1446601490812,M,41.6,97.8,84.5,165.5,69.9
-1.1343800938411186,-1.521168773113119,-2.275267839584897,-1.0527308735175156,M,39.5,97.7,83.8,160.8,71.1
0.4466350568226268,-0.09333189663607203,-0.01630412823552585,0.6939253621925043,L,42.3,109.8,89.1,175.29999999999998,93.9
0.16431092277552908,-0.766839857238453,-0.7796780720708285,0.08106352510126952,L,41.8,108.8,86.6,170.4,85.9
0.05138126915669242,0.6071163823904066,2.0712899222528636,0.33386903290140363,L,41.6,106.4,91.7,188.7,89.2
0.503099883632047,0.41853415342173905,0.4666467341908959,-0.7999253657173805,S,42.4,93.5,91.0,178.4,74.4
1.2371426321545034,-0.06639157821197449,0.37317237372126744,-1.6579319376451094,S,43.7,93.0,89.2,177.8,63.2
-0.9085207866034413,0.5801760639663089,1.915499321470148,0.49474526513785233,L,39.9,106.3,91.6,187.7,91.3
-1.3037745742693756,-0.4435560361493094,-0.3123062697226819,-1.0144270086993135,M,39.2,96.6,87.8,173.4,71.6
0.503099883632047,0.9304002034795501,0.8405441760694141,0.3874944436468869,M,42.4,102.9,92.9,180.8,89.9
0.7289591908697245,0.014429377060310465,0.9495975966173132,0.08106352510126952,M,42.8,100.4,89.5,181.5,85.9
0.503099883632047,0.6879373376626915,0.6068582748953364,-0.17174198269886568,M,42.4,101.9,92.0,179.29999999999998,82.6
-0.2874076916998256,-0.3357947624529269,0.06159117215583636,0.47942371921057125,L,41.0,106.5,88.2,175.8,91.1
1.2371426321545034,0.7687582929349764,0.27969801325163457,0.9084270051744362,XL,43.7,116.2,92.3,177.2,96.7
-0.7391263061751803,0.041369695484404174,-0.9354686728535441,-0.4551905823535609,L,40.2,105.5,89.6,169.4,78.9
-0.2874076916998256,-0.551317309845688,-1.4495776554365072,-0.8841938683174259,M,41.0,97.6,87.4,166.1,73.3
0.6160295372508878,-0.3896753993011181,-0.37462251003576896,0.4028159895741669,L,42.6,106.1,88.0,173.0,90.1
-1.5860987083164733,-1.6289300468094976,-1.574210136062677,-1.1906247868630433,S,38.7,95.6,83.4,165.3,69.3
-1.529633881507057,-0.8207204940866404,-0.01630412823552585,-0.24068893937162894,L,38.8,106.8,86.4,175.29999999999998,81.7
0.10784609596611276,-0.4435560361493094,-0.2188319092530534,-0.018526523426056995,L,41.7,108.2,87.8,174.0,84.6
-0.17447803808098492,-0.4435560361493094,-0.6706246515229294,-0.7386391820082572,S,41.2,95.2,87.8,171.1,75.2
0.5595647104414675,-0.12027221506016574,0.06159117215583636,0.7322292270107065,XL,42.5,114.2,89.0,175.8,94.4
-0.6826614793657639,0.25689224287716916,0.10832835239064836,-1.1906247868630433,S,40.3,94.8,90.4,176.1,69.3
-0.9085207866034413,0.5532357455422152,-0.45251781042712674,0.18065357362859497,L,39.9,111.9,91.5,172.5,87.2
0.9548184981074058,-0.8746011309348317,-0.8108361922273742,-0.7616215008991782,M,43.2,101.7,86.2,170.2,74.9
0.22077574958494942,0.6879373376626915,0.326435193486451,0.3874944436468869,L,41.9,107.4,92.0,177.5,89.9
-0.061548384462148255,-0.3357947624529269,-1.3093661147320623,0.1040458439921906,L,41.4,109.9,88.2,167.0,86.2
0.6160295372508878,0.2838325613012629,0.2173817729385519,-0.1794027556625057,M,42.6,103.5,90.5,176.8,82.5
0.10784609596611276,-0.5782576282697856,-1.0445220934014432,-0.3479397608625955,L,41.7,104.2,87.3,168.70000000000002,80.3
-0.7391263061751803,-0.2819141256047356,-0.8419943123839156,-0.8305684575719426,M,40.2,101.7,88.4,170.0,74.0
1.632396419820438,1.0112211587518352,-0.07862036854860853,0.9007662322107951,XL,44.4,117.1,93.2,174.9,96.6
-1.868422842363571,-1.1440043151757842,-0.6862037116012001,0.2342789843740782,L,38.2,108.8,85.2,171.0,87.9
1.463001939392181,1.09204211402412,2.6477151451489136,-0.700335317190055,M,44.1,98.6,93.5,192.4,75.7
2.0841150342957966,0.9573405219036438,-0.39020157011403966,0.2572613032649993,XL,45.2,115.7,93.0,172.9,88.2
-1.1343800938411186,-0.6590785835420705,-0.6394665313663837,-0.8841938683174259,M,39.5,99.4,87.0,171.3,73.3
-0.7391263061751803,-0.9823624046312142,-0.26556908948786545,-0.9071761872083469,M,40.2,99.3,85.8,173.70000000000002,73.0
1.2936074589639197,1.4961468903855486,-0.20325284917477832,2.2490622738115125,XXL,43.8,120.8,95.0,174.10000000000002,114.2
-1.0779152670316983,-0.5243769914215943,-1.8546332174715667,-0.5241375390263252,L,39.6,109.5,87.5,163.5,78.0
0.16431092277552908,0.5532357455422152,-0.1565156689399663,1.306787199283739,XL,41.8,118.7,91.5,174.4,101.9
-0.23094286489040525,0.09525033233259542,-0.14093660886169565,1.8890059445204117,XXL,41.1,123.8,89.8,174.5,109.5
-0.6826614793657639,-0.2010931703324507,-0.1565156689399663,-1.2365894246448854,S,40.3,93.9,88.7,174.4,68.7
-0.005083557652727914,0.014429377060310465,-0.32788532980095253,1.1382501940836494,XL,41.5,119.6,89.5,173.3,99.7
-0.4568021721280826,0.041369695484404174,0.49780485434743726,1.322108745211019,XL,40.7,113.5,89.6,178.6,102.1
0.9548184981074058,1.4961468903855486,0.6691745152084235,0.7781938647925486,L,43.2,111.7,95.0,179.7,95.0
0.5595647104414675,1.0381614771759289,1.0898091373217582,-0.07981270713518025,M,42.5,103.9,93.3,182.4,83.8
0.5595647104414675,-0.8207204940866404,-1.652105436454039,0.9314093240653574,XL,42.5,117.4,86.4,164.79999999999998,97.0
-0.17447803808098492,-1.1978849520239754,-1.979265698097741,-1.1599816950084811,M,41.2,97.3,85.0,162.7,69.7
0.10784609596611276,0.499355108694024,0.6068582748953364,1.2531617885382558,XL,41.7,114.7,91.3,179.29999999999998,101.2
-0.9649856134128616,-1.2517655888721666,-0.7952571321490992,-1.7115573483905926,XS,39.8,87.3,84.8,170.3,62.5
-0.23094286489040525,0.31077287972535655,0.8717022962259554,1.551931934120232,XL,41.1,115.9,90.6,181.0,105.1
1.7453260734392786,1.172863069296405,1.7752877807657075,0.3798336706832458,L,44.6,104.4,93.8,186.8,89.8
0.16431092277552908,-1.3325865441444515,-0.8731524325404614,0.5024060381014934,XL,41.8,113.0,84.5,169.79999999999998,91.4
-0.5132669989375029,-0.012510941363783242,-0.5304131108184845,-0.3326182149353144,L,40.6,105.6,89.4,172.0,80.5
0.7854240176791448,0.2838325613012629,-0.03188318831379652,-0.6007452686627296,M,42.9,100.4,90.5,175.2,77.0
0.4466350568226268,-0.6590785835420705,-1.1224173937928055,1.0080170537017616,L,42.3,110.8,87.0,168.2,98.0
-0.1180132112715686,0.3377131981494541,1.5416018795916342,1.314447972247379,L,41.3,110.6,90.7,185.3,102.0
-1.0779152670316983,-0.3357947624529269,0.35759331364299235,-0.5011552201354041,M,39.6,101.9,88.2,177.7,78.3
0.2772405763943698,-1.0362430414794055,-0.4057806301923103,-0.36326130678987656,L,42.0,105.6,85.6,172.8,80.1
0.6160295372508878,0.8495792482072614,-0.4369387503488561,0.48708449217421235,XL,42.6,112.0,92.6,172.6,91.2
-0.1180132112715686,-0.9823624046312142,-1.6053682562192226,-0.470512128280842,L,41.3,109.3,85.8,165.1,78.7
-1.021450440222278,-1.1978849520239754,-1.247049874418975,-1.8494512617361203,S,39.7,94.3,85.0,167.4,60.7
-0.5697318257469233,-0.17415285190835697,-0.01630412823552585,-0.3862436256807976,M,40.5,102.3,88.8,175.29999999999998,79.8
-0.23094286489040525,0.9034598850554526,-0.5148340507402094,1.2455010155746147,XL,41.1,115.3,92.8,172.10000000000002,101.1
0.2772405763943698,0.2838325613012629,0.45106767411262083,0.31854748697412255,L,42.0,104.2,90.5,178.29999999999998,89.0
-0.8520559597940209,-0.9284817677830229,-0.3434643898792276,-1.2136071057539644,M,40.0,96.2,86.0,173.2,69.0
-0.17447803808098492,-0.6590785835420705,0.513383914425708,-1.2595717435358065,M,41.2,97.4,87.0,178.7,68.4
-0.6826614793657639,0.9573405219036438,0.18622365278200614,1.8123982148840072,XL,40.3,118.3,93.0,176.6,108.5
-0.6261966525563436,-0.766839857238453,-0.4836759305836681,-1.4817341594813795,M,40.4,96.4,86.6,172.3,65.5
-0.061548384462148255,-0.7937801756625467,0.04601211207756126,-0.39390439864443766,M,41.4,97.7,86.5,175.7,79.7
-1.1343800938411186,-0.25497380718064194,-0.8419943123839156,-0.026187296389696996,M,39.5,101.7,88.5,170.0,84.5
-1.5860987083164733,-1.655870365233595,-0.06304130847033786,-2.071613677681693,XS,38.7,85.3,83.3,175.0,57.8
-0.005083557652727914,-0.3896753993011181,-1.8234750973150253,0.8701231403562341,XL,41.5,115.9,88.0,163.7,96.2
-0.34387251850924594,0.31077287972535655,0.29527707332990527,0.5560314488469756,XL,40.9,112.1,90.6,177.29999999999998,92.1
1.011283324916822,0.014429377060310465,-0.8108361922273742,1.8736843985931306,XXL,43.3,125.3,89.5,170.2,109.3
0.05138126915669242,1.0381614771759289,0.6847535752866986,0.31854748697412255,L,41.6,108.4,93.3,179.8,89.0
0.10784609596611276,1.09204211402412,0.6535954551301528,0.18831434659223495,M,41.7,103.8,93.5,179.6,87.3
-1.1343800938411186,-0.7129592203902617,-0.5771502910532965,-0.6160668145900107,M,39.5,101.7,86.8,171.70000000000002,76.8
-0.6261966525563436,-0.3357947624529269,-0.5615712309750258,-0.22536739344434786,M,40.4,100.9,88.2,171.8,81.9
0.6160295372508878,0.6609970192385978,1.3234950384958315,-0.21004584751706787,L,42.6,104.4,91.9,183.9,82.1
-2.1507469764106686,-0.7937801756625467,-2.103898178723911,-1.2059463327903244,M,37.7,99.0,86.5,161.9,69.1
0.4466350568226268,0.14913096918078667,0.5601210946605244,0.49474526513785233,L,42.3,111.4,90.0,179.0,91.3
1.7453260734392786,1.6308484825060248,2.1647642827224964,0.2572613032649993,L,44.6,106.6,95.5,189.3,88.2
-0.005083557652727914,-0.09333189663607203,0.824965115991139,0.09638507102854953,L,41.5,104.9,89.1,180.7,86.1
0.8418888444885652,0.5262954271181215,-0.12535754878342498,1.7970766689567261,XL,43.0,117.1,91.4,174.6,108.3
-2.658930417695448,0.20301160602897791,0.09274929231237769,-0.9991054627720324,S,36.8,95.2,90.2,176.0,71.8
-0.17447803808098492,0.9034598850554526,1.074230077243483,1.6898258474657608,XXL,41.2,120.0,92.8,182.29999999999998,106.9
-1.868422842363571,-0.4974366729975006,-1.262628934497246,0.2649220762286393,L,38.2,110.6,87.6,167.3,88.3
-0.005083557652727914,-0.4435560361493094,-0.4680968705053974,0.1040458439921906,L,41.5,108.3,87.8,172.4,86.2
-0.34387251850924594,-0.5243769914215943,0.04601211207756126,1.521288842265671,L,40.9,109.7,87.5,175.7,104.7
-1.1343800938411186,-0.9823624046312142,-1.636526376375764,-1.2748932894630876,M,39.5,99.0,85.8,164.9,68.2
0.5595647104414675,0.17607128760488036,-0.5615712309750258,0.21895743844679713,L,42.5,108.7,90.1,171.8,87.7
0.7289591908697245,0.9573405219036438,0.5445420345822537,-0.5547806308808874,M,42.8,102.4,93.0,178.9,77.6
0.8983536712979855,0.39159383499764533,-1.324945174810333,-0.7309784090446172,M,43.1,103.2,90.9,166.9,75.3
-1.4731690546976366,-1.2517655888721666,-0.3434643898792276,0.5790137677378978,L,38.9,111.2,84.8,173.2,92.4
-0.7955911329846006,0.9304002034795501,1.432548459043735,-0.6237275875536507,M,40.1,103.8,92.9,184.60000000000002,76.7
0.7854240176791448,-1.2787059072962603,-0.26556908948786545,-0.07215193417153917,M,42.9,101.1,84.7,173.70000000000002,83.9
-0.7955911329846006,-0.6590785835420705,-0.7485199519142872,0.15001048177403278,L,40.1,109.5,87.0,170.6,86.8
1.011283324916822,2.223535487836121,1.728550600530891,1.988595993047737,XL,43.3,114.4,97.7,186.5,110.8
1.0677481517262424,1.6308484825060248,1.6194971799829918,-0.6620314523718528,M,43.4,97.6,95.5,185.8,76.2
0.6160295372508878,-0.03945125978788078,0.71591169544324,0.9160877781380763,XL,42.6,114.7,89.3,180.0,96.8
-0.6261966525563436,-0.3896753993011181,0.10832835239064836,1.2378402426109747,L,40.4,111.8,88.0,176.1,101.0
-1.2473097474599593,0.39159383499764533,0.8561232361476848,1.2531617885382558,L,39.3,108.3,90.9,180.9,101.2
0.05138126915669242,-1.0362430414794055,-1.2314708143407045,0.16533202770131386,XL,41.6,115.8,85.6,167.5,87.0
0.9548184981074058,0.41853415342173905,0.35759331364299235,1.0003562807381217,XL,43.2,114.2,91.0,177.7,97.9
0.3337054032037901,1.09204211402412,0.9963347768521297,1.4523418855929067,XL,42.1,115.5,93.5,181.8,103.8
0.5595647104414675,0.6879373376626915,0.24853989309509325,0.32620825993776253,L,42.5,106.6,92.0,177.0,89.1
-1.5860987083164733,-2.2216170521395937,-1.3405242348886082,-0.7846038197901004,M,38.7,99.6,81.2,166.79999999999998,74.6
-1.5860987083164733,-1.1978849520239754,-0.2188319092530534,-0.06449116120789916,L,38.7,105.6,85.0,174.0,84.0
0.8418888444885652,0.06831001390850171,0.5601210946605244,-0.7539607279355383,M,43.0,98.9,89.7,179.0,75.0
1.5194667662016013,0.7418179745108827,-0.7173618317577458,1.973274447120456,XXL,44.2,126.3,92.2,170.79999999999998,110.6
-1.190844920650539,-0.5243769914215943,-1.0912592736362596,-0.9301585060992681,M,39.4,98.9,87.5,168.4,72.7
-0.061548384462148255,0.7418179745108827,1.1521253776348452,0.2572613032649993,M,41.4,100.4,92.2,182.8,88.2
-2.7718600713142845,-1.3864671809926428,-1.1224173937928055,-1.4204479757722563,XS,36.6,87.7,84.3,168.2,66.3
0.5595647104414675,-0.06639157821197449,0.7938069958345977,0.027438114355786265,L,42.5,106.2,89.2,180.5,85.2
-0.17447803808098492,-0.847660812510738,-1.3716823550451493,-0.8765330953537848,M,41.2,98.1,86.3,166.6,73.4
0.9548184981074058,-0.012510941363783242,-0.42135969027058096,-1.2365894246448854,M,43.2,97.4,89.4,172.70000000000002,68.7
0.8418888444885652,1.4961468903855486,1.1521253776348452,0.5866745407015378,L,43.0,111.9,95.0,182.8,92.5
-1.3037745742693756,-0.9823624046312142,-1.1068383337145302,-0.6620314523718528,M,39.2,102.0,85.8,168.3,76.2
-0.7391263061751803,-0.6590785835420705,-0.7017827716794708,-0.3402789878989544,L,40.2,106.3,87.0,170.9,80.4
-0.1180132112715686,-1.1978849520239754,-0.9043105526970028,0.5560314488469756,XL,41.3,112.8,85.0,169.6,92.1
-0.23094286489040525,0.014429377060310465,0.5601210946605244,0.5024060381014934,M,41.1,102.1,89.5,179.0,91.4
1.011283324916822,0.9573405219036438,0.6380163950518821,-0.4015651716080787,M,43.3,99.4,93.0,179.5,79.6
-0.9085207866034413,-1.2517655888721666,-0.28114814956614054,-0.7846038197901004,M,39.9,97.2,84.8,173.6,74.6
0.7289591908697245,0.014429377060310465,0.37317237372126744,-0.9378192790629092,S,42.8,93.0,89.5,177.8,72.6
0.10784609596611276,0.5532357455422152,0.2641189531733639,-1.2365894246448854,S,41.7,91.5,91.5,177.1,68.7
0.7289591908697245,1.6577888009301185,1.41696939896546,0.33386903290140363,L,42.8,104.2,95.6,184.5,89.2
-0.1180132112715686,-0.17415285190835697,-0.24999002940959475,-1.2136071057539644,S,41.3,93.6,88.8,173.8,69.0
-1.529633881507057,-1.521168773113119,-0.6862037116012001,-1.2748932894630876,S,38.8,94.0,83.8,171.0,68.2
-0.17447803808098492,-0.3896753993011181,-1.6988426166888513,-0.700335317190055,L,41.2,108.8,88.0,164.5,75.7
-0.1180132112715686,-0.25497380718064194,-0.8419943123839156,-0.1640812097352246,M,41.3,103.6,88.5,170.0,82.7
-1.868422842363571,-0.5243769914215943,-1.0445220934014432,-0.36326130678987656,M,38.2,100.1,87.5,168.70000000000002,80.1
0.39017023001321044,0.6071163823904066,0.8717022962259554,0.6249784055197399,M,42.2,101.1,91.7,181.0,93.0
-1.3037745742693756,-1.89833323105045,-0.4992549906619432,-0.677352998299134,S,39.2,95.3,82.4,172.2,76.0
0.39017023001321044,1.4153259351132637,0.528962974503983,0.7781938647925486,L,42.2,108.3,94.7,178.8,95.0
-0.1180132112715686,-0.551317309845688,0.4666467341908959,-1.2059463327903244,S,41.3,91.4,87.4,178.4,69.1
0.10784609596611276,0.20301160602897791,0.4043304938778088,-0.2866535771534722,M,41.7,101.2,90.2,178.0,81.1
0.4466350568226268,0.5262954271181215,0.35759331364299235,-0.010865750462415908,L,42.3,106.7,91.4,177.7,84.7
-1.6425635351258936,-0.12027221506016574,-0.12535754878342498,-0.9071761872083469,M,38.6,98.3,89.0,174.6,73.0
0.503099883632047,0.9034598850554526,0.326435193486451,-0.4398690364262809,M,42.4,103.5,92.8,177.5,79.1
1.35007228577334,1.9002516667469773,0.31085613340818036,0.877783913319874,XL,43.9,113.6,96.5,177.4,96.3
0.9548184981074058,0.2299519244530716,-0.2967272096444112,1.536610388192952,XXL,43.2,123.8,90.3,173.5,104.9
-0.6826614793657639,-0.8746011309348317,-0.0941994286268792,0.16533202770131386,M,40.3,102.7,86.2,174.8,87.0
-0.9649856134128616,-0.9015414493589292,-0.7796780720708285,-1.098695511299358,S,39.8,95.1,86.1,170.4,70.5
0.503099883632047,0.8226389297831677,-0.4057806301923103,0.9926955077744806,XL,42.4,117.2,92.5,172.8,97.8
1.0677481517262424,1.4692065719614549,0.20180271286027682,1.4600026585565478,XL,43.4,118.3,94.9,176.7,103.9
0.9548184981074058,0.4724147902699303,-0.5459921708967552,0.9237485511017173,XL,43.2,117.1,91.2,171.9,96.9
0.6724943640603082,2.1157742141397384,1.9310783815484185,-0.5011552201354041,M,42.7,97.5,97.3,187.79999999999998,78.3
-1.021450440222278,-0.25497380718064194,-0.7952571321490992,-0.09513425306246134,L,39.7,107.4,88.5,170.3,83.6
-0.9085207866034413,-1.1440043151757842,-0.4369387503488561,-1.1829640138994022,S,39.9,95.6,85.2,172.6,69.4
-0.17447803808098492,-0.3896753993011181,-0.7952571321490992,0.8394800485016719,XL,41.2,114.4,88.0,170.3,95.8
0.7854240176791448,-0.30885444402883316,-0.8264152523056449,0.7398899999743465,XL,42.9,112.9,88.3,170.1,94.5
-1.190844920650539,-0.14721253348425944,0.528962974503983,-0.31729666900803327,M,39.4,102.0,88.9,178.8,80.7
-1.1343800938411186,0.8226389297831677,0.6691745152084235,0.48708449217421235,L,39.5,106.8,92.5,179.7,91.2
-0.6261966525563436,0.5532357455422152,0.27969801325163457,0.012116568428505179,M,40.4,103.8,91.5,177.2,85.0
-0.7955911329846006,-1.1978849520239754,-1.5118938957495942,-0.7999253657173805,M,40.1,100.7,85.0,165.7,74.4
1.4065371125827604,0.9842808403277375,0.49780485434743726,1.0080170537017616,L,44.0,107.6,93.1,178.6,98.0
-0.17447803808098492,1.1189824324482138,-0.17209472901823697,0.5943353136651778,L,41.2,108.1,93.6,174.3,92.6
-0.005083557652727914,0.14913096918078667,-0.04746224839206719,-0.04150884231697808,L,41.5,110.9,90.0,175.1,84.3
-0.5697318257469233,-0.09333189663607203,-0.8731524325404614,-0.5088159930990441,M,40.5,102.3,89.1,169.79999999999998,78.2
0.16431092277552908,0.5262954271181215,-0.4992549906619432,0.9237485511017173,XL,41.8,116.7,91.4,172.2,96.9
-1.021450440222278,-1.6019897283854039,-1.4184195352799613,0.15767125473767388,L,39.7,108.6,83.5,166.3,86.9
-0.1180132112715686,0.8226389297831677,0.9184394764607675,0.8241585025743908,L,41.3,109.6,92.5,181.29999999999998,95.6
0.503099883632047,0.5262954271181215,0.4666467341908959,0.21129666548315604,M,42.4,103.7,91.4,178.4,87.6
-1.1343800938411186,0.9573405219036438,1.5571809396699048,0.33386903290140363,M,39.5,100.7,93.0,185.4,89.2
-0.40033734531866627,-0.7937801756625467,-1.574210136062677,-1.8341297158088397,S,40.8,93.4,86.5,165.3,60.9
0.05138126915669242,-0.6590785835420705,-0.8419943123839156,-0.4015651716080787,L,41.6,106.0,87.0,170.0,79.6
-1.6425635351258936,-0.9554220862071167,-0.3123062697226819,-0.8152469116446616,M,38.6,99.3,85.9,173.4,74.2
0.3337054032037901,-0.03945125978788078,-0.26556908948786545,0.8164977296107508,L,42.1,110.6,89.3,173.70000000000002,95.5
-0.23094286489040525,0.6879373376626915,1.3079159784175607,0.7935154107198297,L,41.1,105.3,92.0,183.8,95.2
-0.2874076916998256,0.041369695484404174,-0.8575733724621863,-0.003204977498775909,XL,41.0,112.5,89.6,169.9,84.8
1.801790900248699,1.3614452982650724,0.7938069958345977,0.17299280066495387,L,44.7,109.9,94.5,180.5,87.1
1.180677805345083,0.5262954271181215,1.1832834977913866,1.4753242044838277,XL,43.6,115.8,91.4,183.0,104.1
-1.360239401078796,-1.817512275778165,0.1550655326254648,-1.4281087487358963,S,39.1,90.8,82.7,176.4,66.2
0.16431092277552908,-1.0362430414794055,-0.4680968705053974,-0.21004584751706787,L,41.8,105.5,85.6,172.4,82.1
0.16431092277552908,-0.3896753993011181,0.014853991921019917,-0.03384806935333699,L,41.8,104.7,88.0,175.5,84.4
0.503099883632047,1.0651017956000264,0.9963347768521297,0.21129666548315604,L,42.4,106.2,93.4,181.8,87.6
0.6724943640603082,0.7956986113590739,0.8405441760694141,-0.37092207975351654,M,42.7,99.4,92.4,180.8,80.0
2.366439168342894,2.3582370799565973,2.5386617246010146,1.0386601455563238,XL,45.7,113.0,98.2,191.70000000000002,98.4
-0.1180132112715686,-0.22803348875654822,0.2641189531733639,-0.470512128280842,S,41.3,95.5,88.6,177.1,78.7
0.4466350568226268,-0.14721253348425944,0.762648875678052,0.7935154107198297,L,42.3,109.7,88.9,180.29999999999998,95.2
-0.6826614793657639,-0.6590785835420705,0.5912792148170701,-1.3208579272449308,S,40.3,89.9,87.0,179.20000000000002,67.6
0.05138126915669242,-0.30885444402883316,0.030433051999290587,-1.2672325164994476,M,41.6,97.3,88.3,175.6,68.3
0.5595647104414675,0.4724147902699303,0.4043304938778088,-0.05683038824425917,M,42.5,103.8,91.2,178.0,84.1
-0.061548384462148255,0.9034598850554526,0.5912792148170701,-0.1564204367715846,M,41.4,101.6,92.8,179.20000000000002,82.8
0.8418888444885652,1.4961468903855486,1.6973924803743496,0.6786038162652231,L,43.0,108.3,95.0,186.3,93.7
-0.7391263061751803,1.09204211402412,1.027492897008671,1.6208788907929965,XL,40.2,115.8,93.5,182.0,106.0
-0.5132669989375029,0.09525033233259542,0.6847535752866986,0.15767125473767388,L,40.6,106.6,89.8,179.8,86.9
0.7289591908697245,0.6071163823904066,2.4763454842879273,0.035098887319426265,M,42.8,101.4,91.7,191.3,85.3
0.39017023001321044,-0.551317309845688,-0.9822058530883605,-0.7309784090446172,M,42.2,103.4,87.4,169.1,75.3
0.7854240176791448,0.7418179745108827,1.0586510171652168,0.647960724410661,L,42.9,108.9,92.2,182.20000000000002,93.3
-0.005083557652727914,-0.3896753993011181,-0.5615712309750258,0.004455795464865179,L,41.5,105.3,88.0,171.8,84.9
0.6724943640603082,0.499355108694024,0.5445420345822537,0.8318192755380319,L,42.7,111.6,91.3,178.9,95.7
-0.6826614793657639,-0.9823624046312142,-1.247049874418975,-0.7156568631173361,M,40.3,101.4,85.8,167.4,75.5
-0.6826614793657639,0.31077287972535655,-0.9666267930100898,-0.5777629497718085,L,40.3,107.7,90.6,169.2,77.3
-0.6826614793657639,-0.03945125978788078,0.778227935756327,-0.8688723223901448,M,40.3,101.0,89.3,180.4,73.5
-0.40033734531866627,0.499355108694024,0.71591169544324,0.004455795464865179,M,40.8,101.8,91.3,180.0,84.9
2.4229039951523106,1.6308484825060248,1.681813420296079,1.2378402426109747,L,45.8,109.9,95.5,186.20000000000002,101.0
-1.5860987083164733,-1.2517655888721666,-1.3561032949668743,-0.8229076846083027,M,38.7,103.2,84.8,166.70000000000002,74.1
0.39017023001321044,-1.9252735494745474,-1.8857913376281081,-0.5777629497718085,L,42.2,105.4,82.3,163.3,77.3
-1.1343800938411186,-0.14721253348425944,-1.262628934497246,-0.11811657195338243,XL,39.5,112.6,88.9,167.3,83.3
1.5194667662016013,1.6308484825060248,2.211501462957308,0.7398899999743465,M,44.2,103.2,95.5,189.6,94.5
0.6724943640603082,1.1998033877205025,1.1209672574782994,1.0386601455563238,XL,42.7,113.3,93.9,182.6,98.4
-1.4731690546976366,-0.551317309845688,-1.1535755139493467,-0.7846038197901004,L,38.9,104.1,87.4,168.0,74.6
1.6888612466298583,1.0381614771759289,0.7003326353649693,0.5253883569924145,L,44.5,104.8,93.3,179.9,91.7
0.16431092277552908,0.14913096918078667,0.6068582748953364,0.2649220762286393,L,41.8,108.7,90.0,179.29999999999998,88.3
0.4466350568226268,1.4153259351132637,1.027492897008671,1.2838048803928168,XL,42.3,115.4,94.7,182.0,101.6
-0.1180132112715686,-0.12027221506016574,0.528962974503983,-1.3668225650267731,S,41.3,92.7,89.0,178.8,67.0
-0.7391263061751803,-0.6590785835420705,-0.7173618317577458,-0.9378192790629092,M,40.2,99.0,87.0,170.79999999999998,72.6
2.4793688219617307,2.304356443108406,1.8376040210787945,2.5784755112480506,XXL,45.9,124.2,98.0,187.20000000000002,118.5
0.7854240176791448,0.6879373376626915,2.227080523035579,-0.1487596638079435,L,42.9,104.1,92.0,189.7,82.9
-0.7391263061751803,-0.4435560361493094,-0.23441096933132408,-0.4781729012444831,S,40.2,95.8,87.8,173.9,78.6
0.4466350568226268,0.36465351657354783,-0.7485199519142872,-0.5164767660626852,M,42.3,99.4,90.8,170.6,78.1
-0.5697318257469233,-0.5243769914215943,-0.07862036854860853,-1.0374093275902345,M,40.5,96.2,87.5,174.9,71.3
0.7854240176791448,-0.6051979466938793,-0.5148340507402094,-0.1334381178806635,M,42.9,102.4,87.2,172.10000000000002,83.1
1.4065371125827604,0.4724147902699303,1.3079159784175607,-0.5930844956990896,L,44.0,104.7,91.2,183.8,77.1
-0.9649856134128616,-0.30885444402883316,-0.623887471288113,-0.8995154142447069,M,39.8,99.4,88.3,171.4,73.1
0.2772405763943698,0.12219065075669296,-1.1068383337145302,-0.5624414038445275,L,42.0,104.3,89.9,168.3,77.5
-1.021450440222278,-1.4134074994167365,-1.028943033323177,-0.9301585060992681,M,39.7,101.2,84.2,168.79999999999998,72.7
0.05138126915669242,-0.7398995388143554,-0.9043105526970028,-0.6926745442264151,M,41.6,102.0,86.7,169.6,75.8
1.011283324916822,0.4454744718458328,0.4043304938778088,0.3798336706832458,L,43.3,106.0,91.1,178.0,89.8
-0.23094286489040525,1.4422662535373574,-0.0941994286268792,0.16533202770131386,L,41.1,108.6,94.8,174.8,87.0
-1.0779152670316983,-1.3595268625685453,-1.3093661147320623,-1.3668225650267731,S,39.6,94.5,84.4,167.0,67.0
-0.4568021721280826,0.6879373376626915,0.8872813563042261,-0.010865750462415908,M,40.7,100.5,92.0,181.1,84.7
0.4466350568226268,0.4454744718458328,0.4199095539560795,1.2608225615018958,XL,42.3,117.2,91.1,178.1,101.3
-1.4167042278882163,-0.36273508087702444,0.1550655326254648,-0.35560053382623547,M,39.0,98.7,88.1,176.4,80.2
-0.061548384462148255,-1.4942284546890214,-1.4495776554365072,-1.1599816950084811,S,41.4,93.7,83.9,166.1,69.7
-1.360239401078796,-1.0093027230553078,-0.26556908948786545,0.7552115459016275,L,39.1,107.6,85.7,173.70000000000002,94.7
1.011283324916822,0.41853415342173905,-0.8108361922273742,-0.4398690364262809,M,43.3,102.7,91.0,170.2,79.1
-0.005083557652727914,-1.1978849520239754,-1.8390541573932961,-0.8612115494265048,M,41.5,99.6,85.0,163.6,73.6
0.10784609596611276,-0.847660812510738,-0.7017827716794708,0.05042043324670735,XL,41.7,114.3,86.3,170.9,85.5
1.9147205538675356,0.9573405219036438,-0.6862037116012001,1.4370203396656256,XL,44.9,114.7,93.0,171.0,103.6
-0.6261966525563436,-0.41661571772521183,-1.324945174810333,-0.685013771262774,M,40.4,102.4,87.9,166.9,75.9
0.16431092277552908,1.1459227508723113,0.5601210946605244,0.640299951447021,L,41.8,109.8,93.7,179.0,93.2
0.6724943640603082,0.7956986113590739,0.5912792148170701,0.8164977296107508,XL,42.7,112.8,92.4,179.20000000000002,95.5
-1.4167042278882163,-1.1978849520239754,-0.9043105526970028,-1.4357695216995374,S,39.0,95.9,85.0,169.6,66.1
0.503099883632047,0.17607128760488036,0.4666467341908959,0.6709430433015822,L,42.4,110.1,90.1,178.4,93.6
0.503099883632047,-0.25497380718064194,0.20180271286027682,0.1270281628831117,L,42.4,109.4,88.5,176.7,86.5
-0.9085207866034413,-0.2010931703324507,-1.3716823550451493,-0.49349444717176305,L,39.9,106.2,88.7,166.6,78.4
-0.5697318257469233,-1.1440043151757842,-0.5148340507402094,-0.9531408249901892,M,40.5,96.3,85.2,172.10000000000002,72.4
-1.3037745742693756,-2.113855778443215,-1.7144216767671263,-0.8535507764628637,M,39.2,100.7,81.6,164.39999999999998,73.7
-0.7391263061751803,-0.6051979466938793,-0.4680968705053974,-0.07981270713518025,L,40.2,107.7,87.2,172.4,83.8
-0.17447803808098492,-1.1978849520239754,-1.6832635566105805,-0.4322082634626398,L,41.2,109.3,85.0,164.6,79.2
-0.1180132112715686,0.06831001390850171,0.2641189531733639,-1.13699937611756,M,41.3,97.3,89.7,177.1,70.0
0.10784609596611276,0.06831001390850171,0.4199095539560795,0.2879043951195604,L,41.7,107.8,89.7,178.1,88.6
-1.021450440222278,-1.3325865441444515,-0.8419943123839156,-1.114017057226639,M,39.7,103.2,84.5,170.0,70.3
-0.4568021721280826,0.8495792482072614,0.4043304938778088,-0.7539607279355383,M,40.7,101.6,92.6,178.0,75.0
0.7289591908697245,0.7956986113590739,0.06159117215583636,0.8011761836834698,XL,42.8,114.7,92.4,175.8,95.3
-0.23094286489040525,1.2806243429927875,0.9963347768521297,-0.48583367420812307,M,41.1,102.8,94.2,181.8,78.5
0.6724943640603082,0.014429377060310465,-0.7952571321490992,1.0080170537017616,L,42.7,110.1,89.5,170.3,98.0
-0.6261966525563436,-1.1978849520239754,-0.7485199519142872,-1.0067662357356724,M,40.4,96.4,85.0,170.6,71.7
-0.7391263061751803,0.31077287972535655,-0.4369387503488561,-1.581324208008705,M,40.2,96.8,90.6,172.6,64.2
0.6724943640603082,0.06831001390850171,0.1394864725471897,-0.49349444717176305,L,42.7,104.4,89.7,176.29999999999998,78.4
-2.32014145683893,-1.2517655888721666,-1.589789196140952,-0.8765330953537848,M,37.4,101.0,84.8,165.2,73.4
0.8418888444885652,0.9573405219036438,0.7938069958345977,1.1612325129745704,L,43.0,108.8,93.0,180.5,100.0
1.8582557270581153,1.4961468903855486,1.868762141235336,0.8701231403562341,L,44.8,106.4,95.0,187.4,96.2
-0.23094286489040525,0.6879373376626915,0.965176656695584,-0.3019751230807522,M,41.1,103.1,92.0,181.6,80.9
0.05138126915669242,-0.17415285190835697,-0.2188319092530534,-0.4398690364262809,M,41.6,101.0,88.8,174.0,79.1
-0.17447803808098492,-1.817512275778165,-1.137996453871076,-1.2902148353903686,S,41.2,95.3,82.7,168.1,68.0
-1.1343800938411186,-2.0330348231709263,-1.5430520159061356,-1.4740733865177396,M,39.5,96.9,81.9,165.5,65.6
-1.3037745742693756,-1.1170639967516904,0.1394864725471897,-0.05683038824425917,M,39.2,101.2,85.3,176.29999999999998,84.1
-0.8520559597940209,-0.6051979466938793,-0.12535754878342498,-1.9950059480452889,S,40.0,88.4,87.2,174.6,58.8
-0.005083557652727914,-0.7129592203902617,-0.32788532980095253,-0.8458900034992237,M,41.5,96.9,86.8,173.3,73.8
-0.2874076916998256,-0.17415285190835697,0.04601211207756126,-1.351501019099492,S,41.0,93.4,88.8,175.7,67.2
-0.9649856134128616,-0.25497380718064194,-0.7952571321490992,-0.8535507764628637,S,39.8,95.7,88.5,170.3,73.7
-0.7955911329846006,-0.4974366729975006,-0.5615712309750258,-0.003204977498775909,L,40.1,108.6,87.6,171.8,84.8
0.503099883632047,0.36465351657354783,1.8220249610005195,-0.4322082634626398,S,42.4,92.5,90.8,187.1,79.2
-0.34387251850924594,-0.6590785835420705,-0.4057806301923103,0.07340275213762844,L,40.9,105.4,87.0,172.8,85.8
-1.190844920650539,-0.09333189663607203,0.528962974503983,-0.003204977498775909,M,39.4,100.3,89.1,178.8,84.8
-1.7554931887447343,-0.7937801756625467,-1.028943033323177,-1.3285187002085708,S,38.4,95.4,86.5,168.79999999999998,67.5
0.7289591908697245,0.2299519244530716,0.17064459270373547,0.36451212475596473,L,42.8,107.2,90.3,176.5,89.6
-0.4568021721280826,-0.9284817677830229,-0.9977849131666312,-0.12577734491702242,L,40.7,104.5,86.0,169.0,83.2
0.22077574958494942,-0.551317309845688,-0.5615712309750258,-0.8995154142447069,M,41.9,98.4,87.4,171.8,73.1
1.5194667662016013,1.6308484825060248,1.1521253776348452,1.0463209185199638,XL,44.2,114.4,95.5,182.8,98.5
